,,group,reference,name,stat,meanchange,pval,padj,cell_type
CD4 Naive,0,Tofacitinib,DMSO control,JAK-STAT,-35.039433625293086,-0.5204905655542098,5.64831534410726e-269,7.907641481750164e-268,CD4 Naive
CD4 Naive,1,Tofacitinib,DMSO control,MAPK,25.20601017657603,0.34358657802619863,3.4418078915935394e-140,2.4092655241154778e-139,CD4 Naive
CD4 Naive,2,Tofacitinib,DMSO control,EGFR,24.096495155743586,0.35814845433950104,2.720402570361697e-128,1.2695211995021254e-127,CD4 Naive
CD4 Naive,3,Tofacitinib,DMSO control,Estrogen,15.661215711613778,0.2014186915267051,2.7852184983099504e-55,9.748264744084826e-55,CD4 Naive
CD4 Naive,4,Tofacitinib,DMSO control,VEGF,12.626802564211333,0.17382187181431163,1.5026077305328606e-36,4.20730164549201e-36,CD4 Naive
CD4 Naive,5,Tofacitinib,DMSO control,TNFa,-12.3130696870161,-0.18076357915330155,7.703637741647354e-35,1.7975154730510494e-34,CD4 Naive
CD4 Naive,6,Tofacitinib,DMSO control,p53,-10.873233106127184,-0.14086217415756774,1.5462250357405125e-27,3.092450071481025e-27,CD4 Naive
CD4 Naive,7,Tofacitinib,DMSO control,TGFb,10.026890724840095,0.0993599575633708,1.1611559018136985e-23,2.0320228281739725e-23,CD4 Naive
CD4 Naive,8,Tofacitinib,DMSO control,PI3K,9.894336340288547,0.15540916500190805,4.4052249867349837e-23,6.852572201587753e-23,CD4 Naive
CD4 Naive,9,Tofacitinib,DMSO control,Trail,7.930351423435726,0.08380914402946149,2.185266115531961e-15,3.059372561744745e-15,CD4 Naive
CD4 Naive,10,Tofacitinib,DMSO control,NFkB,-7.611423421905337,-0.11500627051021878,2.7109350739140426e-14,3.450281003163327e-14,CD4 Naive
CD4 Naive,11,Tofacitinib,DMSO control,Androgen,7.592931504891463,0.10532583067295276,3.127478873056747e-14,3.648725351899539e-14,CD4 Naive
CD4 Naive,12,Tofacitinib,DMSO control,WNT,-0.19833109673533433,-0.0011080312854059304,0.8427860232265878,0.9076157173209407,CD4 Naive
CD4 Naive,13,Tofacitinib,DMSO control,Hypoxia,-0.03578550141312603,-0.004952899305096237,0.9714533938592245,0.9714533938592245,CD4 Naive
CD4 Naive,14,Ruxolitinib,DMSO control,JAK-STAT,-52.463343871919975,-0.7888027531408707,0.0,0.0,CD4 Naive
CD4 Naive,15,Ruxolitinib,DMSO control,MAPK,23.4734714869242,0.32154419521000754,7.613938270786019e-122,5.329756789550213e-121,CD4 Naive
CD4 Naive,16,Ruxolitinib,DMSO control,PI3K,19.96028288078094,0.30936054588262807,1.2201961767931951e-88,5.69424882503491e-88,CD4 Naive
CD4 Naive,17,Ruxolitinib,DMSO control,EGFR,19.06138127976155,0.2889988885041723,5.286070122708485e-81,1.8501245429479697e-80,CD4 Naive
CD4 Naive,18,Ruxolitinib,DMSO control,Trail,-15.470844251873164,-0.1617569782812336,5.458643042743716e-54,1.5284200519682403e-53,CD4 Naive
CD4 Naive,19,Ruxolitinib,DMSO control,TNFa,-12.195999506904988,-0.18218979734116592,3.2647337798152446e-34,7.617712152902238e-34,CD4 Naive
CD4 Naive,20,Ruxolitinib,DMSO control,NFkB,-9.390758296777403,-0.14260926555083747,5.95698239338651e-21,1.191396478677302e-20,CD4 Naive
CD4 Naive,21,Ruxolitinib,DMSO control,TGFb,7.876063812016289,0.07728635699528141,3.3785573642409185e-15,5.9124753874216076e-15,CD4 Naive
CD4 Naive,22,Ruxolitinib,DMSO control,Estrogen,4.209407582133292,0.05549219369274416,2.5604114455864177e-05,3.9828622486899834e-05,CD4 Naive
CD4 Naive,23,Ruxolitinib,DMSO control,VEGF,3.996359769508385,0.053343410255637824,6.432395546980291e-05,9.005353765772407e-05,CD4 Naive
CD4 Naive,24,Ruxolitinib,DMSO control,p53,-3.312114133268717,-0.0468824703580879,0.0009259376196556718,0.0011784660613799458,CD4 Naive
CD4 Naive,25,Ruxolitinib,DMSO control,Androgen,2.04951598328249,0.02717673596930853,0.040411686555418186,0.047146967647987884,CD4 Naive
CD4 Naive,26,Ruxolitinib,DMSO control,WNT,-0.827653066758045,-0.006288654302369023,0.4078670058301468,0.4331230566753579,CD4 Naive
CD4 Naive,27,Ruxolitinib,DMSO control,Hypoxia,-0.7838586473006073,-0.009914911202579813,0.4331230566753579,0.4331230566753579,CD4 Naive
CD4 Naive,28,NVP-BSK805 2HCl,DMSO control,EGFR,38.47140676159624,0.5911815697552463,0.0,0.0,CD4 Naive
CD4 Naive,29,NVP-BSK805 2HCl,DMSO control,MAPK,37.28253560704278,0.5161767887142279,3.14905726803954e-304,2.204340087627678e-303,CD4 Naive
CD4 Naive,30,NVP-BSK805 2HCl,DMSO control,JAK-STAT,-32.061443668617805,-0.4808132875771779,1.520660634346384e-225,7.096416293616459e-225,CD4 Naive
CD4 Naive,31,NVP-BSK805 2HCl,DMSO control,TGFb,22.67537680652094,0.22344118988904715,7.840773351712372e-114,2.7442706730993304e-113,CD4 Naive
CD4 Naive,32,NVP-BSK805 2HCl,DMSO control,PI3K,20.88658807166955,0.32996195173737797,7.090781216644105e-97,1.9854187406603494e-96,CD4 Naive
CD4 Naive,33,NVP-BSK805 2HCl,DMSO control,Estrogen,19.11532941138618,0.24537571472392328,1.8822785643557748e-81,4.391983316830142e-81,CD4 Naive
CD4 Naive,34,NVP-BSK805 2HCl,DMSO control,NFkB,14.149858695620198,0.22167450196389826,1.8713291940557395e-45,3.742658388111479e-45,CD4 Naive
CD4 Naive,35,NVP-BSK805 2HCl,DMSO control,Hypoxia,13.52476802312797,0.2412149772884835,1.116954331737686e-41,1.9546700805409506e-41,CD4 Naive
CD4 Naive,36,NVP-BSK805 2HCl,DMSO control,Androgen,13.402261504725955,0.19253044322641244,5.864841326095788e-41,9.123086507260115e-41,CD4 Naive
CD4 Naive,37,NVP-BSK805 2HCl,DMSO control,VEGF,12.49751988624942,0.17963371323180644,7.701668318037309e-36,1.0782335645252232e-35,CD4 Naive
CD4 Naive,38,NVP-BSK805 2HCl,DMSO control,p53,-8.32840795986486,-0.10908525754649223,8.193673602956511e-17,1.0428311858308287e-16,CD4 Naive
CD4 Naive,39,NVP-BSK805 2HCl,DMSO control,WNT,-5.906097986213426,-0.05572233559562734,3.503056655424537e-09,4.086899431328627e-09,CD4 Naive
CD4 Naive,40,NVP-BSK805 2HCl,DMSO control,Trail,4.9569025656523555,0.057868490067607414,7.162587278781607e-07,7.713555530995577e-07,CD4 Naive
CD4 Naive,41,NVP-BSK805 2HCl,DMSO control,TNFa,3.1181044895231533,0.04714894190962382,0.0018201825998472548,0.0018201825998472548,CD4 Naive
CD4 Naive,42,Gefitinib,DMSO control,JAK-STAT,43.00674915992281,0.6858833042178534,0.0,0.0,CD4 Naive
CD4 Naive,43,Gefitinib,DMSO control,EGFR,42.6371506562455,0.6503253588077222,0.0,0.0,CD4 Naive
CD4 Naive,44,Gefitinib,DMSO control,Estrogen,40.35970397852694,0.5381013184640333,0.0,0.0,CD4 Naive
CD4 Naive,45,Gefitinib,DMSO control,MAPK,37.08611723167081,0.5110261850231903,4.703502867565024e-301,1.6462260036477586e-300,CD4 Naive
CD4 Naive,46,Gefitinib,DMSO control,Androgen,28.293035721078304,0.4006977768764931,4.209689206682767e-176,1.1787129778711747e-175,CD4 Naive
CD4 Naive,47,Gefitinib,DMSO control,VEGF,27.96059625931087,0.3887798682446464,4.900326171851377e-172,1.1434094400986546e-171,CD4 Naive
CD4 Naive,48,Gefitinib,DMSO control,PI3K,26.80420986762479,0.41316546057079817,2.886007393066765e-158,5.77201478613353e-158,CD4 Naive
CD4 Naive,49,Gefitinib,DMSO control,Hypoxia,-25.132618760474163,-0.46000882887628114,2.189186903314007e-139,3.8310770807995125e-139,CD4 Naive
CD4 Naive,50,Gefitinib,DMSO control,TGFb,14.570758438427948,0.14029372244602623,4.310783863717281e-48,6.70566378800466e-48,CD4 Naive
CD4 Naive,51,Gefitinib,DMSO control,WNT,-10.155411383073623,-0.08631018383627054,3.1348528559573134e-24,4.388793998340239e-24,CD4 Naive
CD4 Naive,52,Gefitinib,DMSO control,NFkB,8.139139418443964,0.12171578487334511,3.9809734945311654e-16,5.066693538494211e-16,CD4 Naive
CD4 Naive,53,Gefitinib,DMSO control,p53,-6.230430886568121,-0.0838001151761858,4.6515400680734073e-10,5.426796746085642e-10,CD4 Naive
CD4 Naive,54,Gefitinib,DMSO control,TNFa,-4.105398469588706,-0.06894667110294739,4.036185320721164e-05,4.346661114622792e-05,CD4 Naive
CD4 Naive,55,Gefitinib,DMSO control,Trail,-0.5696200105729056,0.007535579560727923,0.5689354533065275,0.5689354533065275,CD4 Naive
CD4 Naive,56,Ruxolitinib phosphate,DMSO control,JAK-STAT,-53.04416313007367,-0.8043421723553912,0.0,0.0,CD4 Naive
CD4 Naive,57,Ruxolitinib phosphate,DMSO control,MAPK,26.688868077225997,0.36954089344859353,6.338125456289655e-157,4.4366878194027586e-156,CD4 Naive
CD4 Naive,58,Ruxolitinib phosphate,DMSO control,EGFR,23.16793886349506,0.3570180148218163,9.588028515924307e-119,4.4744133074313435e-118,CD4 Naive
CD4 Naive,59,Ruxolitinib phosphate,DMSO control,PI3K,19.882465785595155,0.3092974902289787,5.772596060458115e-88,2.0204086211603406e-87,CD4 Naive
CD4 Naive,60,Ruxolitinib phosphate,DMSO control,Trail,-12.922190802639037,-0.13816428066484954,3.373959719280387e-38,9.447087213985083e-38,CD4 Naive
CD4 Naive,61,Ruxolitinib phosphate,DMSO control,TGFb,9.150749884992702,0.092059478591897,5.653969376158455e-20,1.3192595211036395e-19,CD4 Naive
CD4 Naive,62,Ruxolitinib phosphate,DMSO control,TNFa,-9.015939447680127,-0.1314848170111067,1.951902298596578e-19,3.903804597193156e-19,CD4 Naive
CD4 Naive,63,Ruxolitinib phosphate,DMSO control,Estrogen,6.733953528041338,0.08324366836633512,1.6511393352789086e-11,2.88949383673809e-11,CD4 Naive
CD4 Naive,64,Ruxolitinib phosphate,DMSO control,NFkB,-5.4197980769032545,-0.08057043223123195,5.966638882050788e-08,9.281438260967892e-08,CD4 Naive
CD4 Naive,65,Ruxolitinib phosphate,DMSO control,p53,-2.2600476720967277,-0.030732172947795844,0.02381829228192549,0.03334560919469569,CD4 Naive
CD4 Naive,66,Ruxolitinib phosphate,DMSO control,WNT,2.177113026715841,0.01954971810299644,0.029472135344769772,0.037509990438797894,CD4 Naive
CD4 Naive,67,Ruxolitinib phosphate,DMSO control,VEGF,1.9072575686054236,0.026833799555447957,0.056487241931148124,0.06590178225300615,CD4 Naive
CD4 Naive,68,Ruxolitinib phosphate,DMSO control,Hypoxia,0.8759488089917801,0.016398004418150647,0.3810578635657855,0.41037000691699976,CD4 Naive
CD4 Naive,69,Ruxolitinib phosphate,DMSO control,Androgen,-0.6823376752624678,-0.007563761412962666,0.4950254552767772,0.4950254552767772,CD4 Naive
CD4 Naive,70,Gefitinib hydrochloride,DMSO control,JAK-STAT,43.41310804538464,0.6873493674456492,0.0,0.0,CD4 Naive
CD4 Naive,71,Gefitinib hydrochloride,DMSO control,EGFR,43.35237893291144,0.6521112135861737,0.0,0.0,CD4 Naive
CD4 Naive,72,Gefitinib hydrochloride,DMSO control,Estrogen,41.305796947821804,0.5413112535651603,0.0,0.0,CD4 Naive
CD4 Naive,73,Gefitinib hydrochloride,DMSO control,MAPK,38.956985716937545,0.5284362863264593,0.0,0.0,CD4 Naive
CD4 Naive,74,Gefitinib hydrochloride,DMSO control,Androgen,29.540890979258663,0.40819701118939067,8.597818324300256e-192,2.4073891308040715e-191,CD4 Naive
CD4 Naive,75,Gefitinib hydrochloride,DMSO control,VEGF,28.27919350641607,0.39498920661062176,6.2302685724011996e-176,1.45372933356028e-175,CD4 Naive
CD4 Naive,76,Gefitinib hydrochloride,DMSO control,PI3K,27.541247177976242,0.4196563736810247,5.633733130836387e-167,1.1267466261672773e-166,CD4 Naive
CD4 Naive,77,Gefitinib hydrochloride,DMSO control,Hypoxia,-22.97523320991552,-0.4270407242074805,8.245698219922155e-117,1.442997188486377e-116,CD4 Naive
CD4 Naive,78,Gefitinib hydrochloride,DMSO control,TGFb,16.631823655370948,0.15996243109330466,4.099251591051176e-62,6.376613586079608e-62,CD4 Naive
CD4 Naive,79,Gefitinib hydrochloride,DMSO control,WNT,-8.694944471142987,-0.0738125755002752,3.4699944477933005e-18,4.85799222691062e-18,CD4 Naive
CD4 Naive,80,Gefitinib hydrochloride,DMSO control,p53,-8.12674277588527,-0.10112998103619142,4.4097978732134485e-16,5.61247002045348e-16,CD4 Naive
CD4 Naive,81,Gefitinib hydrochloride,DMSO control,NFkB,7.53112264443843,0.10773335223178371,5.0305908831552796e-14,5.869022697014494e-14,CD4 Naive
CD4 Naive,82,Gefitinib hydrochloride,DMSO control,TNFa,-6.923631782754078,-0.11024478486580636,4.402092440701003e-12,4.7407149361395415e-12,CD4 Naive
CD4 Naive,83,Gefitinib hydrochloride,DMSO control,Trail,-0.5626862316865595,0.002796404540308939,0.5736485613223279,0.5736485613223279,CD4 Naive
CD4 Naive,84,Erlotinib hydrochloride,DMSO control,Estrogen,49.858895858671595,0.6802755092616057,0.0,0.0,CD4 Naive
CD4 Naive,85,Erlotinib hydrochloride,DMSO control,EGFR,45.93865942909214,0.7048392992982078,0.0,0.0,CD4 Naive
CD4 Naive,86,Erlotinib hydrochloride,DMSO control,MAPK,43.102212696255116,0.6016408927951022,0.0,0.0,CD4 Naive
CD4 Naive,87,Erlotinib hydrochloride,DMSO control,JAK-STAT,41.38539614457169,0.6553528548419505,0.0,0.0,CD4 Naive
CD4 Naive,88,Erlotinib hydrochloride,DMSO control,Hypoxia,-38.471222026303174,-0.711496077362364,0.0,0.0,CD4 Naive
CD4 Naive,89,Erlotinib hydrochloride,DMSO control,PI3K,29.5405156791388,0.4527454004107694,8.693779699841038e-192,2.0285485966295757e-191,CD4 Naive
CD4 Naive,90,Erlotinib hydrochloride,DMSO control,Androgen,29.350706063195766,0.4128700773504921,2.3404517152091804e-189,4.680903430418361e-189,CD4 Naive
CD4 Naive,91,Erlotinib hydrochloride,DMSO control,VEGF,25.63535690830307,0.36082471556233253,6.1582753863448416e-145,1.0776981926103473e-144,CD4 Naive
CD4 Naive,92,Erlotinib hydrochloride,DMSO control,TGFb,17.67355382668679,0.17047986518787372,6.703750017802997e-70,1.0428055583249107e-69,CD4 Naive
CD4 Naive,93,Erlotinib hydrochloride,DMSO control,p53,-13.907679387672035,-0.17739911814280607,5.689564908483932e-44,7.965390871877504e-44,CD4 Naive
CD4 Naive,94,Erlotinib hydrochloride,DMSO control,WNT,-12.441059852464695,-0.107480629283208,1.5641458373272328e-35,1.9907310656892053e-35,CD4 Naive
CD4 Naive,95,Erlotinib hydrochloride,DMSO control,TNFa,-10.993166597823464,-0.16634841683976465,4.122052837568052e-28,4.809061643829394e-28,CD4 Naive
CD4 Naive,96,Erlotinib hydrochloride,DMSO control,Trail,-3.5860533768725977,-0.02870018867391777,0.0003357202707966208,0.0003615449070117455,CD4 Naive
CD4 Naive,97,Erlotinib hydrochloride,DMSO control,NFkB,-1.748322039869995,-0.02336148115588116,0.08040827891681297,0.08040827891681297,CD4 Naive
CD4 Naive,98,Erlotinib,DMSO control,Estrogen,48.00039460942633,0.6380944372632664,0.0,0.0,CD4 Naive
CD4 Naive,99,Erlotinib,DMSO control,JAK-STAT,47.380625137607545,0.742194700949606,0.0,0.0,CD4 Naive
CD4 Naive,100,Erlotinib,DMSO control,EGFR,43.47161391220041,0.6439427219281253,0.0,0.0,CD4 Naive
CD4 Naive,101,Erlotinib,DMSO control,MAPK,40.0575739112856,0.5446342607652357,0.0,0.0,CD4 Naive
CD4 Naive,102,Erlotinib,DMSO control,Hypoxia,-37.00968414272936,-0.6665938067002908,8.000211757996628e-300,2.2400592922390556e-299,CD4 Naive
CD4 Naive,103,Erlotinib,DMSO control,Androgen,32.33044855524298,0.45029924107844455,2.612425659658321e-229,6.095659872536083e-229,CD4 Naive
CD4 Naive,104,Erlotinib,DMSO control,VEGF,30.293770969531348,0.4144076467416218,1.3847280075524958e-201,2.7694560151049915e-201,CD4 Naive
CD4 Naive,105,Erlotinib,DMSO control,PI3K,28.052306031851664,0.4262120372815309,3.74400276406941e-173,6.552004837121468e-173,CD4 Naive
CD4 Naive,106,Erlotinib,DMSO control,TGFb,17.538815898876372,0.16421754018817425,7.242070584457805e-69,1.1265443131378807e-68,CD4 Naive
CD4 Naive,107,Erlotinib,DMSO control,WNT,-16.2600488416655,-0.1360445567466526,1.8958677914407462e-59,2.6542149080170446e-59,CD4 Naive
CD4 Naive,108,Erlotinib,DMSO control,p53,-11.83256932762332,-0.1470719085007166,2.6490689207277746e-32,3.3715422627444403e-32,CD4 Naive
CD4 Naive,109,Erlotinib,DMSO control,TNFa,-11.335612137536668,-0.16375127546710377,8.741872818418393e-30,1.0198851621488126e-29,CD4 Naive
CD4 Naive,110,Erlotinib,DMSO control,Trail,-5.2359749998774285,-0.04165147259704938,1.6411616799553258e-07,1.7674048861057354e-07,CD4 Naive
CD4 Naive,111,Erlotinib,DMSO control,NFkB,-2.1079987339105872,-0.02571855832414216,0.03503109894802822,0.03503109894802822,CD4 Naive
CD4 Naive,112,Canertinib dihydrochloride,DMSO control,JAK-STAT,36.91285244604108,0.5630799637133915,2.8746649869483984e-298,4.024530981727758e-297,CD4 Naive
CD4 Naive,113,Canertinib dihydrochloride,DMSO control,Estrogen,30.498011698229607,0.39087988572840215,2.7689691659546683e-204,1.938278416168268e-203,CD4 Naive
CD4 Naive,114,Canertinib dihydrochloride,DMSO control,NFkB,26.776022119021494,0.40749889821230945,6.1476895894901904e-158,2.868921808428756e-157,CD4 Naive
CD4 Naive,115,Canertinib dihydrochloride,DMSO control,Androgen,23.45665685946712,0.32334946396157305,1.1305065106095278e-121,3.956772787133347e-121,CD4 Naive
CD4 Naive,116,Canertinib dihydrochloride,DMSO control,EGFR,22.21752115208446,0.319436972643953,2.3255668028162524e-109,6.511587047885506e-109,CD4 Naive
CD4 Naive,117,Canertinib dihydrochloride,DMSO control,TNFa,17.944574194759433,0.25958013620443876,5.291460343356224e-72,1.2346740801164522e-71,CD4 Naive
CD4 Naive,118,Canertinib dihydrochloride,DMSO control,p53,15.512127350595389,0.19683974987197628,2.87203421055689e-54,5.74406842111378e-54,CD4 Naive
CD4 Naive,119,Canertinib dihydrochloride,DMSO control,Hypoxia,-14.533587878519727,-0.2511969621668386,7.422848711658326e-48,1.298998524540207e-47,CD4 Naive
CD4 Naive,120,Canertinib dihydrochloride,DMSO control,Trail,13.3474804204059,0.14511443287113157,1.2252336158405823e-40,1.9059189579742393e-40,CD4 Naive
CD4 Naive,121,Canertinib dihydrochloride,DMSO control,WNT,-12.490237978213948,-0.12001050254289924,8.440080499296552e-36,1.1816112699015172e-35,CD4 Naive
CD4 Naive,122,Canertinib dihydrochloride,DMSO control,MAPK,11.525033971066074,0.1446567654752875,9.867327591146394e-31,1.2558416934186318e-30,CD4 Naive
CD4 Naive,123,Canertinib dihydrochloride,DMSO control,VEGF,6.545447795154418,0.08875375331094482,5.931737693257447e-11,6.920360642133688e-11,CD4 Naive
CD4 Naive,124,Canertinib dihydrochloride,DMSO control,TGFb,1.4297734102885695,0.011684254643117287,0.15278206291960467,0.16453452929803578,CD4 Naive
CD4 Naive,125,Canertinib dihydrochloride,DMSO control,PI3K,-0.5094671846736336,-0.016317349336884668,0.6104247942622083,0.6104247942622083,CD4 Naive
CD4 Naive,126,Afatinib dimaleate,DMSO control,JAK-STAT,58.228695722325,0.9859101630647841,0.0,0.0,CD4 Naive
CD4 Naive,127,Afatinib dimaleate,DMSO control,EGFR,48.38086875494469,0.7480736087261874,0.0,0.0,CD4 Naive
CD4 Naive,128,Afatinib dimaleate,DMSO control,NFkB,39.870020577390555,0.6301252342178483,0.0,0.0,CD4 Naive
CD4 Naive,129,Afatinib dimaleate,DMSO control,Estrogen,36.99974304772397,0.4763771380809758,1.1560610088290862e-299,4.046213530901802e-299,CD4 Naive
CD4 Naive,130,Afatinib dimaleate,DMSO control,MAPK,30.611947652456667,0.4027719988172782,8.487662063349717e-206,2.3765453777379206e-205,CD4 Naive
CD4 Naive,131,Afatinib dimaleate,DMSO control,PI3K,29.601606961731616,0.46044587782925817,1.4247730136030834e-192,3.3244703650738614e-192,CD4 Naive
CD4 Naive,132,Afatinib dimaleate,DMSO control,TNFa,26.03024726334016,0.38171835502147755,2.251893779766149e-149,4.503787559532298e-149,CD4 Naive
CD4 Naive,133,Afatinib dimaleate,DMSO control,Androgen,24.39733914735588,0.3373533856700388,1.825091266824242e-131,3.1939097169424236e-131,CD4 Naive
CD4 Naive,134,Afatinib dimaleate,DMSO control,VEGF,17.906272266527655,0.23858731360807273,1.0535981202830725e-71,1.6389304093292239e-71,CD4 Naive
CD4 Naive,135,Afatinib dimaleate,DMSO control,TGFb,15.990719898427125,0.15121672228832495,1.483072127249903e-57,2.076300978149864e-57,CD4 Naive
CD4 Naive,136,Afatinib dimaleate,DMSO control,Hypoxia,-13.02931320261616,-0.22514843833913845,8.335454878474878e-39,1.0608760754422572e-38,CD4 Naive
CD4 Naive,137,Afatinib dimaleate,DMSO control,p53,9.575330729311322,0.12067818143331377,1.015318223874206e-21,1.1845379278532404e-21,CD4 Naive
CD4 Naive,138,Afatinib dimaleate,DMSO control,Trail,9.145019636267408,0.10022700001608387,5.961903159066058e-20,6.420511094378831e-20,CD4 Naive
CD4 Naive,139,Afatinib dimaleate,DMSO control,WNT,2.7983413466115854,0.018886972702737204,0.005136579698499296,0.005136579698499296,CD4 Naive
CD4 Naive,140,IL-6 control,DMSO control,Estrogen,47.29170005500304,0.64388470304937,0.0,0.0,CD4 Naive
CD4 Naive,141,IL-6 control,DMSO control,JAK-STAT,44.246551334438806,0.7088094274717548,0.0,0.0,CD4 Naive
CD4 Naive,142,IL-6 control,DMSO control,EGFR,43.50664395228479,0.6653483825818238,0.0,0.0,CD4 Naive
CD4 Naive,143,IL-6 control,DMSO control,MAPK,42.359018976627056,0.598672990949555,0.0,0.0,CD4 Naive
CD4 Naive,144,IL-6 control,DMSO control,VEGF,33.874964950854626,0.48276152492871294,1.5572103360595444e-251,4.360188940966724e-251,CD4 Naive
CD4 Naive,145,IL-6 control,DMSO control,Androgen,31.17318220932109,0.43826046934940177,2.4610899668658273e-213,5.742543256020264e-213,CD4 Naive
CD4 Naive,146,IL-6 control,DMSO control,Hypoxia,-30.635304215014262,-0.5628321430188756,4.147848941956413e-206,8.295697883912826e-206,CD4 Naive
CD4 Naive,147,IL-6 control,DMSO control,PI3K,29.246982593320766,0.4562398941384527,4.905066489783457e-188,8.58386635712105e-188,CD4 Naive
CD4 Naive,148,IL-6 control,DMSO control,TGFb,22.21824831833377,0.21343545645877715,2.28822201190667e-109,3.5594564629659312e-109,CD4 Naive
CD4 Naive,149,IL-6 control,DMSO control,WNT,-15.032470864544992,-0.13051353596910698,4.499059225757472e-51,6.29868291606046e-51,CD4 Naive
CD4 Naive,150,IL-6 control,DMSO control,p53,-12.179913960828408,-0.15769770790530835,3.9770118765268274e-34,5.061651479215962e-34,CD4 Naive
CD4 Naive,151,IL-6 control,DMSO control,TNFa,-10.486140065245202,-0.15911888304359856,1.0003186559902771e-25,1.1670384319886567e-25,CD4 Naive
CD4 Naive,152,IL-6 control,DMSO control,NFkB,2.170763895750179,0.03371049801387227,0.029949024419356124,0.03225279552853736,CD4 Naive
CD4 Naive,153,IL-6 control,DMSO control,Trail,-1.5279740672104236,-0.009309993996606702,0.12651897677244922,0.12651897677244922,CD4 Naive
CD4 Naive,154,NVP-BSK805,DMSO control,EGFR,38.82221481344996,0.613456934871583,0.0,0.0,CD4 Naive
CD4 Naive,155,NVP-BSK805,DMSO control,MAPK,37.3708130169586,0.528371541388799,1.1644215945311693e-305,8.150951161718185e-305,CD4 Naive
CD4 Naive,156,NVP-BSK805,DMSO control,JAK-STAT,-34.95021688899859,-0.5203562184481658,1.285125685649912e-267,5.99725319969959e-267,CD4 Naive
CD4 Naive,157,NVP-BSK805,DMSO control,TGFb,24.701297874127697,0.2451831739671949,1.0356867352157875e-134,3.624903573255256e-134,CD4 Naive
CD4 Naive,158,NVP-BSK805,DMSO control,PI3K,20.339842777534447,0.3176816477209168,5.7113231002074533e-92,1.5991704680580868e-91,CD4 Naive
CD4 Naive,159,NVP-BSK805,DMSO control,NFkB,19.288459810876972,0.30447172893952645,6.714392959868832e-83,1.566691690636061e-82,CD4 Naive
CD4 Naive,160,NVP-BSK805,DMSO control,Estrogen,18.568472383578708,0.24123278776793278,5.782480668901752e-77,1.1564961337803503e-76,CD4 Naive
CD4 Naive,161,NVP-BSK805,DMSO control,Hypoxia,17.005020175942644,0.30837896278341437,7.5379233738714745e-65,1.319136590427508e-64,CD4 Naive
CD4 Naive,162,NVP-BSK805,DMSO control,VEGF,13.230544799579645,0.19174464249795786,5.846206569281943e-40,9.094099107771911e-40,CD4 Naive
CD4 Naive,163,NVP-BSK805,DMSO control,Androgen,13.048880130800097,0.1799582381928192,6.448835298072145e-39,9.028369417301003e-39,CD4 Naive
CD4 Naive,164,NVP-BSK805,DMSO control,TNFa,7.787750130979722,0.11827941099240302,6.8212909278330755e-15,8.681642999060277e-15,CD4 Naive
CD4 Naive,165,NVP-BSK805,DMSO control,p53,-7.3412364496019595,-0.09774814117032093,2.1162954809189382e-13,2.469011394405428e-13,CD4 Naive
CD4 Naive,166,NVP-BSK805,DMSO control,WNT,-4.518592142791061,-0.04454204952070584,6.22521809005396e-06,6.70408102005811e-06,CD4 Naive
CD4 Naive,167,NVP-BSK805,DMSO control,Trail,3.410093432538072,0.03832006609552163,0.0006494062798890458,0.0006494062798890458,CD4 Naive
CD4 Naive,168,Baricitinib phosphate,DMSO control,JAK-STAT,-46.320773388409116,-0.6962169355829306,0.0,0.0,CD4 Naive
CD4 Naive,169,Baricitinib phosphate,DMSO control,MAPK,23.269363167187795,0.31889223195986904,9.059488818320871e-120,6.34164217282461e-119,CD4 Naive
CD4 Naive,170,Baricitinib phosphate,DMSO control,EGFR,20.752935919397324,0.31738141142188825,1.1532932640540494e-95,5.382035232252231e-95,CD4 Naive
CD4 Naive,171,Baricitinib phosphate,DMSO control,PI3K,14.352098545156972,0.22437273170012628,1.033615872580462e-46,3.617655554031617e-46,CD4 Naive
CD4 Naive,172,Baricitinib phosphate,DMSO control,TNFa,-11.600690777496393,-0.1711507373628074,4.08765360233048e-31,1.1445430086525343e-30,CD4 Naive
CD4 Naive,173,Baricitinib phosphate,DMSO control,Trail,-9.40602722852941,-0.09550871619423396,5.1524423958614234e-21,1.2022365590343323e-20,CD4 Naive
CD4 Naive,174,Baricitinib phosphate,DMSO control,NFkB,-7.4231949714291385,-0.11066516376711227,1.1432828358016591e-13,2.2865656716033183e-13,CD4 Naive
CD4 Naive,175,Baricitinib phosphate,DMSO control,VEGF,6.786758949364701,0.09807585005732777,1.14680577249481e-11,2.0069101018659175e-11,CD4 Naive
CD4 Naive,176,Baricitinib phosphate,DMSO control,Estrogen,6.712242057792913,0.08799159638228149,1.9165640861916214e-11,2.9813219118536334e-11,CD4 Naive
CD4 Naive,177,Baricitinib phosphate,DMSO control,TGFb,6.56399875851207,0.06639721766016915,5.238363772664837e-11,7.333709281730771e-11,CD4 Naive
CD4 Naive,178,Baricitinib phosphate,DMSO control,p53,-3.616927851479509,-0.04542395694707024,0.00029812035662263986,0.00037942590842881434,CD4 Naive
CD4 Naive,179,Baricitinib phosphate,DMSO control,Androgen,1.786576254831241,0.02810682877036752,0.0740060023584055,0.08634033608480643,CD4 Naive
CD4 Naive,180,Baricitinib phosphate,DMSO control,WNT,-0.3015925728145705,-0.0015395456724205392,0.7629626705486039,0.8216521067446503,CD4 Naive
CD4 Naive,181,Baricitinib phosphate,DMSO control,Hypoxia,0.05990213178405609,0.002291048073531199,0.9522335820278702,0.9522335820278702,CD4 Naive
CD4 Naive,182,Tofacitinib citrate,DMSO control,JAK-STAT,-39.207222490920294,-0.5870221869934114,0.0,0.0,CD4 Naive
CD4 Naive,183,Tofacitinib citrate,DMSO control,MAPK,22.88626488735448,0.30929475751494095,6.366705061685015e-116,4.456693543179511e-115,CD4 Naive
CD4 Naive,184,Tofacitinib citrate,DMSO control,EGFR,20.34771966421897,0.3001223171393801,4.8637984838269176e-92,2.269772625785895e-91,CD4 Naive
CD4 Naive,185,Tofacitinib citrate,DMSO control,TNFa,-12.389960051963333,-0.18185103671228342,2.9619091007137215e-35,1.0366681852498025e-34,CD4 Naive
CD4 Naive,186,Tofacitinib citrate,DMSO control,Estrogen,11.84300422281795,0.15143327850207866,2.3392089739459526e-32,6.549785127048667e-32,CD4 Naive
CD4 Naive,187,Tofacitinib citrate,DMSO control,p53,-10.060400894164271,-0.13251282298358724,8.266105106356839e-24,1.9287578581499292e-23,CD4 Naive
CD4 Naive,188,Tofacitinib citrate,DMSO control,Trail,9.710552552117033,0.1042767972908667,2.7185931254857867e-22,5.437186250971573e-22,CD4 Naive
CD4 Naive,189,Tofacitinib citrate,DMSO control,VEGF,9.685698692373824,0.13217670935072467,3.468288732009388e-22,6.06950528101643e-22,CD4 Naive
CD4 Naive,190,Tofacitinib citrate,DMSO control,TGFb,9.642367044259924,0.09675097966829538,5.295261407026821e-22,8.237073299819499e-22,CD4 Naive
CD4 Naive,191,Tofacitinib citrate,DMSO control,PI3K,9.08576402447496,0.14268544992913212,1.0297289376394628e-19,1.4416205126952478e-19,CD4 Naive
CD4 Naive,192,Tofacitinib citrate,DMSO control,NFkB,-7.532191268480713,-0.11424583200415939,4.989579641122111e-14,6.350374088700868e-14,CD4 Naive
CD4 Naive,193,Tofacitinib citrate,DMSO control,Androgen,4.444886115588088,0.06127294981546627,8.793843814416342e-06,1.02594844501524e-05,CD4 Naive
CD4 Naive,194,Tofacitinib citrate,DMSO control,WNT,2.487270784696798,0.02291787229810005,0.0128727376575308,0.01386294824657163,CD4 Naive
CD4 Naive,195,Tofacitinib citrate,DMSO control,Hypoxia,2.244172974899042,0.03798622671248464,0.02482127413808722,0.02482127413808722,CD4 Naive
CD4 Naive,196,Canertinib,DMSO control,JAK-STAT,32.17371617154607,0.4852076205736938,4.116095577980611e-227,5.7625338091728556e-226,CD4 Naive
CD4 Naive,197,Canertinib,DMSO control,NFkB,29.99998016278551,0.45340725576824936,9.8192762012391e-198,6.87349334086737e-197,CD4 Naive
CD4 Naive,198,Canertinib,DMSO control,Estrogen,26.32928300161229,0.33059273603359385,8.864345341560041e-153,4.13669449272802e-152,CD4 Naive
CD4 Naive,199,Canertinib,DMSO control,TNFa,21.42576732070985,0.3076995142871828,7.685801023601764e-102,2.6900303582606175e-101,CD4 Naive
CD4 Naive,200,Canertinib,DMSO control,Androgen,20.796451865273664,0.29046009485816193,4.660352690115621e-96,1.304898753232374e-95,CD4 Naive
CD4 Naive,201,Canertinib,DMSO control,p53,20.61943010687932,0.2679667876013909,1.8370962572580966e-94,4.2865579336022255e-94,CD4 Naive
CD4 Naive,202,Canertinib,DMSO control,EGFR,20.483969495236725,0.29249809819882433,2.992494511439491e-93,5.984989022878982e-93,CD4 Naive
CD4 Naive,203,Canertinib,DMSO control,Trail,14.80875552281324,0.15973845440917778,1.2859920103768328e-49,2.2504860181594576e-49,CD4 Naive
CD4 Naive,204,Canertinib,DMSO control,Hypoxia,-11.877837507121738,-0.20163453349965477,1.5430775379564077e-32,2.4003428368210787e-32,CD4 Naive
CD4 Naive,205,Canertinib,DMSO control,WNT,-9.706978808520912,-0.09500810749312016,2.815589972824078e-22,3.941825961953709e-22,CD4 Naive
CD4 Naive,206,Canertinib,DMSO control,MAPK,8.039788388364757,0.09279058308700172,8.99937478557725e-16,1.1453749727098319e-15,CD4 Naive
CD4 Naive,207,Canertinib,DMSO control,VEGF,3.992469397345858,0.04851595679982257,6.53887738504692e-05,7.62869028255474e-05,CD4 Naive
CD4 Naive,208,Canertinib,DMSO control,PI3K,-2.8684650951712345,-0.04983565100939091,0.0041246870744982445,0.004441970695613494,CD4 Naive
CD4 Naive,209,Canertinib,DMSO control,TGFb,0.4774018190315532,0.0026064542216697184,0.6330760191477219,0.6330760191477219,CD4 Naive
CD4 Naive,210,Afatinib,DMSO control,JAK-STAT,54.88248785550918,0.9375693224406513,0.0,0.0,CD4 Naive
CD4 Naive,211,Afatinib,DMSO control,EGFR,46.23254263913387,0.7195302198986773,0.0,0.0,CD4 Naive
CD4 Naive,212,Afatinib,DMSO control,Estrogen,37.087426331912305,0.4837851413415377,4.480443213126085e-301,2.09087349945884e-300,CD4 Naive
CD4 Naive,213,Afatinib,DMSO control,NFkB,33.06518101009172,0.5209591337768142,9.41345435840417e-240,3.2947090254414594e-239,CD4 Naive
CD4 Naive,214,Afatinib,DMSO control,PI3K,30.54136945757743,0.4844369889156731,7.362335364916011e-205,2.061453902176483e-204,CD4 Naive
CD4 Naive,215,Afatinib,DMSO control,MAPK,30.530168239453765,0.41005854927218754,1.0368589909391623e-204,2.4193376455247123e-204,CD4 Naive
CD4 Naive,216,Afatinib,DMSO control,Androgen,26.787595383938736,0.37559677756875687,4.507273531068582e-158,9.014547062137163e-158,CD4 Naive
CD4 Naive,217,Afatinib,DMSO control,VEGF,21.63556260652614,0.29731096867892015,8.312914544852553e-104,1.4547600453491967e-103,CD4 Naive
CD4 Naive,218,Afatinib,DMSO control,TNFa,19.910721036407317,0.2932963599229106,3.2855223383346664e-88,5.11081252629837e-88,CD4 Naive
CD4 Naive,219,Afatinib,DMSO control,Hypoxia,-15.953586916488943,-0.29051812636682794,2.689933202406227e-57,3.7659064833687175e-57,CD4 Naive
CD4 Naive,220,Afatinib,DMSO control,TGFb,14.023006572103707,0.1372070201503266,1.1273554082107372e-44,1.4348159740863927e-44,CD4 Naive
CD4 Naive,221,Afatinib,DMSO control,p53,6.486367288101436,0.08243608976822636,8.793066089907394e-11,1.025857710489196e-10,CD4 Naive
CD4 Naive,222,Afatinib,DMSO control,Trail,4.189340364595592,0.05223289125706665,2.797665098577253e-05,3.0128701061601184e-05,CD4 Naive
CD4 Naive,223,Afatinib,DMSO control,WNT,-1.0669042503981725,-0.014798972811002287,0.28601507532315984,0.28601507532315984,CD4 Naive
CD4 Naive,224,Baricitinib,DMSO control,JAK-STAT,-53.22578319654397,-0.8092463728580349,0.0,0.0,CD4 Naive
CD4 Naive,225,Baricitinib,DMSO control,MAPK,23.639065780527712,0.3282330627124499,1.5292498621914757e-123,1.0704749035340331e-122,CD4 Naive
CD4 Naive,226,Baricitinib,DMSO control,PI3K,19.799155708337135,0.3063155940231148,3.0272485888570268e-87,1.4127160081332793e-86,CD4 Naive
CD4 Naive,227,Baricitinib,DMSO control,EGFR,18.91956213190673,0.29330297218653234,7.870562986060896e-80,2.7546970451213136e-79,CD4 Naive
CD4 Naive,228,Baricitinib,DMSO control,Trail,-17.648082357542993,-0.18315521419919845,1.0527040292409655e-69,2.9475712818747033e-69,CD4 Naive
CD4 Naive,229,Baricitinib,DMSO control,TNFa,-10.236400241071333,-0.1505247078199874,1.3621033802628037e-24,3.1782412206132088e-24,CD4 Naive
CD4 Naive,230,Baricitinib,DMSO control,TGFb,9.716131457339168,0.0965130434426762,2.57374469931589e-22,5.14748939863178e-22,CD4 Naive
CD4 Naive,231,Baricitinib,DMSO control,NFkB,-7.030612644957155,-0.10345326967234858,2.0562863547857102e-12,3.5985011208749928e-12,CD4 Naive
CD4 Naive,232,Baricitinib,DMSO control,VEGF,5.7591838491669405,0.07531953073156084,8.452160477819461e-09,1.3147805187719163e-08,CD4 Naive
CD4 Naive,233,Baricitinib,DMSO control,p53,-4.7378837415846,-0.05784846132948673,2.1596164167499828e-06,3.0234629834499757e-06,CD4 Naive
CD4 Naive,234,Baricitinib,DMSO control,Estrogen,4.666903029574821,0.0628284331699156,3.057735475562057e-06,3.891663332533527e-06,CD4 Naive
CD4 Naive,235,Baricitinib,DMSO control,WNT,-1.8540536437749,-0.014761681146262084,0.06373148577608913,0.07435340007210399,CD4 Naive
CD4 Naive,236,Baricitinib,DMSO control,Hypoxia,1.395607966481129,0.02946941010338211,0.1628325821467953,0.17535816538885646,CD4 Naive
CD4 Naive,237,Baricitinib,DMSO control,Androgen,-0.20685251370099855,-0.005406355537494745,0.8361250429413261,0.8361250429413261,CD4 Naive
CD4 Central Memory,0,Tofacitinib,DMSO control,JAK-STAT,-16.5493839755743,-0.2698856657001881,1.6174923089860983e-61,2.2644892325805377e-60,CD4 Central Memory
CD4 Central Memory,1,Tofacitinib,DMSO control,EGFR,6.897928772875017,0.1313064707271574,5.276618935794155e-12,3.6936332550559085e-11,CD4 Central Memory
CD4 Central Memory,2,Tofacitinib,DMSO control,Hypoxia,6.815524513588793,0.13980279753973868,9.392045643494348e-12,4.2582306891868977e-11,CD4 Central Memory
CD4 Central Memory,3,Tofacitinib,DMSO control,MAPK,6.77822208599883,0.11073903266162732,1.216637339767685e-11,4.2582306891868977e-11,CD4 Central Memory
CD4 Central Memory,4,Tofacitinib,DMSO control,TGFb,4.188488488125901,0.04918915273295267,2.808185525891225e-05,7.86291947249543e-05,CD4 Central Memory
CD4 Central Memory,5,Tofacitinib,DMSO control,Androgen,4.004975298567888,0.06411985407649401,6.202396206625267e-05,0.00014472257815458957,CD4 Central Memory
CD4 Central Memory,6,Tofacitinib,DMSO control,TNFa,-3.889609335567174,-0.06382038462602369,0.00010040572484452522,0.00020081144968905044,CD4 Central Memory
CD4 Central Memory,7,Tofacitinib,DMSO control,PI3K,3.7218339429172786,0.05952693864345432,0.00019778107874762716,0.00034611688780834755,CD4 Central Memory
CD4 Central Memory,8,Tofacitinib,DMSO control,Trail,3.379675848861226,0.052691588458776306,0.0007257136574040684,0.0011288879115174397,CD4 Central Memory
CD4 Central Memory,9,Tofacitinib,DMSO control,Estrogen,3.131067838328295,0.045384138465404344,0.001741719222204014,0.0024384069110856194,CD4 Central Memory
CD4 Central Memory,10,Tofacitinib,DMSO control,VEGF,2.6462164654446605,0.04161967346316331,0.008139771045749452,0.01035970860368112,CD4 Central Memory
CD4 Central Memory,11,Tofacitinib,DMSO control,p53,-2.5693557168220638,-0.0414372106250247,0.010188781062176695,0.011886911239206144,CD4 Central Memory
CD4 Central Memory,12,Tofacitinib,DMSO control,WNT,1.0647817049411115,0.01394521207778232,0.2869747260394654,0.3090497049655781,CD4 Central Memory
CD4 Central Memory,13,Tofacitinib,DMSO control,NFkB,-0.5139000102473285,-0.009517760225409289,0.6073219003417187,0.6073219003417187,CD4 Central Memory
CD4 Central Memory,14,Ruxolitinib,DMSO control,JAK-STAT,-27.79556218279067,-0.4637219522923014,4.90801396952353e-170,6.871219557332942e-169,CD4 Central Memory
CD4 Central Memory,15,Ruxolitinib,DMSO control,MAPK,16.502243876903574,0.28405018849098296,3.535085512091405e-61,2.4745598584639835e-60,CD4 Central Memory
CD4 Central Memory,16,Ruxolitinib,DMSO control,EGFR,16.273626400541993,0.3248836608010015,1.5188967380545493e-59,7.0881847775878974e-59,CD4 Central Memory
CD4 Central Memory,17,Ruxolitinib,DMSO control,PI3K,16.03330756395642,0.2657420298364211,7.479359252494113e-58,2.6177757383729396e-57,CD4 Central Memory
CD4 Central Memory,18,Ruxolitinib,DMSO control,Trail,-7.951356589027898,-0.13264053209436016,1.8448009447064263e-15,5.165442645177993e-15,CD4 Central Memory
CD4 Central Memory,19,Ruxolitinib,DMSO control,Estrogen,7.049281736576197,0.11103190636641003,1.7984368902823302e-12,4.196352743992104e-12,CD4 Central Memory
CD4 Central Memory,20,Ruxolitinib,DMSO control,TGFb,6.212397872173879,0.07011761831363889,5.21820953762883e-10,1.043641907525766e-09,CD4 Central Memory
CD4 Central Memory,21,Ruxolitinib,DMSO control,NFkB,2.0064848291993753,0.03059487860384169,0.0448045457616185,0.07840795508283237,CD4 Central Memory
CD4 Central Memory,22,Ruxolitinib,DMSO control,p53,1.15411387038295,0.016519918047955606,0.2484534875287191,0.3864832028224519,CD4 Central Memory
CD4 Central Memory,23,Ruxolitinib,DMSO control,Hypoxia,0.7610374327482297,0.009561602312704753,0.44663470934602256,0.6252885930844315,CD4 Central Memory
CD4 Central Memory,24,Ruxolitinib,DMSO control,VEGF,0.6157598832025629,0.00870175867976597,0.5380530079807415,0.6847947374300346,CD4 Central Memory
CD4 Central Memory,25,Ruxolitinib,DMSO control,TNFa,-0.24388678351049,-0.004783145503057362,0.8073185053945765,0.8749097448469324,CD4 Central Memory
CD4 Central Memory,26,Ruxolitinib,DMSO control,WNT,-0.2373101458478327,-0.006564599698219542,0.8124161916435801,0.8749097448469324,CD4 Central Memory
CD4 Central Memory,27,Ruxolitinib,DMSO control,Androgen,-0.0457433918866677,0.0006955189414732388,0.9635147782634529,0.9635147782634529,CD4 Central Memory
CD4 Central Memory,28,NVP-BSK805 2HCl,DMSO control,JAK-STAT,-22.254277926947967,-0.39931983318595615,1.0253124796658563e-109,1.4354374715321987e-108,CD4 Central Memory
CD4 Central Memory,29,NVP-BSK805 2HCl,DMSO control,EGFR,21.758377237621684,0.42025594016144674,5.754909646759318e-105,4.028436752731523e-104,CD4 Central Memory
CD4 Central Memory,30,NVP-BSK805 2HCl,DMSO control,MAPK,19.181638361710583,0.31674172515620636,5.269355302765014e-82,2.4590324746236735e-81,CD4 Central Memory
CD4 Central Memory,31,NVP-BSK805 2HCl,DMSO control,Hypoxia,16.910819920531566,0.3552584670709602,3.744615767999571e-64,1.31061551879985e-63,CD4 Central Memory
CD4 Central Memory,32,NVP-BSK805 2HCl,DMSO control,NFkB,13.29549687797737,0.23501035350171895,2.458346948014783e-40,6.883371454441391e-40,CD4 Central Memory
CD4 Central Memory,33,NVP-BSK805 2HCl,DMSO control,TGFb,11.601613878235609,0.13777874128724907,4.043795183201493e-31,9.435522094136818e-31,CD4 Central Memory
CD4 Central Memory,34,NVP-BSK805 2HCl,DMSO control,Estrogen,9.663549713643105,0.1412787477013997,4.30676590835632e-22,8.61353181671264e-22,CD4 Central Memory
CD4 Central Memory,35,NVP-BSK805 2HCl,DMSO control,PI3K,9.215174147305067,0.14648303681942892,3.107734298156984e-20,5.438535021774722e-20,CD4 Central Memory
CD4 Central Memory,36,NVP-BSK805 2HCl,DMSO control,Androgen,7.490829274100263,0.12331292512750669,6.843979539734128e-14,1.0646190395141977e-13,CD4 Central Memory
CD4 Central Memory,37,NVP-BSK805 2HCl,DMSO control,TNFa,6.053470065474261,0.09312883608538813,1.417584249615242e-09,1.9846179494613386e-09,CD4 Central Memory
CD4 Central Memory,38,NVP-BSK805 2HCl,DMSO control,Trail,2.8053623720770955,0.04253576194174247,0.005026003997777455,0.00639673236080767,CD4 Central Memory
CD4 Central Memory,39,NVP-BSK805 2HCl,DMSO control,p53,1.3549704793008672,0.025874826611043122,0.17542696265318036,0.20466478976204378,CD4 Central Memory
CD4 Central Memory,40,NVP-BSK805 2HCl,DMSO control,WNT,1.2291865188762439,0.012713210206856784,0.21900188222645556,0.23584818085925982,CD4 Central Memory
CD4 Central Memory,41,NVP-BSK805 2HCl,DMSO control,VEGF,-0.7304053606503282,-0.015567279500663389,0.46514244261408333,0.46514244261408333,CD4 Central Memory
CD4 Central Memory,42,Gefitinib,DMSO control,JAK-STAT,26.650216458305415,0.48448546111554364,1.7793785599299186e-156,2.491129983901886e-155,CD4 Central Memory
CD4 Central Memory,43,Gefitinib,DMSO control,Androgen,10.798695903544044,0.17790192054487175,3.4912688049735266e-27,2.4438881634814686e-26,CD4 Central Memory
CD4 Central Memory,44,Gefitinib,DMSO control,Trail,6.712819982975183,0.10226158859165974,1.9089857166801433e-11,8.908600011174002e-11,CD4 Central Memory
CD4 Central Memory,45,Gefitinib,DMSO control,EGFR,5.588981384142303,0.07639811930282558,2.2840543488579995e-08,7.994190221002998e-08,CD4 Central Memory
CD4 Central Memory,46,Gefitinib,DMSO control,NFkB,4.709085694743062,0.09835656348481026,2.488304461938004e-06,6.9672524934264105e-06,CD4 Central Memory
CD4 Central Memory,47,Gefitinib,DMSO control,Estrogen,4.280205416388186,0.05435936564440347,1.86720890787666e-05,4.35682078504554e-05,CD4 Central Memory
CD4 Central Memory,48,Gefitinib,DMSO control,Hypoxia,3.4584184777975255,0.07473171319401306,0.0005433566837092008,0.0010867133674184017,CD4 Central Memory
CD4 Central Memory,49,Gefitinib,DMSO control,p53,3.1740824417044156,0.049499460637838055,0.0015031099066881424,0.0026304423367042493,CD4 Central Memory
CD4 Central Memory,50,Gefitinib,DMSO control,PI3K,2.862015734769839,0.05054955070918343,0.004209560078333249,0.0065482045662961655,CD4 Central Memory
CD4 Central Memory,51,Gefitinib,DMSO control,VEGF,2.259485823765756,0.04232251324207503,0.023853181148311937,0.03037091182350246,CD4 Central Memory
CD4 Central Memory,52,Gefitinib,DMSO control,MAPK,-2.2593300938171885,-0.04915793224244158,0.023862859289894792,0.03037091182350246,CD4 Central Memory
CD4 Central Memory,53,Gefitinib,DMSO control,WNT,-1.7204883617789832,-0.012452433879429181,0.08534370740545286,0.09956765863969501,CD4 Central Memory
CD4 Central Memory,54,Gefitinib,DMSO control,TGFb,0.6524708945102103,0.002235891685393676,0.5140974429892242,0.5536434001422414,CD4 Central Memory
CD4 Central Memory,55,Gefitinib,DMSO control,TNFa,0.06299007919643768,0.007239546116794671,0.9497744042880729,0.9497744042880729,CD4 Central Memory
CD4 Central Memory,56,Ruxolitinib phosphate,DMSO control,JAK-STAT,-28.614229204506245,-0.4806100553592236,4.469815588276322e-180,6.25774182358685e-179,CD4 Central Memory
CD4 Central Memory,57,Ruxolitinib phosphate,DMSO control,EGFR,21.941079304520358,0.45347644649008134,1.0537137037849213e-106,7.375995926494449e-106,CD4 Central Memory
CD4 Central Memory,58,Ruxolitinib phosphate,DMSO control,MAPK,20.3783234121165,0.3546952508091805,2.604235585629974e-92,1.2153099399606547e-91,CD4 Central Memory
CD4 Central Memory,59,Ruxolitinib phosphate,DMSO control,PI3K,16.276387817738247,0.26836793358758376,1.451901014060845e-59,5.081653549212958e-59,CD4 Central Memory
CD4 Central Memory,60,Ruxolitinib phosphate,DMSO control,Estrogen,10.062509800727076,0.1506336716837544,8.090893014134176e-24,2.265450043957569e-23,CD4 Central Memory
CD4 Central Memory,61,Ruxolitinib phosphate,DMSO control,TGFb,8.165956615391886,0.10507694987033848,3.1889787900078515e-16,7.440950510018321e-16,CD4 Central Memory
CD4 Central Memory,62,Ruxolitinib phosphate,DMSO control,Trail,-5.755771557250628,-0.09110124478021683,8.624695373802952e-09,1.7249390747605904e-08,CD4 Central Memory
CD4 Central Memory,63,Ruxolitinib phosphate,DMSO control,NFkB,4.512669318226462,0.09695728632185219,6.4016792082150185e-06,1.1202938614376283e-05,CD4 Central Memory
CD4 Central Memory,64,Ruxolitinib phosphate,DMSO control,VEGF,-3.0851448015955643,-0.061878507185280984,0.0020345307515458474,0.0031648256135157625,CD4 Central Memory
CD4 Central Memory,65,Ruxolitinib phosphate,DMSO control,Hypoxia,2.7820660561508403,0.07499392418446682,0.005401404504881887,0.007561966306834641,CD4 Central Memory
CD4 Central Memory,66,Ruxolitinib phosphate,DMSO control,TNFa,2.3619375941475322,0.04622109407681663,0.01817970221690451,0.02313780282151483,CD4 Central Memory
CD4 Central Memory,67,Ruxolitinib phosphate,DMSO control,WNT,2.231827738077693,0.022528777896443142,0.025626350304882348,0.029897408689029407,CD4 Central Memory
CD4 Central Memory,68,Ruxolitinib phosphate,DMSO control,p53,2.172769057827282,0.037444945797676876,0.029797703234772762,0.032089834252832204,CD4 Central Memory
CD4 Central Memory,69,Ruxolitinib phosphate,DMSO control,Androgen,0.36747828808935806,0.008431389896009112,0.7132622842943517,0.7132622842943517,CD4 Central Memory
CD4 Central Memory,70,Gefitinib hydrochloride,DMSO control,JAK-STAT,25.276016634997006,0.45805561992407956,5.863713687241881e-141,8.209199162138634e-140,CD4 Central Memory
CD4 Central Memory,71,Gefitinib hydrochloride,DMSO control,Androgen,11.597524018235234,0.18356564762780136,4.241732510974661e-31,2.969212757682263e-30,CD4 Central Memory
CD4 Central Memory,72,Gefitinib hydrochloride,DMSO control,Estrogen,6.561009386373876,0.08309392712683294,5.344475636971297e-11,2.4940886305866054e-10,CD4 Central Memory
CD4 Central Memory,73,Gefitinib hydrochloride,DMSO control,Trail,6.482258658737997,0.09954345107571239,9.035955359017914e-11,3.16258437565627e-10,CD4 Central Memory
CD4 Central Memory,74,Gefitinib hydrochloride,DMSO control,EGFR,6.26051634925724,0.0972135180291136,3.837048408994441e-10,1.0743735545184435e-09,CD4 Central Memory
CD4 Central Memory,75,Gefitinib hydrochloride,DMSO control,PI3K,4.762096241254686,0.07837031371949044,1.9159226477054067e-06,3.946795859622867e-06,CD4 Central Memory
CD4 Central Memory,76,Gefitinib hydrochloride,DMSO control,VEGF,4.756129615349653,0.08372697785922112,1.9733979298114335e-06,3.946795859622867e-06,CD4 Central Memory
CD4 Central Memory,77,Gefitinib hydrochloride,DMSO control,NFkB,4.202669108480718,0.08336919987559499,2.6378604604726114e-05,4.61625580582707e-05,CD4 Central Memory
CD4 Central Memory,78,Gefitinib hydrochloride,DMSO control,Hypoxia,4.016022350640822,0.07941796228398124,5.918864484303299e-05,9.207122531138465e-05,CD4 Central Memory
CD4 Central Memory,79,Gefitinib hydrochloride,DMSO control,TNFa,-2.2205974708037144,-0.036523612158295915,0.026378237272174997,0.03692953218104499,CD4 Central Memory
CD4 Central Memory,80,Gefitinib hydrochloride,DMSO control,TGFb,2.110670713393226,0.019174420720954988,0.03480062495185272,0.044291704484176186,CD4 Central Memory
CD4 Central Memory,81,Gefitinib hydrochloride,DMSO control,p53,1.1180709070690957,0.02163180689759736,0.2635367106496437,0.30745949575791764,CD4 Central Memory
CD4 Central Memory,82,Gefitinib hydrochloride,DMSO control,MAPK,0.400388984737098,-0.005523154116540807,0.6888700361470593,0.6901086451904701,CD4 Central Memory
CD4 Central Memory,83,Gefitinib hydrochloride,DMSO control,WNT,-0.3987076299532459,-0.004733514944177397,0.6901086451904701,0.6901086451904701,CD4 Central Memory
CD4 Central Memory,84,Erlotinib hydrochloride,DMSO control,JAK-STAT,23.70310937977415,0.4235800584971708,3.3490769938739565e-124,4.688707791423539e-123,CD4 Central Memory
CD4 Central Memory,85,Erlotinib hydrochloride,DMSO control,Androgen,10.408163857995051,0.17089331846265576,2.275684525302391e-25,1.5929791677116736e-24,CD4 Central Memory
CD4 Central Memory,86,Erlotinib hydrochloride,DMSO control,Estrogen,8.85777564563878,0.12444250964129466,8.162678695017755e-19,3.809250057674953e-18,CD4 Central Memory
CD4 Central Memory,87,Erlotinib hydrochloride,DMSO control,Hypoxia,-7.611531978146796,-0.1783144745143117,2.7086586250741468e-14,9.480305187759513e-14,CD4 Central Memory
CD4 Central Memory,88,Erlotinib hydrochloride,DMSO control,TNFa,-5.144694254950544,-0.08668382742508074,2.6795685566208807e-07,7.502791958538465e-07,CD4 Central Memory
CD4 Central Memory,89,Erlotinib hydrochloride,DMSO control,VEGF,3.9388029527791084,0.0715313733906231,8.188914783900576e-05,0.00019107467829101345,CD4 Central Memory
CD4 Central Memory,90,Erlotinib hydrochloride,DMSO control,Trail,3.809282646544616,0.059689719830558596,0.0001393705633685888,0.0002787411267371776,CD4 Central Memory
CD4 Central Memory,91,Erlotinib hydrochloride,DMSO control,p53,-3.151298471135465,-0.05267243014458689,0.001625462919951241,0.002844560109914672,CD4 Central Memory
CD4 Central Memory,92,Erlotinib hydrochloride,DMSO control,NFkB,-2.959255507571549,-0.054846297270268796,0.003083832971660887,0.004797073511472491,CD4 Central Memory
CD4 Central Memory,93,Erlotinib hydrochloride,DMSO control,MAPK,-2.0933418719294465,-0.04892660650888492,0.03631864736013117,0.05084610630418364,CD4 Central Memory
CD4 Central Memory,94,Erlotinib hydrochloride,DMSO control,EGFR,1.9424312165935762,0.005645424663809351,0.05208491929554715,0.06628989728524183,CD4 Central Memory
CD4 Central Memory,95,Erlotinib hydrochloride,DMSO control,WNT,-1.5236571903670257,-0.017205512265385803,0.12759436872264027,0.14886009684308033,CD4 Central Memory
CD4 Central Memory,96,Erlotinib hydrochloride,DMSO control,PI3K,-0.40664065908047486,-0.005925539225246856,0.684271930048111,0.7369082323595042,CD4 Central Memory
CD4 Central Memory,97,Erlotinib hydrochloride,DMSO control,TGFb,-0.013234137632544175,-0.008235571667436797,0.9894409941299555,0.9894409941299555,CD4 Central Memory
CD4 Central Memory,98,Erlotinib,DMSO control,JAK-STAT,26.895727527906818,0.48880140256924104,2.4640681559614165e-159,3.449695418345983e-158,CD4 Central Memory
CD4 Central Memory,99,Erlotinib,DMSO control,Androgen,10.299111051994355,0.174697203182816,7.111541841009592e-25,4.978079288706714e-24,CD4 Central Memory
CD4 Central Memory,100,Erlotinib,DMSO control,Estrogen,7.454219734539616,0.1027068482129434,9.040122495788786e-14,4.2187238313681004e-13,CD4 Central Memory
CD4 Central Memory,101,Erlotinib,DMSO control,Hypoxia,-7.20210689016709,-0.1796102872914287,5.928918317650556e-13,2.0751214111776946e-12,CD4 Central Memory
CD4 Central Memory,102,Erlotinib,DMSO control,VEGF,6.96662908338593,0.11622097205189075,3.2462504598655155e-12,9.089501287623443e-12,CD4 Central Memory
CD4 Central Memory,103,Erlotinib,DMSO control,TNFa,-6.422729800215655,-0.10397726725032674,1.338519620553721e-10,3.123212447958683e-10,CD4 Central Memory
CD4 Central Memory,104,Erlotinib,DMSO control,NFkB,-3.945355797889248,-0.07010047521114449,7.968157342390004e-05,0.00015936314684780007,CD4 Central Memory
CD4 Central Memory,105,Erlotinib,DMSO control,Trail,3.2724923420594214,0.04858023711472542,0.001066037603928842,0.0018655658068754736,CD4 Central Memory
CD4 Central Memory,106,Erlotinib,DMSO control,WNT,-2.9747845590218325,-0.03134875543985971,0.002931943826242301,0.004560801507488024,CD4 Central Memory
CD4 Central Memory,107,Erlotinib,DMSO control,TGFb,-2.3833204758951867,-0.03243440791277205,0.017157250637158755,0.024020150892022255,CD4 Central Memory
CD4 Central Memory,108,Erlotinib,DMSO control,MAPK,-1.9694379181341457,-0.04168583348900867,0.048902825076942893,0.06223995918883641,CD4 Central Memory
CD4 Central Memory,109,Erlotinib,DMSO control,EGFR,1.8179585249241013,0.012559346015412753,0.06907047213409566,0.08058221748977827,CD4 Central Memory
CD4 Central Memory,110,Erlotinib,DMSO control,p53,-1.4397627975419958,-0.02042920748753474,0.14993451983356468,0.16146794443614657,CD4 Central Memory
CD4 Central Memory,111,Erlotinib,DMSO control,PI3K,-0.06705760646587265,-0.0036111812275844146,0.9465358430296181,0.9465358430296181,CD4 Central Memory
CD4 Central Memory,112,Canertinib dihydrochloride,DMSO control,JAK-STAT,29.786291243337274,0.47586349609656514,5.87999874652714e-195,8.231998245137996e-194,CD4 Central Memory
CD4 Central Memory,113,Canertinib dihydrochloride,DMSO control,TGFb,-22.32643529814902,-0.2706847485294965,2.0461187851377312e-110,1.4322831495964118e-109,CD4 Central Memory
CD4 Central Memory,114,Canertinib dihydrochloride,DMSO control,MAPK,-19.144843716984315,-0.31541832914762247,1.0685871136601643e-81,4.986739863747434e-81,CD4 Central Memory
CD4 Central Memory,115,Canertinib dihydrochloride,DMSO control,PI3K,-18.55008277422784,-0.3063128624596526,8.14265116675196e-77,2.849927908363186e-76,CD4 Central Memory
CD4 Central Memory,116,Canertinib dihydrochloride,DMSO control,Trail,14.558639246603665,0.23074371182976372,5.1472189795901496e-48,1.4412213142852418e-47,CD4 Central Memory
CD4 Central Memory,117,Canertinib dihydrochloride,DMSO control,Androgen,12.37767805396624,0.19815105902671504,3.4518534342936087e-35,8.05432468001842e-35,CD4 Central Memory
CD4 Central Memory,118,Canertinib dihydrochloride,DMSO control,Hypoxia,-10.615520175176332,-0.23672569702100033,2.5238473638800556e-26,5.047694727760111e-26,CD4 Central Memory
CD4 Central Memory,119,Canertinib dihydrochloride,DMSO control,VEGF,-10.325288322666946,-0.16923658639843353,5.415585481441089e-25,9.477274592521904e-25,CD4 Central Memory
CD4 Central Memory,120,Canertinib dihydrochloride,DMSO control,EGFR,-10.227867006929204,-0.20124646953780911,1.4875969679417798e-24,2.3140397279094355e-24,CD4 Central Memory
CD4 Central Memory,121,Canertinib dihydrochloride,DMSO control,TNFa,9.819079016979169,0.14580527411098654,9.319102194848056e-23,1.3046743072787278e-22,CD4 Central Memory
CD4 Central Memory,122,Canertinib dihydrochloride,DMSO control,NFkB,9.351401751938369,0.15361031103487588,8.649370552575086e-21,1.1008289794186473e-20,CD4 Central Memory
CD4 Central Memory,123,Canertinib dihydrochloride,DMSO control,p53,6.430234511683412,0.09862932735793573,1.2740722638802313e-10,1.4864176411936033e-10,CD4 Central Memory
CD4 Central Memory,124,Canertinib dihydrochloride,DMSO control,Estrogen,3.4124598303552616,0.04260396282203249,0.0006437941451524306,0.0006933167717026175,CD4 Central Memory
CD4 Central Memory,125,Canertinib dihydrochloride,DMSO control,WNT,-3.1988825298500245,-0.03270944461788039,0.0013796137076222152,0.0013796137076222152,CD4 Central Memory
CD4 Central Memory,126,Afatinib dimaleate,DMSO control,JAK-STAT,40.494398382460496,0.8022069468962401,0.0,0.0,CD4 Central Memory
CD4 Central Memory,127,Afatinib dimaleate,DMSO control,NFkB,31.21290103279549,0.603252811354674,7.120427655377299e-214,4.984299358764109e-213,CD4 Central Memory
CD4 Central Memory,128,Afatinib dimaleate,DMSO control,TNFa,27.60239045326137,0.4594283640307615,1.0415699973991105e-167,4.860659987862516e-167,CD4 Central Memory
CD4 Central Memory,129,Afatinib dimaleate,DMSO control,EGFR,23.94129876009457,0.4613677592207086,1.1384812813973926e-126,3.984684484890874e-126,CD4 Central Memory
CD4 Central Memory,130,Afatinib dimaleate,DMSO control,PI3K,16.6342677875415,0.2814557193471873,3.9353709836795865e-62,1.1019038754302842e-61,CD4 Central Memory
CD4 Central Memory,131,Afatinib dimaleate,DMSO control,p53,15.969337126248368,0.26154894980807697,2.0899514170008704e-57,4.8765533063353645e-57,CD4 Central Memory
CD4 Central Memory,132,Afatinib dimaleate,DMSO control,Estrogen,10.646713391059647,0.15425634424125478,1.8063014688395084e-26,3.612602937679017e-26,CD4 Central Memory
CD4 Central Memory,133,Afatinib dimaleate,DMSO control,WNT,9.239796701323955,0.0902574559062852,2.469660204689615e-20,4.3219053582068264e-20,CD4 Central Memory
CD4 Central Memory,134,Afatinib dimaleate,DMSO control,Androgen,8.58359032311893,0.13606481541613502,9.195704054961881e-18,1.4304428529940706e-17,CD4 Central Memory
CD4 Central Memory,135,Afatinib dimaleate,DMSO control,Trail,7.82136636914598,0.12744271401947432,5.2253021831096585e-15,7.315423056353522e-15,CD4 Central Memory
CD4 Central Memory,136,Afatinib dimaleate,DMSO control,MAPK,6.9045823145342125,0.11730199822365006,5.035135466087575e-12,6.190542696910283e-12,CD4 Central Memory
CD4 Central Memory,137,Afatinib dimaleate,DMSO control,Hypoxia,6.897134889460884,0.1459948110206466,5.306179454494528e-12,6.190542696910283e-12,CD4 Central Memory
CD4 Central Memory,138,Afatinib dimaleate,DMSO control,VEGF,-6.080110162321427,-0.08923714230526025,1.2010000544922915e-09,1.2933846740686215e-09,CD4 Central Memory
CD4 Central Memory,139,Afatinib dimaleate,DMSO control,TGFb,-0.809130675764822,-0.017436842930663055,0.41843998512384095,0.41843998512384095,CD4 Central Memory
CD4 Central Memory,140,IL-6 control,DMSO control,JAK-STAT,26.380058172577712,0.478312853063145,2.3208954523247544e-153,3.2492536332546562e-152,CD4 Central Memory
CD4 Central Memory,141,IL-6 control,DMSO control,Androgen,15.094955065708456,0.2505524574598661,1.7480694751183785e-51,1.223648632582865e-50,CD4 Central Memory
CD4 Central Memory,142,IL-6 control,DMSO control,VEGF,13.537049858313722,0.24360256436388772,9.450884184372443e-42,4.4104126193738075e-41,CD4 Central Memory
CD4 Central Memory,143,IL-6 control,DMSO control,Estrogen,12.227461425361014,0.17821490001978768,2.217611758168707e-34,7.761641153590473e-34,CD4 Central Memory
CD4 Central Memory,144,IL-6 control,DMSO control,TNFa,-9.284397408275513,-0.14699783278457268,1.6262476691691932e-20,4.5534934736737406e-20,CD4 Central Memory
CD4 Central Memory,145,IL-6 control,DMSO control,EGFR,7.466889796632582,0.13354344118880346,8.211248028607483e-14,1.915957873341746e-13,CD4 Central Memory
CD4 Central Memory,146,IL-6 control,DMSO control,PI3K,6.979330837782269,0.11903901947294637,2.9658930560727547e-12,5.931786112145509e-12,CD4 Central Memory
CD4 Central Memory,147,IL-6 control,DMSO control,MAPK,6.2846364060578015,0.10076506394110374,3.286218860146392e-10,5.750883005256186e-10,CD4 Central Memory
CD4 Central Memory,148,IL-6 control,DMSO control,Trail,5.563074823550244,0.08597761504577134,2.650621698026915e-08,4.123189308041868e-08,CD4 Central Memory
CD4 Central Memory,149,IL-6 control,DMSO control,TGFb,5.38417811422123,0.0567488844839692,7.277641169598556e-08,1.0188697637437977e-07,CD4 Central Memory
CD4 Central Memory,150,IL-6 control,DMSO control,WNT,-4.423023214438302,-0.04586374535701454,9.732927883245518e-06,1.2387362760494297e-05,CD4 Central Memory
CD4 Central Memory,151,IL-6 control,DMSO control,p53,-3.485010165176728,-0.05060851065153171,0.0004921183456613026,0.0005741380699381864,CD4 Central Memory
CD4 Central Memory,152,IL-6 control,DMSO control,NFkB,-2.6764938200060757,-0.027881931776295055,0.007439693780626106,0.008011977917597345,CD4 Central Memory
CD4 Central Memory,153,IL-6 control,DMSO control,Hypoxia,-2.606173976921156,-0.06011382421597711,0.009155994213165987,0.009155994213165987,CD4 Central Memory
CD4 Central Memory,154,NVP-BSK805,DMSO control,EGFR,24.483878194829,0.47674279784453444,2.1937645880591936e-132,3.0712704232828714e-131,CD4 Central Memory
CD4 Central Memory,155,NVP-BSK805,DMSO control,JAK-STAT,-24.08141633475682,-0.426344077039785,3.914300922331966e-128,2.7400106456323764e-127,CD4 Central Memory
CD4 Central Memory,156,NVP-BSK805,DMSO control,MAPK,21.361378703661796,0.3538331338493612,3.056556024981105e-101,1.426392811657849e-100,CD4 Central Memory
CD4 Central Memory,157,NVP-BSK805,DMSO control,Hypoxia,20.713971105615556,0.4404532974133839,2.5918382960316484e-95,9.071434036110769e-95,CD4 Central Memory
CD4 Central Memory,158,NVP-BSK805,DMSO control,NFkB,17.959314038514425,0.33174847239713223,4.0579152626833744e-72,1.1362162735513447e-71,CD4 Central Memory
CD4 Central Memory,159,NVP-BSK805,DMSO control,TGFb,13.756815545947038,0.16464135183462858,4.634972739955684e-43,1.0814936393229931e-42,CD4 Central Memory
CD4 Central Memory,160,NVP-BSK805,DMSO control,Estrogen,10.599357565089736,0.15156531213828606,3.000341512182354e-26,6.000683024364708e-26,CD4 Central Memory
CD4 Central Memory,161,NVP-BSK805,DMSO control,PI3K,10.555804578228217,0.16981382630800973,4.775307365794731e-26,8.356787890140779e-26,CD4 Central Memory
CD4 Central Memory,162,NVP-BSK805,DMSO control,TNFa,10.507777110173448,0.17083144645844905,7.95463745738352e-26,1.2373880489263254e-25,CD4 Central Memory
CD4 Central Memory,163,NVP-BSK805,DMSO control,Androgen,6.614819219557087,0.10700720015056797,3.7200607735814714e-11,5.2080850830140597e-11,CD4 Central Memory
CD4 Central Memory,164,NVP-BSK805,DMSO control,p53,3.7568689339109493,0.06254514120497046,0.00017205254863072024,0.00021897597098455304,CD4 Central Memory
CD4 Central Memory,165,NVP-BSK805,DMSO control,WNT,2.0238268512624686,0.018617609448676076,0.042987970418063536,0.05015263215440746,CD4 Central Memory
CD4 Central Memory,166,NVP-BSK805,DMSO control,Trail,1.5013040268189108,0.02257980492510342,0.13327694394575146,0.1435290165569631,CD4 Central Memory
CD4 Central Memory,167,NVP-BSK805,DMSO control,VEGF,-1.1635603229724225,-0.029167840493076636,0.24460223858114538,0.24460223858114538,CD4 Central Memory
CD4 Central Memory,168,Baricitinib phosphate,DMSO control,JAK-STAT,-23.34422257890273,-0.37394241754568414,1.5775605448921063e-120,2.2085847628489488e-119,CD4 Central Memory
CD4 Central Memory,169,Baricitinib phosphate,DMSO control,EGFR,14.667266582698911,0.294245312484275,1.0446948138639854e-48,7.312863697047898e-48,CD4 Central Memory
CD4 Central Memory,170,Baricitinib phosphate,DMSO control,MAPK,13.982263393703471,0.2449959986686021,2.0002399128316363e-44,9.334452926547636e-44,CD4 Central Memory
CD4 Central Memory,171,Baricitinib phosphate,DMSO control,PI3K,11.522895293103831,0.19187514748023005,1.0115389684599757e-30,3.5403863896099145e-30,CD4 Central Memory
CD4 Central Memory,172,Baricitinib phosphate,DMSO control,Trail,-6.211589436822228,-0.09623809199450276,5.245132336118016e-10,1.4686370541130444e-09,CD4 Central Memory
CD4 Central Memory,173,Baricitinib phosphate,DMSO control,TGFb,5.943811195474851,0.06611148943866245,2.7847032795737144e-09,6.497640985672e-09,CD4 Central Memory
CD4 Central Memory,174,Baricitinib phosphate,DMSO control,Estrogen,4.77281815695663,0.07510714978651434,1.8166580436521536e-06,3.633316087304307e-06,CD4 Central Memory
CD4 Central Memory,175,Baricitinib phosphate,DMSO control,Hypoxia,3.6314840164621036,0.073155456682934,0.0002817961129839839,0.0004931431977219717,CD4 Central Memory
CD4 Central Memory,176,Baricitinib phosphate,DMSO control,NFkB,2.608972169758545,0.05094275318938846,0.009081462780933825,0.014126719881452617,CD4 Central Memory
CD4 Central Memory,177,Baricitinib phosphate,DMSO control,p53,1.287337534084008,0.022189596169860604,0.19797666645270307,0.27716733303378427,CD4 Central Memory
CD4 Central Memory,178,Baricitinib phosphate,DMSO control,WNT,-1.0894710764593891,-0.008161228205660231,0.27594620285972726,0.3512042581851074,CD4 Central Memory
CD4 Central Memory,179,Baricitinib phosphate,DMSO control,Androgen,0.7410483710252846,0.011457938424893399,0.4586641120660334,0.5351081307437057,CD4 Central Memory
CD4 Central Memory,180,Baricitinib phosphate,DMSO control,TNFa,-0.4465504497856986,-0.0015302637585259404,0.6551996788817331,0.705599654180328,CD4 Central Memory
CD4 Central Memory,181,Baricitinib phosphate,DMSO control,VEGF,-0.32460757050123007,-0.0064529209866175385,0.7454780968365787,0.7454780968365787,CD4 Central Memory
CD4 Central Memory,182,Tofacitinib citrate,DMSO control,JAK-STAT,-18.088136716842797,-0.29500662263799915,3.952252989437446e-73,5.533154185212425e-72,CD4 Central Memory
CD4 Central Memory,183,Tofacitinib citrate,DMSO control,MAPK,6.302743422514671,0.1013470589331158,2.9242275828821616e-10,2.046959308017513e-09,CD4 Central Memory
CD4 Central Memory,184,Tofacitinib citrate,DMSO control,Trail,5.4587729013762845,0.08863404179072831,4.794365175167729e-08,2.2373704150782736e-07,CD4 Central Memory
CD4 Central Memory,185,Tofacitinib citrate,DMSO control,Hypoxia,5.250305459645063,0.1200949510646292,1.5184719620401743e-07,5.31465186714061e-07,CD4 Central Memory
CD4 Central Memory,186,Tofacitinib citrate,DMSO control,EGFR,5.201550104231865,0.09607033115147634,1.9763317476602923e-07,5.533728893448818e-07,CD4 Central Memory
CD4 Central Memory,187,Tofacitinib citrate,DMSO control,TNFa,-4.5352467614405425,-0.07368899199953072,5.753617608072965e-06,1.3425107752170252e-05,CD4 Central Memory
CD4 Central Memory,188,Tofacitinib citrate,DMSO control,Estrogen,2.885115884319891,0.04074548698278857,0.003912696073413448,0.007825392146826897,CD4 Central Memory
CD4 Central Memory,189,Tofacitinib citrate,DMSO control,TGFb,2.2874392092235314,0.025765712988950945,0.022170199904212262,0.03879784983237146,CD4 Central Memory
CD4 Central Memory,190,Tofacitinib citrate,DMSO control,p53,-1.8867813718061093,-0.03135303427742464,0.05918973765656378,0.0858501047455854,CD4 Central Memory
CD4 Central Memory,191,Tofacitinib citrate,DMSO control,WNT,1.8711701311031377,0.020334632155510235,0.06132150338970386,0.0858501047455854,CD4 Central Memory
CD4 Central Memory,192,Tofacitinib citrate,DMSO control,Androgen,1.5880783605469635,0.02639734530611748,0.11226862087633309,0.14288733566078757,CD4 Central Memory
CD4 Central Memory,193,Tofacitinib citrate,DMSO control,VEGF,1.4512418301272625,0.028372390231119038,0.14671253274650997,0.17116462153759499,CD4 Central Memory
CD4 Central Memory,194,Tofacitinib citrate,DMSO control,NFkB,-1.3204733305078495,-0.025770434470132608,0.1866770345622173,0.1912641085782566,CD4 Central Memory
CD4 Central Memory,195,Tofacitinib citrate,DMSO control,PI3K,1.3068486797278984,0.024932045046173856,0.1912641085782566,0.1912641085782566,CD4 Central Memory
CD4 Central Memory,196,Canertinib,DMSO control,JAK-STAT,28.88390709682935,0.4618346334114016,1.90171558173863e-183,2.662401814434082e-182,CD4 Central Memory
CD4 Central Memory,197,Canertinib,DMSO control,TGFb,-24.317121091341075,-0.2989966154658697,1.2920329951962267e-130,9.044230966373587e-130,CD4 Central Memory
CD4 Central Memory,198,Canertinib,DMSO control,MAPK,-21.123321639827456,-0.3543661012069277,4.855770683806055e-99,2.2660263191094923e-98,CD4 Central Memory
CD4 Central Memory,199,Canertinib,DMSO control,PI3K,-18.490533707623452,-0.30876342209135454,2.4610661736638127e-76,8.613731607823345e-76,CD4 Central Memory
CD4 Central Memory,200,Canertinib,DMSO control,Trail,15.057052400633307,0.23549123482923373,3.1031731897439553e-51,8.688884931283075e-51,CD4 Central Memory
CD4 Central Memory,201,Canertinib,DMSO control,VEGF,-12.238880942815017,-0.19713204094377046,1.926707351549764e-34,4.495650486949449e-34,CD4 Central Memory
CD4 Central Memory,202,Canertinib,DMSO control,EGFR,-12.107977364693605,-0.2402539560001975,9.582809377422572e-34,1.9165618754845145e-33,CD4 Central Memory
CD4 Central Memory,203,Canertinib,DMSO control,Hypoxia,-11.682388497490988,-0.2624540051496571,1.5682588700412002e-31,2.7444530225721e-31,CD4 Central Memory
CD4 Central Memory,204,Canertinib,DMSO control,Androgen,11.438294401929245,0.1828036548695664,2.6912418019103122e-30,4.1863761363049305e-30,CD4 Central Memory
CD4 Central Memory,205,Canertinib,DMSO control,TNFa,9.52232989102716,0.14595167914742024,1.6933910392464934e-21,2.3707474549450907e-21,CD4 Central Memory
CD4 Central Memory,206,Canertinib,DMSO control,p53,8.91676863526392,0.1425560936853687,4.800912615990651e-19,6.110252420351738e-19,CD4 Central Memory
CD4 Central Memory,207,Canertinib,DMSO control,NFkB,8.315795895521504,0.13839315319480106,9.113855318391658e-17,1.0632831204790268e-16,CD4 Central Memory
CD4 Central Memory,208,Canertinib,DMSO control,WNT,-2.9826262223504005,-0.028164944705184825,0.0028578677838053124,0.003077703767174952,CD4 Central Memory
CD4 Central Memory,209,Canertinib,DMSO control,Estrogen,2.013829705334566,0.022702646717464692,0.04402741580761793,0.04402741580761793,CD4 Central Memory
CD4 Central Memory,210,Afatinib,DMSO control,JAK-STAT,37.93036201356237,0.7164630469811186,0.0,0.0,CD4 Central Memory
CD4 Central Memory,211,Afatinib,DMSO control,NFkB,27.766313418475523,0.5164473965926664,1.1072644425187391e-169,7.750851097631173e-169,CD4 Central Memory
CD4 Central Memory,212,Afatinib,DMSO control,TNFa,24.22174859968913,0.38540942660462374,1.3128296322481575e-129,6.126538283824736e-129,CD4 Central Memory
CD4 Central Memory,213,Afatinib,DMSO control,EGFR,20.99125537299434,0.38883912990363045,7.883595049444107e-98,2.759258267305437e-97,CD4 Central Memory
CD4 Central Memory,214,Afatinib,DMSO control,PI3K,17.02555505563121,0.2762189277770948,5.308669256133655e-65,1.4864273917174233e-64,CD4 Central Memory
CD4 Central Memory,215,Afatinib,DMSO control,p53,16.89801949868098,0.2663138573125039,4.6527327286356776e-64,1.0856376366816582e-63,CD4 Central Memory
CD4 Central Memory,216,Afatinib,DMSO control,Androgen,10.861363867980886,0.17046812784657162,1.7609923621653204e-27,3.521984724330641e-27,CD4 Central Memory
CD4 Central Memory,217,Afatinib,DMSO control,Estrogen,9.42491670116748,0.126507705863538,4.304470948271485e-21,7.532824159475098e-21,CD4 Central Memory
CD4 Central Memory,218,Afatinib,DMSO control,Trail,7.6408829993178395,0.1166028215627164,2.1573704057286305e-14,3.3559095200223143e-14,CD4 Central Memory
CD4 Central Memory,219,Afatinib,DMSO control,Hypoxia,7.3377176340612165,0.15158168878980804,2.1726693054538097e-13,3.0417370276353335e-13,CD4 Central Memory
CD4 Central Memory,220,Afatinib,DMSO control,WNT,5.235934121366388,0.051502398198889354,1.641525005315645e-07,2.089213643129003e-07,CD4 Central Memory
CD4 Central Memory,221,Afatinib,DMSO control,MAPK,5.13731059674178,0.08075352219371101,2.7869812433247726e-07,3.251478117212235e-07,CD4 Central Memory
CD4 Central Memory,222,Afatinib,DMSO control,VEGF,-4.822730424124188,-0.07556951320293814,1.4160629510627336e-06,1.5249908703752516e-06,CD4 Central Memory
CD4 Central Memory,223,Afatinib,DMSO control,TGFb,0.614483430460076,0.003021124762645183,0.5388959190789698,0.5388959190789698,CD4 Central Memory
CD4 Central Memory,224,Baricitinib,DMSO control,JAK-STAT,-27.16418031291996,-0.43818993303139875,1.7218474638816702e-162,2.4105864494343384e-161,CD4 Central Memory
CD4 Central Memory,225,Baricitinib,DMSO control,PI3K,15.465987690647516,0.2582531286918405,5.886343084177382e-54,4.120440158924167e-53,CD4 Central Memory
CD4 Central Memory,226,Baricitinib,DMSO control,MAPK,14.847695283829275,0.24863249785800967,7.200174453544533e-50,3.3600814116541157e-49,CD4 Central Memory
CD4 Central Memory,227,Baricitinib,DMSO control,EGFR,14.544622027783268,0.28176604663690585,6.317883987317277e-48,2.211259395561047e-47,CD4 Central Memory
CD4 Central Memory,228,Baricitinib,DMSO control,Trail,-9.658954308949147,-0.15476263582339575,4.5043814736372555e-22,1.2612268126184314e-21,CD4 Central Memory
CD4 Central Memory,229,Baricitinib,DMSO control,TGFb,6.8086351622174535,0.07672421590564668,9.852899341961394e-12,2.299009846457659e-11,CD4 Central Memory
CD4 Central Memory,230,Baricitinib,DMSO control,Estrogen,6.1354123407852175,0.0898484709213685,8.493859167002885e-10,1.698771833400577e-09,CD4 Central Memory
CD4 Central Memory,231,Baricitinib,DMSO control,Hypoxia,2.5278182529156497,0.05863504898903793,0.01147737491979804,0.02008540610964657,CD4 Central Memory
CD4 Central Memory,232,Baricitinib,DMSO control,NFkB,2.3093132907657297,0.03727628216957313,0.020926202666663937,0.03255187081481057,CD4 Central Memory
CD4 Central Memory,233,Baricitinib,DMSO control,WNT,-1.5958183483114785,-0.017525256108839926,0.11052935554208326,0.15474109775891656,CD4 Central Memory
CD4 Central Memory,234,Baricitinib,DMSO control,VEGF,-1.1270163075469666,-0.027046335457463933,0.2597355862161038,0.3305725642750412,CD4 Central Memory
CD4 Central Memory,235,Baricitinib,DMSO control,Androgen,0.6985179903059254,0.012228550145303663,0.4848533110595099,0.5528666106463213,CD4 Central Memory
CD4 Central Memory,236,Baricitinib,DMSO control,p53,0.6535897674027359,0.011257402609690992,0.5133761384572983,0.5528666106463213,CD4 Central Memory
CD4 Central Memory,237,Baricitinib,DMSO control,TNFa,-0.4342947427164175,-0.009556908309824586,0.6640744210453902,0.6640744210453902,CD4 Central Memory
CD8 Central Memory,0,Tofacitinib,DMSO control,JAK-STAT,-7.874570805173469,-0.24056371566956034,3.4191453236366058e-15,4.786803453091248e-14,CD8 Central Memory
CD8 Central Memory,1,Tofacitinib,DMSO control,EGFR,3.3353406679550304,0.13435940042291117,0.0008519495991789214,0.00596364719425245,CD8 Central Memory
CD8 Central Memory,2,Tofacitinib,DMSO control,MAPK,2.210621918681547,0.0786662649015124,0.027062029619648043,0.10327485837791721,CD8 Central Memory
CD8 Central Memory,3,Tofacitinib,DMSO control,TGFb,2.0609113468208116,0.05159394427788366,0.03931149858060075,0.10327485837791721,CD8 Central Memory
CD8 Central Memory,4,Tofacitinib,DMSO control,NFkB,1.9936372288329087,0.0670823786575998,0.046191713782046645,0.10327485837791721,CD8 Central Memory
CD8 Central Memory,5,Tofacitinib,DMSO control,Trail,1.9540751955085387,0.06599934914899641,0.05069232504019574,0.10327485837791721,CD8 Central Memory
CD8 Central Memory,6,Tofacitinib,DMSO control,Hypoxia,1.946144127507191,0.06865208116184807,0.051637429188958604,0.10327485837791721,CD8 Central Memory
CD8 Central Memory,7,Tofacitinib,DMSO control,Estrogen,1.5171200019754605,0.043986219711674934,0.12923638907296534,0.22616368087768934,CD8 Central Memory
CD8 Central Memory,8,Tofacitinib,DMSO control,WNT,0.8662592391119146,0.01792836018006494,0.386348013721975,0.5608930418252828,CD8 Central Memory
CD8 Central Memory,9,Tofacitinib,DMSO control,TNFa,0.7991717344887493,0.02372386963101647,0.4241908391793552,0.5608930418252828,CD8 Central Memory
CD8 Central Memory,10,Tofacitinib,DMSO control,p53,0.7235933217700234,0.018332775817353042,0.46931544254523194,0.5608930418252828,CD8 Central Memory
CD8 Central Memory,11,Tofacitinib,DMSO control,VEGF,-0.7050719453198172,-0.01939538987923317,0.4807654644216709,0.5608930418252828,CD8 Central Memory
CD8 Central Memory,12,Tofacitinib,DMSO control,PI3K,0.42473201814276557,0.017407775179915652,0.6710320402794676,0.7226498895317344,CD8 Central Memory
CD8 Central Memory,13,Tofacitinib,DMSO control,Androgen,-0.2399847870525468,-0.003586293993634304,0.8103420502083334,0.8103420502083334,CD8 Central Memory
CD8 Central Memory,14,Ruxolitinib,DMSO control,JAK-STAT,-12.784476027817893,-0.4139937426044451,2.00207539701309e-37,2.8029055558183258e-36,CD8 Central Memory
CD8 Central Memory,15,Ruxolitinib,DMSO control,EGFR,7.160266205568444,0.283219287438369,8.052054460694902e-13,5.6364381224864315e-12,CD8 Central Memory
CD8 Central Memory,16,Ruxolitinib,DMSO control,MAPK,6.675495592163152,0.21736099180130197,2.4639807067605662e-11,1.149857663154931e-10,CD8 Central Memory
CD8 Central Memory,17,Ruxolitinib,DMSO control,PI3K,5.082565385087428,0.16866158925438374,3.7237106568419456e-07,1.1571475599476727e-06,CD8 Central Memory
CD8 Central Memory,18,Ruxolitinib,DMSO control,Trail,-5.062742912312281,-0.16919591528319533,4.1326698569559745e-07,1.1571475599476727e-06,CD8 Central Memory
CD8 Central Memory,19,Ruxolitinib,DMSO control,VEGF,-3.9025261705127243,-0.1407282914135881,9.519394184665473e-05,0.00022211919764219436,CD8 Central Memory
CD8 Central Memory,20,Ruxolitinib,DMSO control,Estrogen,3.135887404515037,0.09139767876727811,0.001713349700748758,0.003426699401497516,CD8 Central Memory
CD8 Central Memory,21,Ruxolitinib,DMSO control,Hypoxia,-2.4497890127135666,-0.10909756936208437,0.014293994493527267,0.025014490363672717,CD8 Central Memory
CD8 Central Memory,22,Ruxolitinib,DMSO control,WNT,-1.6310004702093008,-0.03474511710335426,0.10289022029345246,0.15793722187507128,CD8 Central Memory
CD8 Central Memory,23,Ruxolitinib,DMSO control,NFkB,1.5780170383056364,0.03842886017124747,0.11456169557894433,0.15793722187507128,CD8 Central Memory
CD8 Central Memory,24,Ruxolitinib,DMSO control,TGFb,1.5378163224906185,0.043789939627231655,0.12409353147327029,0.15793722187507128,CD8 Central Memory
CD8 Central Memory,25,Ruxolitinib,DMSO control,TNFa,1.1235822185165163,0.03496947713075382,0.26119030302820356,0.2844909769226274,CD8 Central Memory
CD8 Central Memory,26,Ruxolitinib,DMSO control,p53,1.1165887760187423,0.037012968718880934,0.2641701928567255,0.2844909769226274,CD8 Central Memory
CD8 Central Memory,27,Ruxolitinib,DMSO control,Androgen,0.3356852398931455,0.00333773149137806,0.737108237467041,0.737108237467041,CD8 Central Memory
CD8 Central Memory,28,NVP-BSK805 2HCl,DMSO control,JAK-STAT,-12.032311943616142,-0.3755926258001604,2.403350655312361e-33,3.3646909174373056e-32,CD8 Central Memory
CD8 Central Memory,29,NVP-BSK805 2HCl,DMSO control,EGFR,10.798844913829203,0.42489735246040405,3.485608118624749e-27,2.439925683037324e-26,CD8 Central Memory
CD8 Central Memory,30,NVP-BSK805 2HCl,DMSO control,MAPK,8.700122219600827,0.28436161664291637,3.3152692140851162e-18,1.547125633239721e-17,CD8 Central Memory
CD8 Central Memory,31,NVP-BSK805 2HCl,DMSO control,Hypoxia,7.980071532526255,0.33991185442956073,1.4624851010914963e-15,5.118697853820237e-15,CD8 Central Memory
CD8 Central Memory,32,NVP-BSK805 2HCl,DMSO control,NFkB,7.869708452994906,0.282300941401477,3.554686603458529e-15,9.95312248968388e-15,CD8 Central Memory
CD8 Central Memory,33,NVP-BSK805 2HCl,DMSO control,TNFa,5.044139989522464,0.16137820618566456,4.5556568975339714e-07,1.0629866094245933e-06,CD8 Central Memory
CD8 Central Memory,34,NVP-BSK805 2HCl,DMSO control,Estrogen,4.1890085414677865,0.12310805079512699,2.801758554940147e-05,5.603517109880294e-05,CD8 Central Memory
CD8 Central Memory,35,NVP-BSK805 2HCl,DMSO control,TGFb,3.9118695190248083,0.1017139407846632,9.158439217548787e-05,0.00016027268630710377,CD8 Central Memory
CD8 Central Memory,36,NVP-BSK805 2HCl,DMSO control,VEGF,-3.6311277348946502,-0.1334811117668,0.00028218546900550464,0.00043895517400856275,CD8 Central Memory
CD8 Central Memory,37,NVP-BSK805 2HCl,DMSO control,PI3K,3.2890477929257877,0.10793095101373706,0.001005269520394385,0.0014073773285521389,CD8 Central Memory
CD8 Central Memory,38,NVP-BSK805 2HCl,DMSO control,Androgen,2.7136092236999367,0.08599664418352004,0.0066554624042424295,0.008470588514490365,CD8 Central Memory
CD8 Central Memory,39,NVP-BSK805 2HCl,DMSO control,p53,1.6262592628462387,0.04939392043946933,0.10389451387980737,0.12121026619310861,CD8 Central Memory
CD8 Central Memory,40,NVP-BSK805 2HCl,DMSO control,WNT,-0.5313845465699488,-0.007844325380174322,0.5951523280133868,0.6409332763221088,CD8 Central Memory
CD8 Central Memory,41,NVP-BSK805 2HCl,DMSO control,Trail,-0.34723325931888005,-0.012679967490930144,0.7284160861319082,0.7284160861319082,CD8 Central Memory
CD8 Central Memory,42,Gefitinib,DMSO control,MAPK,-3.5238173688908674,-0.13090027229315648,0.0004253773351396724,0.00515703477405499,CD8 Central Memory
CD8 Central Memory,43,Gefitinib,DMSO control,JAK-STAT,3.3755364763402302,0.09638646631550199,0.0007367192534364272,0.00515703477405499,CD8 Central Memory
CD8 Central Memory,44,Gefitinib,DMSO control,Trail,2.762414496287102,0.07900582972101977,0.005737558756951297,0.026775274199106053,CD8 Central Memory
CD8 Central Memory,45,Gefitinib,DMSO control,TNFa,2.4213196668112444,0.08291606458250911,0.01546427169539333,0.046756655637901365,CD8 Central Memory
CD8 Central Memory,46,Gefitinib,DMSO control,TGFb,-2.393273116411042,-0.06590270191083056,0.016698805584964775,0.046756655637901365,CD8 Central Memory
CD8 Central Memory,47,Gefitinib,DMSO control,p53,1.820147956059072,0.05366946747414936,0.06873647620785878,0.16038511115167048,CD8 Central Memory
CD8 Central Memory,48,Gefitinib,DMSO control,NFkB,1.6567463145970212,0.047960377142090005,0.09757077501636006,0.19514155003272013,CD8 Central Memory
CD8 Central Memory,49,Gefitinib,DMSO control,Estrogen,-1.1854667146548314,-0.050790699309292364,0.23583296753618166,0.4127076931883179,CD8 Central Memory
CD8 Central Memory,50,Gefitinib,DMSO control,Androgen,0.9674840472835163,0.029898689405289613,0.333302112312856,0.5184699524866649,CD8 Central Memory
CD8 Central Memory,51,Gefitinib,DMSO control,VEGF,-0.7514524442878675,-0.040366399693056554,0.4523804106600833,0.6333325749241165,CD8 Central Memory
CD8 Central Memory,52,Gefitinib,DMSO control,WNT,0.5113739728621318,0.012401274012926122,0.6090892162025343,0.7304046211223535,CD8 Central Memory
CD8 Central Memory,53,Gefitinib,DMSO control,Hypoxia,-0.4872783278226533,-0.015281248276077353,0.6260611038191601,0.7304046211223535,CD8 Central Memory
CD8 Central Memory,54,Gefitinib,DMSO control,EGFR,-0.34607004363380633,-0.019201878488704915,0.7292900757571233,0.7853893123538251,CD8 Central Memory
CD8 Central Memory,55,Gefitinib,DMSO control,PI3K,0.1451591895495712,0.0002448319025753487,0.8845851866075279,0.8845851866075279,CD8 Central Memory
CD8 Central Memory,56,Ruxolitinib phosphate,DMSO control,JAK-STAT,-10.794050567429839,-0.34294371435393833,3.672384544378452e-27,5.1413383621298333e-26,CD8 Central Memory
CD8 Central Memory,57,Ruxolitinib phosphate,DMSO control,EGFR,10.71225061846226,0.4402352447494864,8.916729566032133e-27,6.241710696222493e-26,CD8 Central Memory
CD8 Central Memory,58,Ruxolitinib phosphate,DMSO control,MAPK,9.028425239186815,0.3121399033658798,1.7415987825821945e-19,8.127460985383575e-19,CD8 Central Memory
CD8 Central Memory,59,Ruxolitinib phosphate,DMSO control,PI3K,6.01218270115906,0.21049744426414516,1.8304185989139075e-09,6.406465096198676e-09,CD8 Central Memory
CD8 Central Memory,60,Ruxolitinib phosphate,DMSO control,NFkB,5.913123462570336,0.20183588187882884,3.3568036825135174e-09,9.399050311037848e-09,CD8 Central Memory
CD8 Central Memory,61,Ruxolitinib phosphate,DMSO control,Estrogen,5.279843791023995,0.15485650934617867,1.292940677239041e-07,3.016861580224429e-07,CD8 Central Memory
CD8 Central Memory,62,Ruxolitinib phosphate,DMSO control,VEGF,-4.9507818086419215,-0.17688526617309153,7.391593832100789e-07,1.4783187664201578e-06,CD8 Central Memory
CD8 Central Memory,63,Ruxolitinib phosphate,DMSO control,TNFa,4.526384960694635,0.1417394436877748,6.000123749738244e-06,1.0500216562041928e-05,CD8 Central Memory
CD8 Central Memory,64,Ruxolitinib phosphate,DMSO control,TGFb,2.998029445559127,0.0785704981981524,0.002717314178660335,0.004226933166804965,CD8 Central Memory
CD8 Central Memory,65,Ruxolitinib phosphate,DMSO control,p53,2.733053930691354,0.07812099687575502,0.0062750056682749035,0.008785007935584864,CD8 Central Memory
CD8 Central Memory,66,Ruxolitinib phosphate,DMSO control,Trail,-1.6001632437961097,-0.06062433810392687,0.10956237385202829,0.13944302126621783,CD8 Central Memory
CD8 Central Memory,67,Ruxolitinib phosphate,DMSO control,Androgen,1.1379322162319472,0.03406318482370618,0.2551487876042431,0.2976735855382836,CD8 Central Memory
CD8 Central Memory,68,Ruxolitinib phosphate,DMSO control,WNT,-0.596081360494455,-0.02026606565361344,0.5511208755437212,0.5544633020559481,CD8 Central Memory
CD8 Central Memory,69,Ruxolitinib phosphate,DMSO control,Hypoxia,0.5910852503409659,0.02006658122241234,0.5544633020559481,0.5544633020559481,CD8 Central Memory
CD8 Central Memory,70,Gefitinib hydrochloride,DMSO control,VEGF,-3.4581900728265835,-0.12981661984312476,0.0005438175693578527,0.007613445971009937,CD8 Central Memory
CD8 Central Memory,71,Gefitinib hydrochloride,DMSO control,MAPK,-3.242071364690965,-0.12267440580421995,0.001186643034832676,0.008306501243828732,CD8 Central Memory
CD8 Central Memory,72,Gefitinib hydrochloride,DMSO control,JAK-STAT,2.522144089630228,0.07594314527856319,0.011664191876027264,0.05443289542146057,CD8 Central Memory
CD8 Central Memory,73,Gefitinib hydrochloride,DMSO control,Trail,2.3358749609142375,0.08218609036520086,0.01949775931027348,0.06824215758595718,CD8 Central Memory
CD8 Central Memory,74,Gefitinib hydrochloride,DMSO control,NFkB,1.9361522650822376,0.06174051778197276,0.05284905488255927,0.128569353715563,CD8 Central Memory
CD8 Central Memory,75,Gefitinib hydrochloride,DMSO control,TGFb,-1.9180777632583395,-0.051063142836523204,0.05510115159238414,0.128569353715563,CD8 Central Memory
CD8 Central Memory,76,Gefitinib hydrochloride,DMSO control,TNFa,1.8427269580675576,0.0613746967266402,0.06536888594547348,0.13073777189094696,CD8 Central Memory
CD8 Central Memory,77,Gefitinib hydrochloride,DMSO control,WNT,1.727592866020421,0.03819229683180436,0.08406124272356148,0.14710717476623258,CD8 Central Memory
CD8 Central Memory,78,Gefitinib hydrochloride,DMSO control,Estrogen,-1.3619839752394247,-0.04769970446567484,0.173202942416128,0.2694267993139769,CD8 Central Memory
CD8 Central Memory,79,Gefitinib hydrochloride,DMSO control,p53,1.237546118178378,0.041835647106155616,0.21588440397369668,0.3009865063762365,CD8 Central Memory
CD8 Central Memory,80,Gefitinib hydrochloride,DMSO control,Hypoxia,1.183807183801158,0.05422272401220418,0.23648939786704293,0.3009865063762365,CD8 Central Memory
CD8 Central Memory,81,Gefitinib hydrochloride,DMSO control,PI3K,-1.0310703748228014,-0.03223541851346223,0.3025078191433652,0.3529257890005928,CD8 Central Memory
CD8 Central Memory,82,Gefitinib hydrochloride,DMSO control,Androgen,-0.5429619113586563,-0.01692858277276499,0.5871560273662353,0.6323218756251764,CD8 Central Memory
CD8 Central Memory,83,Gefitinib hydrochloride,DMSO control,EGFR,0.20666957179336629,0.001024271030041879,0.8362679225301618,0.8362679225301618,CD8 Central Memory
CD8 Central Memory,84,Erlotinib hydrochloride,DMSO control,MAPK,-3.9585252994769995,-0.14600439385942843,7.541395391740379e-05,0.001055795354843653,CD8 Central Memory
CD8 Central Memory,85,Erlotinib hydrochloride,DMSO control,PI3K,-3.3683107000247445,-0.10696430570385879,0.0007563031342464373,0.0052941219397250605,CD8 Central Memory
CD8 Central Memory,86,Erlotinib hydrochloride,DMSO control,JAK-STAT,3.003671269404242,0.08556508644326494,0.002667433660986008,0.01133100601331027,CD8 Central Memory
CD8 Central Memory,87,Erlotinib hydrochloride,DMSO control,TGFb,-2.944245552884049,-0.06857432238152908,0.00323743028951722,0.01133100601331027,CD8 Central Memory
CD8 Central Memory,88,Erlotinib hydrochloride,DMSO control,VEGF,-2.0942287279194773,-0.08426811031039083,0.03623960982008419,0.10147090749623572,CD8 Central Memory
CD8 Central Memory,89,Erlotinib hydrochloride,DMSO control,Hypoxia,-1.9517507439421142,-0.09036766321157863,0.05096780479812777,0.1088802428400616,CD8 Central Memory
CD8 Central Memory,90,Erlotinib hydrochloride,DMSO control,EGFR,-1.9233180315027476,-0.08208081598271777,0.0544401214200308,0.1088802428400616,CD8 Central Memory
CD8 Central Memory,91,Erlotinib hydrochloride,DMSO control,NFkB,-1.6972936886988095,-0.08692664715754184,0.0896411498589585,0.15687201225317737,CD8 Central Memory
CD8 Central Memory,92,Erlotinib hydrochloride,DMSO control,WNT,1.3234012742512775,0.03233388172106344,0.18570196827044738,0.2888697284206959,CD8 Central Memory
CD8 Central Memory,93,Erlotinib hydrochloride,DMSO control,Androgen,-0.9646909400636285,-0.020436636064366076,0.33469963446610895,0.4685794882525525,CD8 Central Memory
CD8 Central Memory,94,Erlotinib hydrochloride,DMSO control,TNFa,-0.7896029257055699,-0.041445914731233824,0.4297596990857614,0.5469668897455144,CD8 Central Memory
CD8 Central Memory,95,Erlotinib hydrochloride,DMSO control,Estrogen,-0.6380516274900518,-0.02529258293269354,0.5234400734222464,0.6106800856592876,CD8 Central Memory
CD8 Central Memory,96,Erlotinib hydrochloride,DMSO control,Trail,0.3934763996348366,0.010487083165913735,0.6939676515744047,0.7473497786185896,CD8 Central Memory
CD8 Central Memory,97,Erlotinib hydrochloride,DMSO control,p53,0.20401481816682968,-0.005723906327204986,0.8383419192161452,0.8383419192161452,CD8 Central Memory
CD8 Central Memory,98,Erlotinib,DMSO control,TGFb,-5.140039058007376,-0.1386126833243305,2.746813651399281e-07,1.995083221065286e-06,CD8 Central Memory
CD8 Central Memory,99,Erlotinib,DMSO control,MAPK,-5.133097681426906,-0.1846356674899876,2.850118887236123e-07,1.995083221065286e-06,CD8 Central Memory
CD8 Central Memory,100,Erlotinib,DMSO control,Hypoxia,-4.264419612262353,-0.20374034627418514,2.004224837093781e-05,7.166438454611451e-05,CD8 Central Memory
CD8 Central Memory,101,Erlotinib,DMSO control,JAK-STAT,4.2596411283844935,0.13257612844435393,2.0475538441747002e-05,7.166438454611451e-05,CD8 Central Memory
CD8 Central Memory,102,Erlotinib,DMSO control,EGFR,-3.926304153031077,-0.1676799150252284,8.626106654129657e-05,0.00024153098631563038,CD8 Central Memory
CD8 Central Memory,103,Erlotinib,DMSO control,PI3K,-3.3066102438181475,-0.114686055118777,0.0009443218353766226,0.0022034176158787864,CD8 Central Memory
CD8 Central Memory,104,Erlotinib,DMSO control,NFkB,-3.1322710320217175,-0.13726934299484372,0.001734596662536471,0.003469193325072942,CD8 Central Memory
CD8 Central Memory,105,Erlotinib,DMSO control,TNFa,-1.690728195647257,-0.0653133306585576,0.0908887266183153,0.1590552715820518,CD8 Central Memory
CD8 Central Memory,106,Erlotinib,DMSO control,WNT,1.2861163607682955,0.03244946499486878,0.1984024550528133,0.2912041611572735,CD8 Central Memory
CD8 Central Memory,107,Erlotinib,DMSO control,Estrogen,-1.2276679579675305,-0.0380734258673745,0.2195716394525712,0.2912041611572735,CD8 Central Memory
CD8 Central Memory,108,Erlotinib,DMSO control,Trail,1.201964744687676,0.0394538149818906,0.22937718770852533,0.2912041611572735,CD8 Central Memory
CD8 Central Memory,109,Erlotinib,DMSO control,p53,-1.151312815582366,-0.03521164172723301,0.2496035667062344,0.2912041611572735,CD8 Central Memory
CD8 Central Memory,110,Erlotinib,DMSO control,Androgen,-0.9863293722204821,-0.03397300854015273,0.32397151082372566,0.34889239627170454,CD8 Central Memory
CD8 Central Memory,111,Erlotinib,DMSO control,VEGF,0.7160683840548108,0.020925825903935547,0.4739491246157843,0.4739491246157843,CD8 Central Memory
CD8 Central Memory,112,Canertinib dihydrochloride,DMSO control,TNFa,15.663521303075186,0.5354023450415681,2.6860434467355302e-55,3.7604608254297423e-54,CD8 Central Memory
CD8 Central Memory,113,Canertinib dihydrochloride,DMSO control,JAK-STAT,14.076537639967905,0.4457366404812634,5.2940729647435166e-45,3.7058510753204615e-44,CD8 Central Memory
CD8 Central Memory,114,Canertinib dihydrochloride,DMSO control,TGFb,-13.392562336362925,-0.35511415618336695,6.683456465663778e-41,3.1189463506430966e-40,CD8 Central Memory
CD8 Central Memory,115,Canertinib dihydrochloride,DMSO control,NFkB,13.221071724215598,0.49486098570819825,6.631230426884692e-40,2.320930649409642e-39,CD8 Central Memory
CD8 Central Memory,116,Canertinib dihydrochloride,DMSO control,VEGF,-11.711835108620066,-0.4413012859253458,1.1085399577388472e-31,3.1039118816687717e-31,CD8 Central Memory
CD8 Central Memory,117,Canertinib dihydrochloride,DMSO control,p53,10.53400459778549,0.3498893408621342,6.021695045415019e-26,1.4050621772635044e-25,CD8 Central Memory
CD8 Central Memory,118,Canertinib dihydrochloride,DMSO control,MAPK,-8.528627558228386,-0.3120888293291726,1.4809414091778848e-17,2.9618828183557696e-17,CD8 Central Memory
CD8 Central Memory,119,Canertinib dihydrochloride,DMSO control,PI3K,-7.809777860148488,-0.2824798577998639,5.728886661534585e-15,1.0025551657685523e-14,CD8 Central Memory
CD8 Central Memory,120,Canertinib dihydrochloride,DMSO control,Trail,5.609660612127445,0.19649655374509167,2.027237794045951e-08,3.153481012960368e-08,CD8 Central Memory
CD8 Central Memory,121,Canertinib dihydrochloride,DMSO control,Estrogen,-1.682316943730318,-0.06482145413017992,0.09250739725650423,0.12951035615910592,CD8 Central Memory
CD8 Central Memory,122,Canertinib dihydrochloride,DMSO control,EGFR,-1.4785849042123038,-0.06959507109606555,0.13925128975118728,0.1772289142287838,CD8 Central Memory
CD8 Central Memory,123,Canertinib dihydrochloride,DMSO control,Hypoxia,-1.2861299124803391,-0.06156379139173307,0.19839772628258112,0.23146401399634467,CD8 Central Memory
CD8 Central Memory,124,Canertinib dihydrochloride,DMSO control,WNT,-0.5834754460226963,-0.012243257273276797,0.5595732817006035,0.6026173802929576,CD8 Central Memory
CD8 Central Memory,125,Canertinib dihydrochloride,DMSO control,Androgen,0.2783493336794523,0.008013560472546533,0.7807442089911196,0.7807442089911196,CD8 Central Memory
CD8 Central Memory,126,Afatinib dimaleate,DMSO control,TNFa,16.42203187960117,0.5597840258278892,1.3303613076100125e-60,1.8625058306540175e-59,CD8 Central Memory
CD8 Central Memory,127,Afatinib dimaleate,DMSO control,NFkB,15.92744820314803,0.618449764804387,4.086987257975496e-57,2.8608910805828473e-56,CD8 Central Memory
CD8 Central Memory,128,Afatinib dimaleate,DMSO control,EGFR,12.388235568741624,0.5105826995401923,3.026286391529105e-35,1.4122669827135824e-34,CD8 Central Memory
CD8 Central Memory,129,Afatinib dimaleate,DMSO control,VEGF,-10.541155380392276,-0.40235623320388036,5.580899436645655e-26,1.9533148028259793e-25,CD8 Central Memory
CD8 Central Memory,130,Afatinib dimaleate,DMSO control,JAK-STAT,10.189078024825363,0.3165186602511937,2.2185821952224453e-24,6.212030146622846e-24,CD8 Central Memory
CD8 Central Memory,131,Afatinib dimaleate,DMSO control,p53,9.880322590807863,0.32630339452144863,5.0669528442523026e-23,1.182288996992204e-22,CD8 Central Memory
CD8 Central Memory,132,Afatinib dimaleate,DMSO control,PI3K,7.2316877189624496,0.2556077521361849,4.770281215451343e-13,9.540562430902687e-13,CD8 Central Memory
CD8 Central Memory,133,Afatinib dimaleate,DMSO control,Hypoxia,5.96514110634162,0.26672652219122694,2.4442272259793743e-09,4.277397645463905e-09,CD8 Central Memory
CD8 Central Memory,134,Afatinib dimaleate,DMSO control,WNT,4.837085853914224,0.10586198019062942,1.317565284796849e-06,2.049545998572876e-06,CD8 Central Memory
CD8 Central Memory,135,Afatinib dimaleate,DMSO control,TGFb,-3.6053355672976144,-0.0941451515827426,0.0003117498346589127,0.0004364497685224777,CD8 Central Memory
CD8 Central Memory,136,Afatinib dimaleate,DMSO control,MAPK,3.517155134304015,0.10607094034466269,0.0004361987629587774,0.0005551620619475349,CD8 Central Memory
CD8 Central Memory,137,Afatinib dimaleate,DMSO control,Trail,2.967849030630563,0.09074744682735125,0.0029989158590885546,0.0034987351689366474,CD8 Central Memory
CD8 Central Memory,138,Afatinib dimaleate,DMSO control,Estrogen,2.8331743614660834,0.07427478545254163,0.004608823913716617,0.004963348830156356,CD8 Central Memory
CD8 Central Memory,139,Afatinib dimaleate,DMSO control,Androgen,1.2157400112613916,0.0384613827953767,0.22408397718648765,0.22408397718648765,CD8 Central Memory
CD8 Central Memory,140,IL-6 control,DMSO control,Trail,3.9834568278075824,0.12165273941217358,6.792001483807052e-05,0.0009508802077329874,CD8 Central Memory
CD8 Central Memory,141,IL-6 control,DMSO control,JAK-STAT,3.589227481756909,0.11644550317462118,0.0003316593381989941,0.0023216153673929585,CD8 Central Memory
CD8 Central Memory,142,IL-6 control,DMSO control,VEGF,1.5909546615310932,0.04790198660728384,0.11161977956693259,0.5208923046456855,CD8 Central Memory
CD8 Central Memory,143,IL-6 control,DMSO control,Hypoxia,1.2037913773788385,0.04010869310289111,0.22867022325551722,0.6531058340575663,CD8 Central Memory
CD8 Central Memory,144,IL-6 control,DMSO control,TNFa,-1.1059572451879882,-0.04043213639369814,0.2687450253936119,0.6531058340575663,CD8 Central Memory
CD8 Central Memory,145,IL-6 control,DMSO control,Androgen,1.0805383916473699,0.04144617705621778,0.27990250031038555,0.6531058340575663,CD8 Central Memory
CD8 Central Memory,146,IL-6 control,DMSO control,MAPK,-0.8270137815202317,-0.04341500347765459,0.4082292502152304,0.8164585004304608,CD8 Central Memory
CD8 Central Memory,147,IL-6 control,DMSO control,EGFR,0.6767769755189649,0.012986392714492867,0.49854746872419486,0.872458070267341,CD8 Central Memory
CD8 Central Memory,148,IL-6 control,DMSO control,PI3K,0.5658066074498472,0.01112349611336888,0.5715252542960225,0.8890392844604795,CD8 Central Memory
CD8 Central Memory,149,IL-6 control,DMSO control,TGFb,0.4471062522032654,0.00900013012242118,0.6547983449948676,0.9167176829928145,CD8 Central Memory
CD8 Central Memory,150,IL-6 control,DMSO control,p53,0.2697433562295475,0.0037030149549233116,0.7873577029941815,0.9194284036679649,CD8 Central Memory
CD8 Central Memory,151,IL-6 control,DMSO control,WNT,-0.2520544898663932,0.0028221589166229633,0.800998946250955,0.9194284036679649,CD8 Central Memory
CD8 Central Memory,152,IL-6 control,DMSO control,NFkB,0.11941170375984539,-0.009141811852658055,0.9049491893807776,0.9194284036679649,CD8 Central Memory
CD8 Central Memory,153,IL-6 control,DMSO control,Estrogen,0.1011537585860803,-0.0059500805900545295,0.9194284036679649,0.9194284036679649,CD8 Central Memory
CD8 Central Memory,154,NVP-BSK805,DMSO control,EGFR,13.479451720360574,0.5504415464154042,2.0663664490711682e-41,2.8929130286996354e-40,CD8 Central Memory
CD8 Central Memory,155,NVP-BSK805,DMSO control,JAK-STAT,-12.48289361054263,-0.4028985302342618,9.256061593458673e-36,6.479243115421072e-35,CD8 Central Memory
CD8 Central Memory,156,NVP-BSK805,DMSO control,MAPK,11.150816699314808,0.37785397721178327,7.095212657287744e-29,3.3110992400676136e-28,CD8 Central Memory
CD8 Central Memory,157,NVP-BSK805,DMSO control,NFkB,10.947349104282395,0.3999679774207414,6.842073677169584e-28,2.3947257870093544e-27,CD8 Central Memory
CD8 Central Memory,158,NVP-BSK805,DMSO control,Hypoxia,10.521937803346194,0.4591233574422797,6.84510646382275e-26,1.91662980987037e-25,CD8 Central Memory
CD8 Central Memory,159,NVP-BSK805,DMSO control,TNFa,7.703570656485321,0.24908960120887347,1.3231589013719041e-14,3.0873707698677765e-14,CD8 Central Memory
CD8 Central Memory,160,NVP-BSK805,DMSO control,TGFb,7.0928453457619005,0.18080474174352917,1.313822555356385e-12,2.62764511071277e-12,CD8 Central Memory
CD8 Central Memory,161,NVP-BSK805,DMSO control,Estrogen,6.022889618442455,0.18194433262132104,1.713302943396167e-09,2.998280150943292e-09,CD8 Central Memory
CD8 Central Memory,162,NVP-BSK805,DMSO control,VEGF,-4.359302438587321,-0.17184640012282593,1.3047768563838587e-05,2.029652887708225e-05,CD8 Central Memory
CD8 Central Memory,163,NVP-BSK805,DMSO control,p53,4.084049854184324,0.1277723103893198,4.42575292022343e-05,6.196054088312802e-05,CD8 Central Memory
CD8 Central Memory,164,NVP-BSK805,DMSO control,Androgen,2.851356910910513,0.09259344937895564,0.0043533074693079205,0.005540573142755535,CD8 Central Memory
CD8 Central Memory,165,NVP-BSK805,DMSO control,PI3K,2.7963432541014774,0.09103220385431188,0.0051684474976677434,0.006029855413945701,CD8 Central Memory
CD8 Central Memory,166,NVP-BSK805,DMSO control,WNT,-2.2838500340956984,-0.05518976774114037,0.02238034598929533,0.024101911065394967,CD8 Central Memory
CD8 Central Memory,167,NVP-BSK805,DMSO control,Trail,0.6644949401171756,0.013161231736328771,0.5063735863453651,0.5063735863453651,CD8 Central Memory
CD8 Central Memory,168,Baricitinib phosphate,DMSO control,JAK-STAT,-9.740119334508968,-0.3200199753999614,2.033154582882826e-22,2.8464164160359563e-21,CD8 Central Memory
CD8 Central Memory,169,Baricitinib phosphate,DMSO control,EGFR,6.517957949361458,0.24161767558630487,7.127096429083938e-11,4.988967500358757e-10,CD8 Central Memory
CD8 Central Memory,170,Baricitinib phosphate,DMSO control,MAPK,5.017103734117947,0.1535684417083092,5.245624797620457e-07,2.4479582388895464e-06,CD8 Central Memory
CD8 Central Memory,171,Baricitinib phosphate,DMSO control,VEGF,-2.742197602726142,-0.10531814831948783,0.0061029615078254116,0.02136036527738894,CD8 Central Memory
CD8 Central Memory,172,Baricitinib phosphate,DMSO control,PI3K,2.403530088925189,0.08943302893067662,0.01623763068941159,0.04546536593035245,CD8 Central Memory
CD8 Central Memory,173,Baricitinib phosphate,DMSO control,p53,2.2997529127731666,0.07046307053045897,0.021462222520040323,0.05007851921342742,CD8 Central Memory
CD8 Central Memory,174,Baricitinib phosphate,DMSO control,NFkB,2.140398600853729,0.060453468469019445,0.032322567509223514,0.06464513501844703,CD8 Central Memory
CD8 Central Memory,175,Baricitinib phosphate,DMSO control,Trail,-2.070836664636695,-0.07427793609636657,0.038374062585491524,0.06715460952461016,CD8 Central Memory
CD8 Central Memory,176,Baricitinib phosphate,DMSO control,Hypoxia,1.6448659790968625,0.06658377006625571,0.0999974521330337,0.1555515922069413,CD8 Central Memory
CD8 Central Memory,177,Baricitinib phosphate,DMSO control,Estrogen,1.183231789497809,0.031583496527658905,0.2367172974294134,0.33140421640117873,CD8 Central Memory
CD8 Central Memory,178,Baricitinib phosphate,DMSO control,Androgen,1.0336532604169393,0.03876368359739912,0.301298290871447,0.38347055201820524,CD8 Central Memory
CD8 Central Memory,179,Baricitinib phosphate,DMSO control,WNT,-0.8989646968633331,-0.018756684733201134,0.36867146514619664,0.43011670933722945,CD8 Central Memory
CD8 Central Memory,180,Baricitinib phosphate,DMSO control,TNFa,0.697293917563982,0.017740428468961067,0.4856188737802326,0.5229741717633274,CD8 Central Memory
CD8 Central Memory,181,Baricitinib phosphate,DMSO control,TGFb,0.5015067112693246,0.014899424841694375,0.6160145557877068,0.6160145557877068,CD8 Central Memory
CD8 Central Memory,182,Tofacitinib citrate,DMSO control,JAK-STAT,-8.414706466841032,-0.2716535917982553,3.938799534923653e-17,5.514319348893115e-16,CD8 Central Memory
CD8 Central Memory,183,Tofacitinib citrate,DMSO control,Trail,3.6333618806498262,0.11526822348740762,0.000279752227714927,0.001958265594004489,CD8 Central Memory
CD8 Central Memory,184,Tofacitinib citrate,DMSO control,TGFb,2.3678073458667885,0.060911936183925985,0.017893850856714914,0.08350463733133627,CD8 Central Memory
CD8 Central Memory,185,Tofacitinib citrate,DMSO control,EGFR,2.193997668115601,0.08230874494453255,0.028235577193483328,0.09882452017719165,CD8 Central Memory
CD8 Central Memory,186,Tofacitinib citrate,DMSO control,MAPK,2.0910828563283124,0.06416164047589623,0.036520637220477443,0.10225778421733683,CD8 Central Memory
CD8 Central Memory,187,Tofacitinib citrate,DMSO control,Hypoxia,1.9496539125224681,0.08551298726243317,0.05121738292777359,0.11950722683147172,CD8 Central Memory
CD8 Central Memory,188,Tofacitinib citrate,DMSO control,TNFa,-1.4804940584369453,-0.05004661123892573,0.1387414451895396,0.2774828903790792,CD8 Central Memory
CD8 Central Memory,189,Tofacitinib citrate,DMSO control,Estrogen,0.9922575324031214,0.0281702279302829,0.3210719138354797,0.5215141673033105,CD8 Central Memory
CD8 Central Memory,190,Tofacitinib citrate,DMSO control,WNT,-0.9635748767078035,-0.025154096781885404,0.3352591075521282,0.5215141673033105,CD8 Central Memory
CD8 Central Memory,191,Tofacitinib citrate,DMSO control,VEGF,-0.7813768751211927,-0.044123176531384534,0.4345808679169547,0.6084132150837366,CD8 Central Memory
CD8 Central Memory,192,Tofacitinib citrate,DMSO control,Androgen,0.25309286755050986,0.00812877425823344,0.800196450364737,0.933250335099463,CD8 Central Memory
CD8 Central Memory,193,Tofacitinib citrate,DMSO control,PI3K,0.250341858120613,0.019306421014558428,0.8023229886647406,0.933250335099463,CD8 Central Memory
CD8 Central Memory,194,Tofacitinib citrate,DMSO control,p53,0.16799196928468446,0.006691696562565852,0.8665895968780728,0.933250335099463,CD8 Central Memory
CD8 Central Memory,195,Tofacitinib citrate,DMSO control,NFkB,0.0809067363481138,-0.017270480911693253,0.9355161227001523,0.9355161227001523,CD8 Central Memory
CD8 Central Memory,196,Canertinib,DMSO control,TNFa,16.47170972319155,0.538205336596354,5.859076559002618e-61,8.202707182603665e-60,CD8 Central Memory
CD8 Central Memory,197,Canertinib,DMSO control,JAK-STAT,15.94879181824771,0.49008443805234503,2.904618843060714e-57,2.0332331901424998e-56,CD8 Central Memory
CD8 Central Memory,198,Canertinib,DMSO control,TGFb,-15.19190231142171,-0.39307626192041745,4.001367232265176e-52,1.8673047083904158e-51,CD8 Central Memory
CD8 Central Memory,199,Canertinib,DMSO control,NFkB,13.78307912694153,0.5010647041728891,3.2222970848730994e-43,1.1278039797055848e-42,CD8 Central Memory
CD8 Central Memory,200,Canertinib,DMSO control,VEGF,-13.59214304670941,-0.4906294657266228,4.458323861484936e-42,1.248330681215782e-41,CD8 Central Memory
CD8 Central Memory,201,Canertinib,DMSO control,p53,11.67052529201952,0.3751202114059091,1.8030646851021006e-31,4.207150931904902e-31,CD8 Central Memory
CD8 Central Memory,202,Canertinib,DMSO control,MAPK,-9.5054935425116,-0.33139195876615846,1.9910161528834354e-21,3.982032305766871e-21,CD8 Central Memory
CD8 Central Memory,203,Canertinib,DMSO control,Trail,8.30608265905633,0.27613103591391785,9.891334225777575e-17,1.7309834895110756e-16,CD8 Central Memory
CD8 Central Memory,204,Canertinib,DMSO control,PI3K,-7.019919790502729,-0.24387825114182343,2.21995650269569e-12,3.4532656708599625e-12,CD8 Central Memory
CD8 Central Memory,205,Canertinib,DMSO control,Estrogen,-2.9147940655121296,-0.09233028904750595,0.0035592331689247906,0.004982926436494706,CD8 Central Memory
CD8 Central Memory,206,Canertinib,DMSO control,WNT,1.4987982940902764,0.028042856139627648,0.1339259673055667,0.17045123111617577,CD8 Central Memory
CD8 Central Memory,207,Canertinib,DMSO control,EGFR,-1.4395109615217672,-0.0625395393712187,0.1500058065239985,0.17500677427799827,CD8 Central Memory
CD8 Central Memory,208,Canertinib,DMSO control,Hypoxia,-1.2409029370292497,-0.06049323009375218,0.2146416076519475,0.23115250054825115,CD8 Central Memory
CD8 Central Memory,209,Canertinib,DMSO control,Androgen,0.8904448915247387,0.027531487933813104,0.3732270467286908,0.3732270467286908,CD8 Central Memory
CD8 Central Memory,210,Afatinib,DMSO control,TNFa,14.351355374058661,0.5039157351252195,1.0447527879577681e-46,1.4626539031408755e-45,CD8 Central Memory
CD8 Central Memory,211,Afatinib,DMSO control,NFkB,13.571136955079655,0.5391303290954306,5.939354013487214e-42,4.15754780944105e-41,CD8 Central Memory
CD8 Central Memory,212,Afatinib,DMSO control,VEGF,-11.35066509341222,-0.42255464396328213,7.360070400757362e-30,3.4346995203534356e-29,CD8 Central Memory
CD8 Central Memory,213,Afatinib,DMSO control,p53,10.549325953120778,0.3445987993340709,5.116281126178007e-26,1.5671072153700045e-25,CD8 Central Memory
CD8 Central Memory,214,Afatinib,DMSO control,EGFR,10.540887650752452,0.43977802725111137,5.596811483464302e-26,1.5671072153700045e-25,CD8 Central Memory
CD8 Central Memory,215,Afatinib,DMSO control,JAK-STAT,9.543020947610547,0.31880557544718513,1.3873101383409953e-21,3.2370569894623225e-21,CD8 Central Memory
CD8 Central Memory,216,Afatinib,DMSO control,PI3K,6.607739993014438,0.22737717072845234,3.902312618007258e-11,7.804625236014516e-11,CD8 Central Memory
CD8 Central Memory,217,Afatinib,DMSO control,Hypoxia,6.27445201485721,0.2883471124330561,3.508678167207531e-10,6.140186792613179e-10,CD8 Central Memory
CD8 Central Memory,218,Afatinib,DMSO control,WNT,3.130809901781683,0.07411313207592551,0.0017432496283867052,0.002711721644157097,CD8 Central Memory
CD8 Central Memory,219,Afatinib,DMSO control,MAPK,2.6069361239800877,0.08083278879058664,0.009135640086012208,0.012789896120417091,CD8 Central Memory
CD8 Central Memory,220,Afatinib,DMSO control,Estrogen,2.003572539253203,0.048828158783561726,0.045115869919032804,0.05735714812683798,CD8 Central Memory
CD8 Central Memory,221,Afatinib,DMSO control,TGFb,-1.9671729982679416,-0.04974959738809778,0.04916326982300398,0.05735714812683798,CD8 Central Memory
CD8 Central Memory,222,Afatinib,DMSO control,Androgen,1.791166987330978,0.056897121878805135,0.07326650211061303,0.0789023868883525,CD8 Central Memory
CD8 Central Memory,223,Afatinib,DMSO control,Trail,-0.5519848087682647,-0.020524440656657483,0.5809587613171373,0.5809587613171373,CD8 Central Memory
CD8 Central Memory,224,Baricitinib,DMSO control,JAK-STAT,-12.718448314095008,-0.4063988618585398,4.670426894017424e-37,6.538597651624393e-36,CD8 Central Memory
CD8 Central Memory,225,Baricitinib,DMSO control,PI3K,5.626150774691376,0.19159674538039317,1.842752928799468e-08,9.407559737193129e-08,CD8 Central Memory
CD8 Central Memory,226,Baricitinib,DMSO control,Trail,-5.6106306880999,-0.19342714274946304,2.0159056579699562e-08,9.407559737193129e-08,CD8 Central Memory
CD8 Central Memory,227,Baricitinib,DMSO control,EGFR,4.6400761038379,0.1703473633221566,3.4828089282515473e-06,1.2189831248880416e-05,CD8 Central Memory
CD8 Central Memory,228,Baricitinib,DMSO control,MAPK,4.065880654065892,0.13073395729982584,4.785142039426954e-05,0.0001339839771039547,CD8 Central Memory
CD8 Central Memory,229,Baricitinib,DMSO control,VEGF,-3.632703098769661,-0.14545480847162295,0.00028046766511564676,0.0006544245519365091,CD8 Central Memory
CD8 Central Memory,230,Baricitinib,DMSO control,WNT,-2.7312964695367588,-0.06478668353087591,0.0063085693418351236,0.012617138683670247,CD8 Central Memory
CD8 Central Memory,231,Baricitinib,DMSO control,TGFb,1.9788349174694326,0.048999338680335874,0.04783459576647668,0.08371054259133419,CD8 Central Memory
CD8 Central Memory,232,Baricitinib,DMSO control,Estrogen,1.7663768705602791,0.04284821247275783,0.0773326428411312,0.1202952221973152,CD8 Central Memory
CD8 Central Memory,233,Baricitinib,DMSO control,p53,1.457742040896566,0.04793700737215367,0.1449116592581791,0.20287632296145072,CD8 Central Memory
CD8 Central Memory,234,Baricitinib,DMSO control,Androgen,0.7610095382207848,0.016791987688474563,0.44665137018168477,0.5684653802312352,CD8 Central Memory
CD8 Central Memory,235,Baricitinib,DMSO control,Hypoxia,-0.4406271968601394,-0.024032839681157547,0.659482910303065,0.7693967286869092,CD8 Central Memory
CD8 Central Memory,236,Baricitinib,DMSO control,NFkB,0.13399803992517081,-0.0033047213160892763,0.8934041243707671,0.9076567109412856,CD8 Central Memory
CD8 Central Memory,237,Baricitinib,DMSO control,TNFa,-0.11599473947905913,-0.004776459758413676,0.9076567109412856,0.9076567109412856,CD8 Central Memory
CD8 Naive,0,Tofacitinib,DMSO control,JAK-STAT,-32.006261525814345,-0.5557027030307808,8.92236258893471e-225,1.2491307624508595e-223,CD8 Naive
CD8 Naive,1,Tofacitinib,DMSO control,MAPK,16.667282792271298,0.3044657523769492,2.266668179658628e-62,1.5866677257610396e-61,CD8 Naive
CD8 Naive,2,Tofacitinib,DMSO control,EGFR,15.067762710494852,0.2939558936368676,2.6389925052842075e-51,1.231529835799297e-50,CD8 Naive
CD8 Naive,3,Tofacitinib,DMSO control,TNFa,-12.793627831432868,-0.2203631416926879,1.7796813774005152e-37,6.2288848209018035e-37,CD8 Naive
CD8 Naive,4,Tofacitinib,DMSO control,Estrogen,11.14798997651134,0.18248396843420922,7.324216325609079e-29,2.050780571170542e-28,CD8 Naive
CD8 Naive,5,Tofacitinib,DMSO control,NFkB,-9.396942497088286,-0.1697202080039282,5.6171611638389034e-21,1.3106709382290775e-20,CD8 Naive
CD8 Naive,6,Tofacitinib,DMSO control,p53,-8.293549701346606,-0.11960102872682365,1.0991797985873346e-16,2.1983595971746693e-16,CD8 Naive
CD8 Naive,7,Tofacitinib,DMSO control,VEGF,7.340630376994626,0.12941436416436858,2.1259016786822522e-13,3.7203279376939414e-13,CD8 Naive
CD8 Naive,8,Tofacitinib,DMSO control,PI3K,6.362255333776165,0.1303885213741628,1.9881257707000806e-10,3.092640087755681e-10,CD8 Naive
CD8 Naive,9,Tofacitinib,DMSO control,TGFb,6.13301787349309,0.07344882591870522,8.622745595644077e-10,1.2071843833901708e-09,CD8 Naive
CD8 Naive,10,Tofacitinib,DMSO control,Trail,6.069773798673233,0.08929824672983866,1.2809053727179607e-09,1.6302432016410409e-09,CD8 Naive
CD8 Naive,11,Tofacitinib,DMSO control,Androgen,2.535874065203296,0.03990567874735684,0.011216706305597901,0.013086157356530886,CD8 Naive
CD8 Naive,12,Tofacitinib,DMSO control,Hypoxia,1.3644095324326906,0.033838946889266364,0.17243870942084483,0.18570322553014057,CD8 Naive
CD8 Naive,13,Tofacitinib,DMSO control,WNT,-0.10454268516116672,-0.0009191889856405844,0.9167386959780658,0.9167386959780658,CD8 Naive
CD8 Naive,14,Ruxolitinib,DMSO control,JAK-STAT,-43.42905769172197,-0.7613008370683987,0.0,0.0,CD8 Naive
CD8 Naive,15,Ruxolitinib,DMSO control,MAPK,20.27458290229505,0.38030804527783335,2.1561193950810235e-91,1.5092835765567163e-90,CD8 Naive
CD8 Naive,16,Ruxolitinib,DMSO control,PI3K,16.80550884653653,0.3311582883762113,2.2239591697072905e-63,1.037847612530069e-62,CD8 Naive
CD8 Naive,17,Ruxolitinib,DMSO control,EGFR,16.77149831657811,0.346112375450764,3.9443596356808135e-63,1.3805258724882846e-62,CD8 Naive
CD8 Naive,18,Ruxolitinib,DMSO control,Trail,-11.245792456393747,-0.15078054094701998,2.4290535286195546e-29,6.801349880134752e-29,CD8 Naive
CD8 Naive,19,Ruxolitinib,DMSO control,Estrogen,8.804285616930187,0.14752000800787712,1.3168864834247514e-18,3.072735127991087e-18,CD8 Naive
CD8 Naive,20,Ruxolitinib,DMSO control,TNFa,-7.556512206541362,-0.12402596801812615,4.1402106311808707e-14,8.280421262361741e-14,CD8 Naive
CD8 Naive,21,Ruxolitinib,DMSO control,NFkB,-5.132687814263703,-0.0888881460883898,2.8563346492813494e-07,4.998585636242362e-07,CD8 Naive
CD8 Naive,22,Ruxolitinib,DMSO control,TGFb,4.412510846598596,0.060340809029878484,1.0217867387829365e-05,1.58944603810679e-05,CD8 Naive
CD8 Naive,23,Ruxolitinib,DMSO control,Hypoxia,-4.140132179884874,-0.08577465845495835,3.471057570999141e-05,4.859480599398797e-05,CD8 Naive
CD8 Naive,24,Ruxolitinib,DMSO control,VEGF,3.6966998114213485,0.07130531465103696,0.00021842035932683273,0.00027798954823415076,CD8 Naive
CD8 Naive,25,Ruxolitinib,DMSO control,WNT,-2.440657207129698,-0.026864041548369855,0.014660563444323612,0.017103990685044215,CD8 Naive
CD8 Naive,26,Ruxolitinib,DMSO control,p53,-2.1478957766046363,-0.025819095510821954,0.0317220359765209,0.03416219259009943,CD8 Naive
CD8 Naive,27,Ruxolitinib,DMSO control,Androgen,1.7170144125185438,0.029140844432333612,0.08597653865976303,0.08597653865976303,CD8 Naive
CD8 Naive,28,NVP-BSK805 2HCl,DMSO control,JAK-STAT,-31.00358563984418,-0.5378310640018813,4.8228328897265385e-211,6.751966045617154e-210,CD8 Naive
CD8 Naive,29,NVP-BSK805 2HCl,DMSO control,EGFR,27.284983531043466,0.5575953123865749,6.3937790927821545e-164,4.475645364947508e-163,CD8 Naive
CD8 Naive,30,NVP-BSK805 2HCl,DMSO control,MAPK,25.877226413312858,0.4782235035593647,1.2019470412244117e-147,5.609086192380588e-147,CD8 Naive
CD8 Naive,31,NVP-BSK805 2HCl,DMSO control,PI3K,16.777931161793525,0.3299784860700288,3.5395396221751356e-63,1.2388388677612973e-62,CD8 Naive
CD8 Naive,32,NVP-BSK805 2HCl,DMSO control,Estrogen,14.649072753480583,0.2420883489739185,1.365666992182028e-48,3.823867578109678e-48,CD8 Naive
CD8 Naive,33,NVP-BSK805 2HCl,DMSO control,TGFb,12.075896670256192,0.14230928508673346,1.4161209460283615e-33,3.30428220739951e-33,CD8 Naive
CD8 Naive,34,NVP-BSK805 2HCl,DMSO control,NFkB,11.132704314895818,0.20279876140451514,8.695664507938777e-29,1.7391329015877553e-28,CD8 Naive
CD8 Naive,35,NVP-BSK805 2HCl,DMSO control,Hypoxia,9.795981434965176,0.22941024214197192,1.1715409337655695e-22,2.0501966340897466e-22,CD8 Naive
CD8 Naive,36,NVP-BSK805 2HCl,DMSO control,Androgen,8.533020643111369,0.13878040829847493,1.4257523509567567e-17,2.217836990377177e-17,CD8 Naive
CD8 Naive,37,NVP-BSK805 2HCl,DMSO control,p53,-6.955984319689783,-0.10401737525382093,3.5010880463638417e-12,4.901523264909378e-12,CD8 Naive
CD8 Naive,38,NVP-BSK805 2HCl,DMSO control,VEGF,4.779583377979893,0.08785287586492663,1.756588145833344e-06,2.235657640151529e-06,CD8 Naive
CD8 Naive,39,NVP-BSK805 2HCl,DMSO control,TNFa,4.095409725151885,0.0740062359270417,4.2142241865101315e-05,4.9165948842618206e-05,CD8 Naive
CD8 Naive,40,NVP-BSK805 2HCl,DMSO control,WNT,-3.5767877807421096,-0.03850634615431536,0.00034784234069520616,0.0003745994438256066,CD8 Naive
CD8 Naive,41,NVP-BSK805 2HCl,DMSO control,Trail,-0.3644391026734204,-0.0007943517933169941,0.7155301404374914,0.7155301404374914,CD8 Naive
CD8 Naive,42,Gefitinib,DMSO control,EGFR,33.57596321534128,0.6751100211286039,3.7636084311267586e-247,5.269051803577462e-246,CD8 Naive
CD8 Naive,43,Gefitinib,DMSO control,MAPK,31.250977443706535,0.5695252529094788,2.1652827917802226e-214,1.5156979542461557e-213,CD8 Naive
CD8 Naive,44,Gefitinib,DMSO control,Estrogen,30.09623402974235,0.5077368904471691,5.427560294981308e-199,2.5328614709912773e-198,CD8 Naive
CD8 Naive,45,Gefitinib,DMSO control,PI3K,23.726999527384912,0.47209946889139187,1.898615240863442e-124,6.645153343022048e-124,CD8 Naive
CD8 Naive,46,Gefitinib,DMSO control,VEGF,20.181804907422464,0.3598648789144696,1.41484591888162e-90,3.961568572868536e-90,CD8 Naive
CD8 Naive,47,Gefitinib,DMSO control,Hypoxia,-19.368386069279975,-0.44231979352582174,1.4265965507806623e-83,3.328725285154879e-83,CD8 Naive
CD8 Naive,48,Gefitinib,DMSO control,JAK-STAT,18.61580079726691,0.32683853185138134,2.3925634021506237e-77,4.7851268043012475e-77,CD8 Naive
CD8 Naive,49,Gefitinib,DMSO control,Androgen,13.961434917467635,0.22526842172391548,2.6798352211844757e-44,4.689711637072832e-44,CD8 Naive
CD8 Naive,50,Gefitinib,DMSO control,p53,-9.112827486466937,-0.13645055404091178,8.026237504928683e-20,1.2485258341000173e-19,CD8 Naive
CD8 Naive,51,Gefitinib,DMSO control,TNFa,-7.283850329812147,-0.12213667591680633,3.2442493185801507e-13,4.541949046012211e-13,CD8 Naive
CD8 Naive,52,Gefitinib,DMSO control,WNT,-5.602906324594875,-0.054942646956678276,2.1078715655941568e-08,2.6827456289380176e-08,CD8 Naive
CD8 Naive,53,Gefitinib,DMSO control,TGFb,4.3591818375402545,0.05189635589130237,1.3054960467447285e-05,1.5230787212021835e-05,CD8 Naive
CD8 Naive,54,Gefitinib,DMSO control,Trail,-3.4740114581451267,-0.0271443330597978,0.0005127391376999656,0.0005521806098307321,CD8 Naive
CD8 Naive,55,Gefitinib,DMSO control,NFkB,-0.67248618800888,-0.009576896269710755,0.5012742301898417,0.5012742301898417,CD8 Naive
CD8 Naive,56,Ruxolitinib phosphate,DMSO control,JAK-STAT,-42.472714494368155,-0.7509611207586568,0.0,0.0,CD8 Naive
CD8 Naive,57,Ruxolitinib phosphate,DMSO control,MAPK,20.790451348644712,0.37884738696910736,5.281181488921407e-96,3.696827042244985e-95,CD8 Naive
CD8 Naive,58,Ruxolitinib phosphate,DMSO control,EGFR,19.220424023105323,0.3860305728588189,2.49721013031289e-82,1.1653647274793486e-81,CD8 Naive
CD8 Naive,59,Ruxolitinib phosphate,DMSO control,PI3K,15.894166351102752,0.3132589178611035,6.954749373235307e-57,2.4341622806323573e-56,CD8 Naive
CD8 Naive,60,Ruxolitinib phosphate,DMSO control,Trail,-10.700582554773696,-0.1456447482071085,1.0114034099041053e-26,2.831929547731495e-26,CD8 Naive
CD8 Naive,61,Ruxolitinib phosphate,DMSO control,Estrogen,8.936323736395169,0.14664489690984883,4.023320943019164e-19,9.387748867044717e-19,CD8 Naive
CD8 Naive,62,Ruxolitinib phosphate,DMSO control,TNFa,-6.160773554172493,-0.0985854062494751,7.239044605227083e-10,1.4478089210454166e-09,CD8 Naive
CD8 Naive,63,Ruxolitinib phosphate,DMSO control,TGFb,3.7659709030582396,0.049394437750834075,0.00016590311373482761,0.00029033044903594834,CD8 Naive
CD8 Naive,64,Ruxolitinib phosphate,DMSO control,NFkB,-3.297282417724334,-0.05703468393801264,0.0009762528258857506,0.0015186155069333899,CD8 Naive
CD8 Naive,65,Ruxolitinib phosphate,DMSO control,Hypoxia,-3.122187282601216,-0.06055488020534394,0.0017951270300393845,0.002513177842055138,CD8 Naive
CD8 Naive,66,Ruxolitinib phosphate,DMSO control,p53,-1.2689892384629498,-0.012024405781374314,0.2044449022938719,0.24611036961976634,CD8 Naive
CD8 Naive,67,Ruxolitinib phosphate,DMSO control,WNT,-1.250952671420263,-0.01558972960914251,0.21095174538837114,0.24611036961976634,CD8 Naive
CD8 Naive,68,Ruxolitinib phosphate,DMSO control,Androgen,-0.5803172386773633,-0.006637072734875349,0.5617007044423581,0.6049084509379241,CD8 Naive
CD8 Naive,69,Ruxolitinib phosphate,DMSO control,VEGF,0.0348887441294747,0.004484397800066819,0.9721684560338437,0.9721684560338437,CD8 Naive
CD8 Naive,70,Gefitinib hydrochloride,DMSO control,EGFR,35.39821150145011,0.7190171166081836,1.8191649978330907e-274,2.546830996966327e-273,CD8 Naive
CD8 Naive,71,Gefitinib hydrochloride,DMSO control,MAPK,33.662911995675074,0.6197551617345731,2.018213014685806e-248,1.4127491102800643e-247,CD8 Naive
CD8 Naive,72,Gefitinib hydrochloride,DMSO control,Estrogen,31.985060516943932,0.5440114856524338,1.759407859596089e-224,8.210570011448416e-224,CD8 Naive
CD8 Naive,73,Gefitinib hydrochloride,DMSO control,PI3K,24.59079714195343,0.49520496899677646,1.5846361033821562e-133,5.5462263618375465e-133,CD8 Naive
CD8 Naive,74,Gefitinib hydrochloride,DMSO control,VEGF,21.26717588311545,0.37694082687552966,2.2863786987233474e-100,6.401860356425372e-100,CD8 Naive
CD8 Naive,75,Gefitinib hydrochloride,DMSO control,Hypoxia,-19.732055924282477,-0.44944644502719666,1.144210131079954e-86,2.6698236391865596e-86,CD8 Naive
CD8 Naive,76,Gefitinib hydrochloride,DMSO control,JAK-STAT,17.05713430098313,0.3056837404177416,3.0936382936763834e-65,6.187276587352767e-65,CD8 Naive
CD8 Naive,77,Gefitinib hydrochloride,DMSO control,Androgen,14.408168523335084,0.23942123756231326,4.597405985717311e-47,8.045460475005295e-47,CD8 Naive
CD8 Naive,78,Gefitinib hydrochloride,DMSO control,p53,-9.910331463663564,-0.1466762193822546,3.7539866213515764e-23,5.839534744324675e-23,CD8 Naive
CD8 Naive,79,Gefitinib hydrochloride,DMSO control,TNFa,-8.954074707731394,-0.1494178987056869,3.425967917548089e-19,4.796355084567324e-19,CD8 Naive
CD8 Naive,80,Gefitinib hydrochloride,DMSO control,TGFb,6.942265989099631,0.08298722204130021,3.85859802886533e-12,4.910942945828602e-12,CD8 Naive
CD8 Naive,81,Gefitinib hydrochloride,DMSO control,Trail,-4.699699721028764,-0.042762689277316523,2.605443057600224e-06,3.0396835672002616e-06,CD8 Naive
CD8 Naive,82,Gefitinib hydrochloride,DMSO control,WNT,-2.4138338394750787,-0.024608490635362745,0.0157856593700878,0.016999940860094553,CD8 Naive
CD8 Naive,83,Gefitinib hydrochloride,DMSO control,NFkB,-1.2624468798463724,-0.01565120844610457,0.20678802929747964,0.20678802929747964,CD8 Naive
CD8 Naive,84,Erlotinib hydrochloride,DMSO control,Estrogen,35.221766705626244,0.607457803042954,9.2855579440877e-272,1.299978112172278e-270,CD8 Naive
CD8 Naive,85,Erlotinib hydrochloride,DMSO control,EGFR,33.22722905780742,0.6660581607311025,4.354249716704284e-242,3.047974801692999e-241,CD8 Naive
CD8 Naive,86,Erlotinib hydrochloride,DMSO control,MAPK,32.53269362848471,0.6029551157049724,3.679160848505562e-232,1.7169417293025957e-231,CD8 Naive
CD8 Naive,87,Erlotinib hydrochloride,DMSO control,Hypoxia,-27.833221364867626,-0.6391874583639857,1.7195311399620236e-170,6.018358989867083e-170,CD8 Naive
CD8 Naive,88,Erlotinib hydrochloride,DMSO control,PI3K,23.216666311343893,0.4550535537861947,3.0904610828842317e-119,8.653291032075848e-119,CD8 Naive
CD8 Naive,89,Erlotinib hydrochloride,DMSO control,VEGF,18.21790918211089,0.3258800687635448,3.72103647952676e-74,8.682418452229106e-74,CD8 Naive
CD8 Naive,90,Erlotinib hydrochloride,DMSO control,JAK-STAT,17.13374929039979,0.3058683039404373,8.312117477296625e-66,1.662423495459325e-65,CD8 Naive
CD8 Naive,91,Erlotinib hydrochloride,DMSO control,Androgen,14.483414971131422,0.24118935566225153,1.5423968234699896e-47,2.699194441072482e-47,CD8 Naive
CD8 Naive,92,Erlotinib hydrochloride,DMSO control,p53,-12.635376256739342,-0.18943141252554652,1.347480410155762e-36,2.0960806380200744e-36,CD8 Naive
CD8 Naive,93,Erlotinib hydrochloride,DMSO control,TNFa,-10.781889374956087,-0.1939135533754297,4.1918596784563205e-27,5.868603549838848e-27,CD8 Naive
CD8 Naive,94,Erlotinib hydrochloride,DMSO control,NFkB,-6.4253974656583175,-0.11938136532882548,1.3152539603716886e-10,1.6739595859276036e-10,CD8 Naive
CD8 Naive,95,Erlotinib hydrochloride,DMSO control,WNT,-6.304766736034461,-0.06888341721082858,2.8862825481193873e-10,3.3673296394726187e-10,CD8 Naive
CD8 Naive,96,Erlotinib hydrochloride,DMSO control,TGFb,5.811652512346241,0.06993924286219078,6.18591406557034e-09,6.66175360907575e-09,CD8 Naive
CD8 Naive,97,Erlotinib hydrochloride,DMSO control,Trail,-4.6057349761387725,-0.0510925877630003,4.1101157855806e-06,4.1101157855806e-06,CD8 Naive
CD8 Naive,98,Erlotinib,DMSO control,Estrogen,35.27155792016875,0.601433068238431,1.6033188676687837e-272,2.2446464147362974e-271,CD8 Naive
CD8 Naive,99,Erlotinib,DMSO control,EGFR,32.16008608534454,0.6250309229958981,6.383813136162489e-227,4.468669195313742e-226,CD8 Naive
CD8 Naive,100,Erlotinib,DMSO control,MAPK,31.919635374224654,0.575667169272225,1.4260704639737018e-223,6.654995498543942e-223,CD8 Naive
CD8 Naive,101,Erlotinib,DMSO control,Hypoxia,-27.746574141123503,-0.6320244449839602,1.9164872926399222e-169,6.707705524239728e-169,CD8 Naive
CD8 Naive,102,Erlotinib,DMSO control,PI3K,22.93963982884107,0.45012794246995,1.8697110672002424e-116,5.235190988160679e-116,CD8 Naive
CD8 Naive,103,Erlotinib,DMSO control,VEGF,20.757281857472336,0.37077083790862364,1.0535998293743024e-95,2.4583996018733723e-95,CD8 Naive
CD8 Naive,104,Erlotinib,DMSO control,JAK-STAT,20.031941864954685,0.3553531090356029,2.9012152326812855e-89,5.802430465362571e-89,CD8 Naive
CD8 Naive,105,Erlotinib,DMSO control,Androgen,16.326786710184187,0.26901824218043824,6.364960816688708e-60,1.1138681429205238e-59,CD8 Naive
CD8 Naive,106,Erlotinib,DMSO control,TNFa,-13.261490517643214,-0.22580942027007067,3.871241071478775e-40,6.0219305556336504e-40,CD8 Naive
CD8 Naive,107,Erlotinib,DMSO control,p53,-12.87429150268259,-0.18982168435491764,6.281281640413703e-38,8.793794296579184e-38,CD8 Naive
CD8 Naive,108,Erlotinib,DMSO control,NFkB,-8.811293544617618,-0.1536068845001114,1.2370994980413308e-18,1.574490270234421e-18,CD8 Naive
CD8 Naive,109,Erlotinib,DMSO control,WNT,-7.9494246491405,-0.0781624330952202,1.873797117244402e-15,2.186096636785136e-15,CD8 Naive
CD8 Naive,110,Erlotinib,DMSO control,TGFb,7.636480063019105,0.0919922147393693,2.2324080689762593e-14,2.4041317665898175e-14,CD8 Naive
CD8 Naive,111,Erlotinib,DMSO control,Trail,-7.009297088421156,-0.07786130715037842,2.395183810912246e-12,2.395183810912246e-12,CD8 Naive
CD8 Naive,112,Canertinib dihydrochloride,DMSO control,NFkB,24.98065457131023,0.4508736636870251,9.921481524562427e-138,1.3890074134387397e-136,CD8 Naive
CD8 Naive,113,Canertinib dihydrochloride,DMSO control,TNFa,20.982499695961017,0.3563294152447598,9.47781372976539e-98,6.634469610835772e-97,CD8 Naive
CD8 Naive,114,Canertinib dihydrochloride,DMSO control,JAK-STAT,20.450262863098263,0.35023122176427124,5.9752382878419635e-93,2.78844453432625e-92,CD8 Naive
CD8 Naive,115,Canertinib dihydrochloride,DMSO control,p53,17.427196698398227,0.26942677839164797,5.1299945787568785e-68,1.7954981025649075e-67,CD8 Naive
CD8 Naive,116,Canertinib dihydrochloride,DMSO control,Estrogen,15.913492526007756,0.2481433368007182,5.108259982166922e-57,1.430312795006738e-56,CD8 Naive
CD8 Naive,117,Canertinib dihydrochloride,DMSO control,EGFR,15.804054440829093,0.2829805079747003,2.9173467173743005e-56,6.807142340540035e-56,CD8 Naive
CD8 Naive,118,Canertinib dihydrochloride,DMSO control,WNT,-9.750946012035474,-0.10590602085505696,1.827571691958535e-22,3.65514338391707e-22,CD8 Naive
CD8 Naive,119,Canertinib dihydrochloride,DMSO control,Trail,9.504518877366346,0.14164110861095114,2.009748771277312e-21,3.5170603497352954e-21,CD8 Naive
CD8 Naive,120,Canertinib dihydrochloride,DMSO control,Androgen,8.248122535080297,0.13765500317418122,1.6090234017791708e-16,2.502925291656488e-16,CD8 Naive
CD8 Naive,121,Canertinib dihydrochloride,DMSO control,MAPK,4.546674883515364,0.05757846525637422,5.450008652821878e-06,7.630012113950628e-06,CD8 Naive
CD8 Naive,122,Canertinib dihydrochloride,DMSO control,TGFb,-3.7336773990646854,-0.03995010043939984,0.0001887041706578318,0.00024016894447360408,CD8 Naive
CD8 Naive,123,Canertinib dihydrochloride,DMSO control,VEGF,-3.1485770482401945,-0.058076196059257956,0.0016406746615223932,0.0019141204384427923,CD8 Naive
CD8 Naive,124,Canertinib dihydrochloride,DMSO control,PI3K,-2.038535736898192,-0.04723431913207521,0.04149638457920856,0.044688414162224604,CD8 Naive
CD8 Naive,125,Canertinib dihydrochloride,DMSO control,Hypoxia,-0.24563611736756638,0.009206827929668426,0.805963928018582,0.805963928018582,CD8 Naive
CD8 Naive,126,Afatinib dimaleate,DMSO control,EGFR,41.88241570076989,0.8931473129437539,0.0,0.0,CD8 Naive
CD8 Naive,127,Afatinib dimaleate,DMSO control,PI3K,31.17713610832312,0.6414536170517203,2.1754038560372917e-213,1.5227826992261042e-212,CD8 Naive
CD8 Naive,128,Afatinib dimaleate,DMSO control,NFkB,28.4920746608866,0.5253423968679166,1.468647531407331e-178,6.853688479900878e-178,CD8 Naive
CD8 Naive,129,Afatinib dimaleate,DMSO control,MAPK,27.965519854480476,0.497502488084,4.2692892590876244e-172,1.4942512406806685e-171,CD8 Naive
CD8 Naive,130,Afatinib dimaleate,DMSO control,JAK-STAT,27.561994260794073,0.5137172740769848,3.178487609186945e-167,8.899765305723445e-167,CD8 Naive
CD8 Naive,131,Afatinib dimaleate,DMSO control,Estrogen,26.01656331641696,0.42812346099334575,3.216837485506038e-149,7.505954132847423e-149,CD8 Naive
CD8 Naive,132,Afatinib dimaleate,DMSO control,TNFa,20.403125445307783,0.35270572436518965,1.5686215019457447e-92,3.1372430038914895e-92,CD8 Naive
CD8 Naive,133,Afatinib dimaleate,DMSO control,Androgen,12.365995043562851,0.20588653338019736,3.992365761975038e-35,6.986640083456317e-35,CD8 Naive
CD8 Naive,134,Afatinib dimaleate,DMSO control,p53,6.671293139841436,0.10199417685676426,2.5355917118116075e-11,3.944253773929167e-11,CD8 Naive
CD8 Naive,135,Afatinib dimaleate,DMSO control,Hypoxia,-5.8018753432506,-0.12268217509423684,6.55773081599992e-09,9.180823142399886e-09,CD8 Naive
CD8 Naive,136,Afatinib dimaleate,DMSO control,VEGF,5.711546000227434,0.1003406969791576,1.1195442599325983e-08,1.4248745126414887e-08,CD8 Naive
CD8 Naive,137,Afatinib dimaleate,DMSO control,WNT,5.075576986775136,0.04932853400344395,3.863218955959465e-07,4.5070887819527095e-07,CD8 Naive
CD8 Naive,138,Afatinib dimaleate,DMSO control,TGFb,3.4568397164810873,0.0412297318940128,0.000546549828119978,0.0005885921225907455,CD8 Naive
CD8 Naive,139,Afatinib dimaleate,DMSO control,Trail,1.7027703121953404,0.03777206002957345,0.08861106069135076,0.08861106069135076,CD8 Naive
CD8 Naive,140,IL-6 control,DMSO control,MAPK,36.57322677332697,0.7015707344562316,7.622618220960596e-293,1.0671665509344835e-291,CD8 Naive
CD8 Naive,141,IL-6 control,DMSO control,Estrogen,36.53026782296847,0.6418524457192574,3.6690510257295037e-292,2.5683357180106527e-291,CD8 Naive
CD8 Naive,142,IL-6 control,DMSO control,EGFR,34.82857247184537,0.7095617819578375,8.987658714763596e-266,4.194240733556345e-265,CD8 Naive
CD8 Naive,143,IL-6 control,DMSO control,VEGF,26.732546719020927,0.4939113136994888,1.9704559019032423e-157,6.896595656661348e-157,CD8 Naive
CD8 Naive,144,IL-6 control,DMSO control,PI3K,26.338987302833317,0.5359424912519687,6.862798189946938e-153,1.9215834931851425e-152,CD8 Naive
CD8 Naive,145,IL-6 control,DMSO control,Hypoxia,-25.14335773672441,-0.5921586714287636,1.6705419244998039e-139,3.897931157166209e-139,CD8 Naive
CD8 Naive,146,IL-6 control,DMSO control,JAK-STAT,19.445887292296042,0.34537805244034114,3.157647610246914e-84,6.315295220493828e-84,CD8 Naive
CD8 Naive,147,IL-6 control,DMSO control,Androgen,15.413998631316673,0.25562726376744593,1.3179797362385827e-53,2.3064645384175197e-53,CD8 Naive
CD8 Naive,148,IL-6 control,DMSO control,p53,-15.236060421660323,-0.2276361285669979,2.037935992758932e-52,3.170122655402783e-52,CD8 Naive
CD8 Naive,149,IL-6 control,DMSO control,TNFa,-15.103585570661656,-0.2661938419638181,1.5336200983930043e-51,2.1470681377502058e-51,CD8 Naive
CD8 Naive,150,IL-6 control,DMSO control,TGFb,11.28484710002503,0.13192497108830392,1.5591244771166968e-29,1.9843402436030686e-29,CD8 Naive
CD8 Naive,151,IL-6 control,DMSO control,NFkB,-7.999146891784707,-0.14944686096945917,1.2528418648580434e-15,1.461648842334384e-15,CD8 Naive
CD8 Naive,152,IL-6 control,DMSO control,WNT,-6.505709786793298,-0.06866037929068192,7.732738535757293e-11,8.327564576969392e-11,CD8 Naive
CD8 Naive,153,IL-6 control,DMSO control,Trail,-3.5619030515286156,-0.03137494408756891,0.0003681763486850741,0.0003681763486850741,CD8 Naive
CD8 Naive,154,NVP-BSK805,DMSO control,JAK-STAT,-32.458424063641345,-0.5662307753354053,4.119829751063505e-231,5.767761651488907e-230,CD8 Naive
CD8 Naive,155,NVP-BSK805,DMSO control,EGFR,28.717156083374825,0.6003986345479664,2.3300274743518378e-181,1.6310192320462864e-180,CD8 Naive
CD8 Naive,156,NVP-BSK805,DMSO control,MAPK,26.86786691659334,0.5032015721137522,5.21631165622419e-159,2.4342787729046223e-158,CD8 Naive
CD8 Naive,157,NVP-BSK805,DMSO control,PI3K,17.234196752284575,0.3330345344637834,1.4708219845079724e-66,5.147876945777904e-66,CD8 Naive
CD8 Naive,158,NVP-BSK805,DMSO control,NFkB,16.416998607468187,0.3092485437188024,1.4454183031026983e-60,4.047171248687555e-60,CD8 Naive
CD8 Naive,159,NVP-BSK805,DMSO control,Hypoxia,14.633444999987928,0.34258153375384937,1.718600981106149e-48,4.010068955914348e-48,CD8 Naive
CD8 Naive,160,NVP-BSK805,DMSO control,TGFb,14.405481944663464,0.17702952381781906,4.779720261874833e-47,9.559440523749665e-47,CD8 Naive
CD8 Naive,161,NVP-BSK805,DMSO control,Estrogen,13.262144814929034,0.21325169330346894,3.8376077221506894e-40,6.715813513763707e-40,CD8 Naive
CD8 Naive,162,NVP-BSK805,DMSO control,Androgen,9.382182497905369,0.15152339865405473,6.4621010670473716e-21,1.0052157215407023e-20,CD8 Naive
CD8 Naive,163,NVP-BSK805,DMSO control,TNFa,8.438582309475553,0.15293395876435634,3.212097276126621e-17,4.496936186577269e-17,CD8 Naive
CD8 Naive,164,NVP-BSK805,DMSO control,VEGF,4.653291165307688,0.08719146231335628,3.2667844263429385e-06,4.157725633527376e-06,CD8 Naive
CD8 Naive,165,NVP-BSK805,DMSO control,WNT,-3.8629770691261958,-0.043920633709531476,0.00011201352604704651,0.0001306824470548876,CD8 Naive
CD8 Naive,166,NVP-BSK805,DMSO control,p53,-3.273442793083485,-0.0472696966330004,0.001062458947975683,0.0011441865593584278,CD8 Naive
CD8 Naive,167,NVP-BSK805,DMSO control,Trail,-0.714662639768506,-0.004999231624250311,0.47481752847494496,0.47481752847494496,CD8 Naive
CD8 Naive,168,Baricitinib phosphate,DMSO control,JAK-STAT,-38.99333194233863,-0.6859022066559931,0.0,0.0,CD8 Naive
CD8 Naive,169,Baricitinib phosphate,DMSO control,MAPK,17.259729015110608,0.31240301946391624,9.455361353366592e-67,6.618752947356614e-66,CD8 Naive
CD8 Naive,170,Baricitinib phosphate,DMSO control,EGFR,15.177456010202746,0.30399425539107794,4.987535273856424e-52,2.327516461132998e-51,CD8 Naive
CD8 Naive,171,Baricitinib phosphate,DMSO control,PI3K,11.409720263328287,0.22630564890982663,3.739299108316447e-30,1.3087546879107563e-29,CD8 Naive
CD8 Naive,172,Baricitinib phosphate,DMSO control,TNFa,-11.245788295916105,-0.19266041127373934,2.429168066504098e-29,6.801670586211474e-29,CD8 Naive
CD8 Naive,173,Baricitinib phosphate,DMSO control,NFkB,-8.455239320114776,-0.1531267339085513,2.785155174045536e-17,6.498695406106251e-17,CD8 Naive
CD8 Naive,174,Baricitinib phosphate,DMSO control,Estrogen,7.307564644301226,0.12154431971436397,2.7202746717299223e-13,4.834979670835873e-13,CD8 Naive
CD8 Naive,175,Baricitinib phosphate,DMSO control,Trail,-7.305477139960138,-0.09489483073732896,2.762845526191927e-13,4.834979670835873e-13,CD8 Naive
CD8 Naive,176,Baricitinib phosphate,DMSO control,VEGF,3.878750736772799,0.06802635211971086,0.0001049942705634926,0.00016332442087654405,CD8 Naive
CD8 Naive,177,Baricitinib phosphate,DMSO control,WNT,-2.940832521256518,-0.02779440626498153,0.0032733146151355764,0.004582640461189807,CD8 Naive
CD8 Naive,178,Baricitinib phosphate,DMSO control,TGFb,2.177300561961,0.0330890109380394,0.029458149290044863,0.03749219000551164,CD8 Naive
CD8 Naive,179,Baricitinib phosphate,DMSO control,p53,-1.8644348008964995,-0.025627280709417777,0.062260669572035424,0.07263744783404133,CD8 Naive
CD8 Naive,180,Baricitinib phosphate,DMSO control,Hypoxia,-1.1518832187020092,-0.022025172274463545,0.24936906496960243,0.2685513007364949,CD8 Naive
CD8 Naive,181,Baricitinib phosphate,DMSO control,Androgen,0.8148225278046579,0.01629336999164238,0.41517390387301456,0.41517390387301456,CD8 Naive
CD8 Naive,182,Tofacitinib citrate,DMSO control,JAK-STAT,-33.47352419821223,-0.5865395574160074,1.1705807676019149e-245,1.638813074642681e-244,CD8 Naive
CD8 Naive,183,Tofacitinib citrate,DMSO control,MAPK,15.486837226715997,0.2808109875879732,4.2572472077714765e-54,2.9800730454400335e-53,CD8 Naive
CD8 Naive,184,Tofacitinib citrate,DMSO control,TNFa,-12.992264343077625,-0.21138479191531423,1.3536203482406932e-38,6.316894958456569e-38,CD8 Naive
CD8 Naive,185,Tofacitinib citrate,DMSO control,EGFR,12.631751887302197,0.24651600100710747,1.4110139878464284e-36,4.9385489574624995e-36,CD8 Naive
CD8 Naive,186,Tofacitinib citrate,DMSO control,NFkB,-9.84486955667251,-0.16773120027263938,7.213273707110676e-23,2.0197166379909894e-22,CD8 Naive
CD8 Naive,187,Tofacitinib citrate,DMSO control,Estrogen,8.946918066037513,0.14645876319303186,3.655453977056245e-19,8.529392613131239e-19,CD8 Naive
CD8 Naive,188,Tofacitinib citrate,DMSO control,Trail,8.458437512826459,0.11919534774712803,2.7098376257066448e-17,5.4196752514132897e-17,CD8 Naive
CD8 Naive,189,Tofacitinib citrate,DMSO control,p53,-7.179978814613298,-0.10720848769704805,6.97222220267753e-13,1.2201388854685679e-12,CD8 Naive
CD8 Naive,190,Tofacitinib citrate,DMSO control,PI3K,6.595697100256347,0.13592957637909997,4.232623001967011e-11,6.584080225282017e-11,CD8 Naive
CD8 Naive,191,Tofacitinib citrate,DMSO control,VEGF,5.031141489654996,0.09060397463495207,4.8756814621433e-07,6.825954047000619e-07,CD8 Naive
CD8 Naive,192,Tofacitinib citrate,DMSO control,TGFb,4.407730079738058,0.05486088016620033,1.0445961083318163e-05,1.3294859560586754e-05,CD8 Naive
CD8 Naive,193,Tofacitinib citrate,DMSO control,Androgen,1.62745646977167,0.02907872764579522,0.10364018657279382,0.1209135510015928,CD8 Naive
CD8 Naive,194,Tofacitinib citrate,DMSO control,Hypoxia,1.0891323383946954,0.02486463060345634,0.2760955310766591,0.2973336488517867,CD8 Naive
CD8 Naive,195,Tofacitinib citrate,DMSO control,WNT,0.4688061220527145,0.0057065025938007885,0.6392082235926733,0.6392082235926733,CD8 Naive
CD8 Naive,196,Canertinib,DMSO control,NFkB,27.282481967886447,0.4983117884050102,6.846030010924448e-164,9.584442015294227e-163,CD8 Naive
CD8 Naive,197,Canertinib,DMSO control,TNFa,22.912839894061303,0.3946743389475096,3.4603515905484266e-116,2.422246113383899e-115,CD8 Naive
CD8 Naive,198,Canertinib,DMSO control,JAK-STAT,22.65883497640562,0.3892916965437906,1.1416045265126862e-113,5.327487790392536e-113,CD8 Naive
CD8 Naive,199,Canertinib,DMSO control,p53,22.57534159930978,0.35426435987936156,7.572241669547828e-113,2.6502845843417395e-112,CD8 Naive
CD8 Naive,200,Canertinib,DMSO control,EGFR,13.846411511615967,0.24262385011404808,1.3372779121861535e-43,3.744378154121229e-43,CD8 Naive
CD8 Naive,201,Canertinib,DMSO control,Estrogen,11.572339664104753,0.17587641645627006,5.69092876311829e-31,1.3278833780609344e-30,CD8 Naive
CD8 Naive,202,Canertinib,DMSO control,WNT,-10.975379811262217,-0.12361000317489068,5.019446792902607e-28,1.0038893585805213e-27,CD8 Naive
CD8 Naive,203,Canertinib,DMSO control,Androgen,9.805659119681644,0.16404741903804487,1.0644974387831623e-22,1.8628705178705342e-22,CD8 Naive
CD8 Naive,204,Canertinib,DMSO control,Trail,9.696170443120609,0.14097956047664262,3.1302771996831407e-22,4.869320088395997e-22,CD8 Naive
CD8 Naive,205,Canertinib,DMSO control,TGFb,-6.467101788985466,-0.07276314710611043,9.990036019515106e-11,1.3986050427321148e-10,CD8 Naive
CD8 Naive,206,Canertinib,DMSO control,VEGF,-4.700023011487109,-0.08161141697506613,2.601321765387154e-06,3.3107731559472868e-06,CD8 Naive
CD8 Naive,207,Canertinib,DMSO control,PI3K,-3.042297341843321,-0.07056826790151649,0.002347798504406976,0.002569413329793285,CD8 Naive
CD8 Naive,208,Canertinib,DMSO control,Hypoxia,3.0374507605870975,0.07555840618705778,0.002385883806236622,0.002569413329793285,CD8 Naive
CD8 Naive,209,Canertinib,DMSO control,MAPK,1.1029700497335024,-0.004294889550395364,0.2700401717780665,0.2700401717780665,CD8 Naive
CD8 Naive,210,Afatinib,DMSO control,EGFR,39.89666951936463,0.8242360807769262,0.0,0.0,CD8 Naive
CD8 Naive,211,Afatinib,DMSO control,PI3K,30.429453167157913,0.6257418373563417,2.2404672454873098e-203,1.568327071841117e-202,CD8 Naive
CD8 Naive,212,Afatinib,DMSO control,MAPK,27.703588299669264,0.48937394245144694,6.320677139997684e-169,2.949649331998919e-168,CD8 Naive
CD8 Naive,213,Afatinib,DMSO control,Estrogen,26.032664821280452,0.4308256079322743,2.1143477876525837e-149,7.400217256784043e-149,CD8 Naive
CD8 Naive,214,Afatinib,DMSO control,JAK-STAT,26.008062763939265,0.4811012676279681,4.0142221488401965e-149,1.123982201675255e-148,CD8 Naive
CD8 Naive,215,Afatinib,DMSO control,NFkB,22.149434728069426,0.4115853686642099,1.0563602587960877e-108,2.464840603857538e-108,CD8 Naive
CD8 Naive,216,Afatinib,DMSO control,TNFa,15.693036249361286,0.273997956005098,1.6878544968758764e-55,3.375708993751753e-55,CD8 Naive
CD8 Naive,217,Afatinib,DMSO control,Androgen,11.805842251990212,0.19748675273316907,3.6412647758524135e-32,6.372213357741723e-32,CD8 Naive
CD8 Naive,218,Afatinib,DMSO control,Hypoxia,-10.027419416217409,-0.21126323896386467,1.154956845231962e-23,1.7965995370274967e-23,CD8 Naive
CD8 Naive,219,Afatinib,DMSO control,VEGF,7.612384955157456,0.13129825728179823,2.690836812306377e-14,3.767171537228928e-14,CD8 Naive
CD8 Naive,220,Afatinib,DMSO control,p53,3.0040792364264908,0.0556139074095523,0.0026638593880576674,0.0033903664938915766,CD8 Naive
CD8 Naive,221,Afatinib,DMSO control,TGFb,2.391785301442958,0.028842257737493715,0.016766647141372586,0.01956108833160135,CD8 Naive
CD8 Naive,222,Afatinib,DMSO control,Trail,-0.392797050712186,0.007494938145451324,0.6944693831474209,0.7478901049279917,CD8 Naive
CD8 Naive,223,Afatinib,DMSO control,WNT,-0.2688388738810254,-0.006038173099102817,0.7880536771678751,0.7880536771678751,CD8 Naive
CD8 Naive,224,Baricitinib,DMSO control,JAK-STAT,-41.42257664149073,-0.731876564673404,0.0,0.0,CD8 Naive
CD8 Naive,225,Baricitinib,DMSO control,MAPK,15.876559148995101,0.2907365839994447,9.209369206131995e-57,6.446558444292396e-56,CD8 Naive
CD8 Naive,226,Baricitinib,DMSO control,PI3K,13.61097975601354,0.26549039299722954,3.445930296047191e-42,1.6081008048220225e-41,CD8 Naive
CD8 Naive,227,Baricitinib,DMSO control,EGFR,12.390961173498892,0.25175871539501804,2.925162082664955e-35,1.0238067289327342e-34,CD8 Naive
CD8 Naive,228,Baricitinib,DMSO control,Trail,-10.581221708955296,-0.13722756245785794,3.641782749536231e-26,1.0196991698701446e-25,CD8 Naive
CD8 Naive,229,Baricitinib,DMSO control,TNFa,-8.12955179889405,-0.1348769814430617,4.3088060955808126e-16,1.0053880889688563e-15,CD8 Naive
CD8 Naive,230,Baricitinib,DMSO control,NFkB,-5.9233971106126795,-0.10453619927880081,3.1535806856108053e-09,6.307161371221611e-09,CD8 Naive
CD8 Naive,231,Baricitinib,DMSO control,Estrogen,5.6044444446038195,0.09224908297461587,2.089239866595122e-08,3.656169766541464e-08,CD8 Naive
CD8 Naive,232,Baricitinib,DMSO control,TGFb,4.587735848124981,0.05710510768702276,4.480790909743237e-06,6.970119192933925e-06,CD8 Naive
CD8 Naive,233,Baricitinib,DMSO control,WNT,-3.395325201773745,-0.03372750809814806,0.0006854712850927023,0.0009596597991297831,CD8 Naive
CD8 Naive,234,Baricitinib,DMSO control,VEGF,1.9993373419344211,0.037405128789596453,0.04557186642749075,0.05800055727135186,CD8 Naive
CD8 Naive,235,Baricitinib,DMSO control,p53,-1.3238531494401895,-0.01833714820707666,0.18555182046677576,0.21647712387790508,CD8 Naive
CD8 Naive,236,Baricitinib,DMSO control,Androgen,1.2051791080553669,0.0160518596564449,0.22813416576233314,0.24568294774405106,CD8 Naive
CD8 Naive,237,Baricitinib,DMSO control,Hypoxia,0.5973285135609719,0.023686084182421796,0.5502880710604632,0.5502880710604632,CD8 Naive
CD4 Effector Memory,0,Tofacitinib,DMSO control,JAK-STAT,-3.536099080741184,-0.08490082862754567,0.0004060823594536522,0.005685153032351131,CD4 Effector Memory
CD4 Effector Memory,1,Tofacitinib,DMSO control,MAPK,3.0668985743004127,0.04761794257718943,0.002162922346176787,0.015140456423237511,CD4 Effector Memory
CD4 Effector Memory,2,Tofacitinib,DMSO control,EGFR,2.8382256667355343,0.05333267348451143,0.004536509692562069,0.021170378565289655,CD4 Effector Memory
CD4 Effector Memory,3,Tofacitinib,DMSO control,PI3K,2.351414811961022,0.04731175109499647,0.018702171509679028,0.0654576002838766,CD4 Effector Memory
CD4 Effector Memory,4,Tofacitinib,DMSO control,VEGF,1.8336018954959117,0.024102701596929954,0.06671311066111313,0.18679670985111674,CD4 Effector Memory
CD4 Effector Memory,5,Tofacitinib,DMSO control,TGFb,1.6205444778648523,0.02343911719294265,0.10511536802094582,0.21033859576651706,CD4 Effector Memory
CD4 Effector Memory,6,Tofacitinib,DMSO control,Estrogen,1.6036372353605919,0.023938617723899824,0.10879403813843828,0.21033859576651706,CD4 Effector Memory
CD4 Effector Memory,7,Tofacitinib,DMSO control,NFkB,1.5539619909428513,0.017855168099319085,0.1201934832951526,0.21033859576651706,CD4 Effector Memory
CD4 Effector Memory,8,Tofacitinib,DMSO control,TNFa,1.386099561978887,0.015796568187166127,0.16571650411647898,0.25778122862563396,CD4 Effector Memory
CD4 Effector Memory,9,Tofacitinib,DMSO control,Androgen,-0.9033438291976594,-0.017856723336170832,0.36634344169841504,0.48388148931785313,CD4 Effector Memory
CD4 Effector Memory,10,Tofacitinib,DMSO control,Trail,0.877541480385548,0.01354019351209218,0.38019259874974176,0.48388148931785313,CD4 Effector Memory
CD4 Effector Memory,11,Tofacitinib,DMSO control,WNT,0.7211740141686778,0.014291923822505992,0.47080245766136797,0.5492695339382626,CD4 Effector Memory
CD4 Effector Memory,12,Tofacitinib,DMSO control,Hypoxia,-0.28784825632979033,-0.012531020013085037,0.7734628966530009,0.8329600425493856,CD4 Effector Memory
CD4 Effector Memory,13,Tofacitinib,DMSO control,p53,-0.1764141580062547,-0.00818668580784987,0.859968582619094,0.859968582619094,CD4 Effector Memory
CD4 Effector Memory,14,Ruxolitinib,DMSO control,PI3K,12.460722466870367,0.27514319665109876,1.2225799569722212e-35,1.7116119397611095e-34,CD4 Effector Memory
CD4 Effector Memory,15,Ruxolitinib,DMSO control,MAPK,11.36288088538005,0.22809228468741916,6.399871742353375e-30,4.4799102196473625e-29,CD4 Effector Memory
CD4 Effector Memory,16,Ruxolitinib,DMSO control,EGFR,10.141949235873325,0.21388585753733658,3.598464287926846e-24,1.6792833343658616e-23,CD4 Effector Memory
CD4 Effector Memory,17,Ruxolitinib,DMSO control,JAK-STAT,-9.928605322690208,-0.23761984371012657,3.1259706976404177e-23,1.094089744174146e-22,CD4 Effector Memory
CD4 Effector Memory,18,Ruxolitinib,DMSO control,TGFb,6.52234232500899,0.10540775482557217,6.921781252433114e-11,1.9380987506812718e-10,CD4 Effector Memory
CD4 Effector Memory,19,Ruxolitinib,DMSO control,VEGF,5.583339522473325,0.10957121076325693,2.3594348955624763e-08,5.505348089645778e-08,CD4 Effector Memory
CD4 Effector Memory,20,Ruxolitinib,DMSO control,Estrogen,5.144003176408269,0.0924862867073899,2.68944982768564e-07,5.37889965537128e-07,CD4 Effector Memory
CD4 Effector Memory,21,Ruxolitinib,DMSO control,Trail,-5.007099593457624,-0.08968565949311791,5.525633984558402e-07,9.669859472977204e-07,CD4 Effector Memory
CD4 Effector Memory,22,Ruxolitinib,DMSO control,Hypoxia,-3.286734486527372,-0.08322854047145745,0.0010135634998339348,0.0015766543330750097,CD4 Effector Memory
CD4 Effector Memory,23,Ruxolitinib,DMSO control,WNT,-1.9720706489367628,-0.029381576042228796,0.048601542031964755,0.06804215884475065,CD4 Effector Memory
CD4 Effector Memory,24,Ruxolitinib,DMSO control,Androgen,1.6461049820669176,0.034650935156705365,0.0997421469050244,0.1269445506063947,CD4 Effector Memory
CD4 Effector Memory,25,Ruxolitinib,DMSO control,p53,-1.2307176094842327,-0.026466272991849227,0.2184284996116599,0.25483324954693654,CD4 Effector Memory
CD4 Effector Memory,26,Ruxolitinib,DMSO control,NFkB,-0.4270040393587061,-0.024234161077211658,0.6693763855771322,0.7208668767753731,CD4 Effector Memory
CD4 Effector Memory,27,Ruxolitinib,DMSO control,TNFa,0.20084517858599468,0.0022486255457527804,0.8408196352414746,0.8408196352414746,CD4 Effector Memory
CD4 Effector Memory,28,NVP-BSK805 2HCl,DMSO control,MAPK,14.046025133154334,0.28570293756190646,8.148072390587374e-45,1.1407301346822323e-43,CD4 Effector Memory
CD4 Effector Memory,29,NVP-BSK805 2HCl,DMSO control,EGFR,13.194936640653848,0.292049190066038,9.383373390492617e-40,6.568361373344831e-39,CD4 Effector Memory
CD4 Effector Memory,30,NVP-BSK805 2HCl,DMSO control,JAK-STAT,-12.581902480570205,-0.33256129404990975,2.6555647502664413e-36,1.2392635501243393e-35,CD4 Effector Memory
CD4 Effector Memory,31,NVP-BSK805 2HCl,DMSO control,TGFb,10.178527313585962,0.17081709978961884,2.472751879931299e-24,8.654631579759546e-24,CD4 Effector Memory
CD4 Effector Memory,32,NVP-BSK805 2HCl,DMSO control,NFkB,9.116313934286978,0.18880279296718383,7.77228789536985e-20,2.1762406107035577e-19,CD4 Effector Memory
CD4 Effector Memory,33,NVP-BSK805 2HCl,DMSO control,TNFa,7.230990494423308,0.13525064600267678,4.794839161944992e-13,1.1187958044538317e-12,CD4 Effector Memory
CD4 Effector Memory,34,NVP-BSK805 2HCl,DMSO control,PI3K,7.144088534186864,0.14853611002668993,9.059499887243773e-13,1.8118999774487547e-12,CD4 Effector Memory
CD4 Effector Memory,35,NVP-BSK805 2HCl,DMSO control,Hypoxia,6.826868515624787,0.17566448615408303,8.678816979729624e-12,1.518792971452684e-11,CD4 Effector Memory
CD4 Effector Memory,36,NVP-BSK805 2HCl,DMSO control,Estrogen,3.8358971067551204,0.06557397861268299,0.00012510678092398543,0.00019461054810397733,CD4 Effector Memory
CD4 Effector Memory,37,NVP-BSK805 2HCl,DMSO control,p53,-3.601874815495983,-0.06398583884135878,0.00031593050068057986,0.0004423027009528118,CD4 Effector Memory
CD4 Effector Memory,38,NVP-BSK805 2HCl,DMSO control,WNT,1.619831559080963,0.02663906783097547,0.10526846500151306,0.13397804636556207,CD4 Effector Memory
CD4 Effector Memory,39,NVP-BSK805 2HCl,DMSO control,Androgen,1.3331960478371063,0.029100108285675996,0.18246747598235313,0.212878721979412,CD4 Effector Memory
CD4 Effector Memory,40,NVP-BSK805 2HCl,DMSO control,VEGF,0.8753299106803621,0.013274709268491947,0.38139442391597134,0.4107324565248922,CD4 Effector Memory
CD4 Effector Memory,41,NVP-BSK805 2HCl,DMSO control,Trail,0.4044825678451452,-0.0034687523794022512,0.6858578941962157,0.6858578941962157,CD4 Effector Memory
CD4 Effector Memory,42,Gefitinib,DMSO control,VEGF,-3.528327057919509,-0.07946580647386314,0.00041819511040144434,0.003999551839061255,CD4 Effector Memory
CD4 Effector Memory,43,Gefitinib,DMSO control,MAPK,-3.4448555944814556,-0.08226132309516698,0.0005713645484373221,0.003999551839061255,CD4 Effector Memory
CD4 Effector Memory,44,Gefitinib,DMSO control,Androgen,-2.8995119504658997,-0.05639330639295126,0.00373744097558433,0.017441391219393542,CD4 Effector Memory
CD4 Effector Memory,45,Gefitinib,DMSO control,WNT,2.544075637111103,0.039775506129670735,0.010956735610106134,0.038348574635371474,CD4 Effector Memory
CD4 Effector Memory,46,Gefitinib,DMSO control,TNFa,1.9493902168109032,0.024713977103720364,0.051248841966628725,0.1434967575065604,CD4 Effector Memory
CD4 Effector Memory,47,Gefitinib,DMSO control,JAK-STAT,1.6715420589181915,0.02318575004112322,0.0946146584305936,0.1925169330273268,CD4 Effector Memory
CD4 Effector Memory,48,Gefitinib,DMSO control,Estrogen,-1.663269672841484,-0.03783292067036026,0.0962584665136634,0.1925169330273268,CD4 Effector Memory
CD4 Effector Memory,49,Gefitinib,DMSO control,p53,1.437591179597556,0.027574904514090726,0.1505500850421364,0.2634626488237387,CD4 Effector Memory
CD4 Effector Memory,50,Gefitinib,DMSO control,EGFR,-1.1803508518527126,-0.03355752644062093,0.23786070080729138,0.37000553458911994,CD4 Effector Memory
CD4 Effector Memory,51,Gefitinib,DMSO control,TGFb,-1.1052817923471887,-0.02248346215239784,0.26903750493862233,0.37665250691407126,CD4 Effector Memory
CD4 Effector Memory,52,Gefitinib,DMSO control,PI3K,0.6971069862243849,0.011715777399755267,0.48573584241185364,0.5564072067079425,CD4 Effector Memory
CD4 Effector Memory,53,Gefitinib,DMSO control,Hypoxia,0.6824312207484187,0.01791584731284246,0.49496631973197713,0.5564072067079425,CD4 Effector Memory
CD4 Effector Memory,54,Gefitinib,DMSO control,NFkB,0.6484965603787426,-0.007422972688241325,0.5166638348002324,0.5564072067079425,CD4 Effector Memory
CD4 Effector Memory,55,Gefitinib,DMSO control,Trail,-0.5373150414185156,-0.006864344124061894,0.5910500172859152,0.5910500172859152,CD4 Effector Memory
CD4 Effector Memory,56,Ruxolitinib phosphate,DMSO control,EGFR,38.17053212350762,0.9562913577414889,0.0,0.0,CD4 Effector Memory
CD4 Effector Memory,57,Ruxolitinib phosphate,DMSO control,MAPK,34.2027218027437,0.7648560856715054,2.2028343265542124e-256,1.5419840285879488e-255,CD4 Effector Memory
CD4 Effector Memory,58,Ruxolitinib phosphate,DMSO control,PI3K,29.735651791770533,0.6907386524344448,2.6584638345024695e-194,1.2406164561011524e-193,CD4 Effector Memory
CD4 Effector Memory,59,Ruxolitinib phosphate,DMSO control,TGFb,25.754408623958927,0.4580539769793173,2.8769842837972064e-146,1.0069444993290222e-145,CD4 Effector Memory
CD4 Effector Memory,60,Ruxolitinib phosphate,DMSO control,Hypoxia,19.593636148228075,0.5271582902751151,1.7521786297581322e-85,4.90610016332277e-85,CD4 Effector Memory
CD4 Effector Memory,61,Ruxolitinib phosphate,DMSO control,NFkB,16.961064123852758,0.376559086848296,1.5943078802279956e-64,3.72005172053199e-64,CD4 Effector Memory
CD4 Effector Memory,62,Ruxolitinib phosphate,DMSO control,Estrogen,13.9258558090716,0.25216528732729726,4.412245827237925e-44,8.82449165447585e-44,CD4 Effector Memory
CD4 Effector Memory,63,Ruxolitinib phosphate,DMSO control,JAK-STAT,-13.824045468328986,-0.3395662751811447,1.8251744899113747e-43,3.1940553573449057e-43,CD4 Effector Memory
CD4 Effector Memory,64,Ruxolitinib phosphate,DMSO control,Androgen,13.026702922222434,0.27421170476190493,8.625499791773947e-39,1.3417444120537252e-38,CD4 Effector Memory
CD4 Effector Memory,65,Ruxolitinib phosphate,DMSO control,TNFa,10.138009064163134,0.19736161329182966,3.746573876723789e-24,5.245203427413304e-24,CD4 Effector Memory
CD4 Effector Memory,66,Ruxolitinib phosphate,DMSO control,WNT,-7.222582510494082,-0.11156569400793537,5.100943460706292e-13,6.492109859080735e-13,CD4 Effector Memory
CD4 Effector Memory,67,Ruxolitinib phosphate,DMSO control,VEGF,5.261353591910445,0.10794832124975429,1.429987312540195e-07,1.6683185312968942e-07,CD4 Effector Memory
CD4 Effector Memory,68,Ruxolitinib phosphate,DMSO control,Trail,4.325642746326301,0.06257995216076095,1.5208774138012372e-05,1.63786798409364e-05,CD4 Effector Memory
CD4 Effector Memory,69,Ruxolitinib phosphate,DMSO control,p53,-0.622848532972247,-0.0014374419411087302,0.533384061811692,0.533384061811692,CD4 Effector Memory
CD4 Effector Memory,70,Gefitinib hydrochloride,DMSO control,JAK-STAT,3.377996752191758,0.08139227080284972,0.0007301594302799287,0.010222232023919002,CD4 Effector Memory
CD4 Effector Memory,71,Gefitinib hydrochloride,DMSO control,MAPK,-2.7615006082156923,-0.06789572950563016,0.005753640943302021,0.04027548660311414,CD4 Effector Memory
CD4 Effector Memory,72,Gefitinib hydrochloride,DMSO control,NFkB,2.3545564188909105,0.033920697248292386,0.018544828284183103,0.08654253199285449,CD4 Effector Memory
CD4 Effector Memory,73,Gefitinib hydrochloride,DMSO control,TNFa,1.946052865749059,0.032018356320746566,0.05164838961123269,0.18076936363931442,CD4 Effector Memory
CD4 Effector Memory,74,Gefitinib hydrochloride,DMSO control,Estrogen,-1.5396561126579291,-0.035633164073062495,0.12364419990653117,0.34620375973828726,CD4 Effector Memory
CD4 Effector Memory,75,Gefitinib hydrochloride,DMSO control,PI3K,0.9175197165775698,0.022059218790981938,0.3588703659779727,0.8373641872819364,CD4 Effector Memory
CD4 Effector Memory,76,Gefitinib hydrochloride,DMSO control,EGFR,-0.7241751922377412,-0.025382249269372714,0.46895818665986033,0.9120792826034406,CD4 Effector Memory
CD4 Effector Memory,77,Gefitinib hydrochloride,DMSO control,Trail,0.5359068947917769,0.009552854991143667,0.5920228990837141,0.9120792826034406,CD4 Effector Memory
CD4 Effector Memory,78,Gefitinib hydrochloride,DMSO control,Hypoxia,0.43967424050646203,0.005823809435815175,0.6601730619785682,0.9120792826034406,CD4 Effector Memory
CD4 Effector Memory,79,Gefitinib hydrochloride,DMSO control,WNT,-0.3569118353643424,-0.0013069164643305653,0.7211578091055082,0.9120792826034406,CD4 Effector Memory
CD4 Effector Memory,80,Gefitinib hydrochloride,DMSO control,p53,0.2778487720435682,0.01222243841320525,0.7811284499434816,0.9120792826034406,CD4 Effector Memory
CD4 Effector Memory,81,Gefitinib hydrochloride,DMSO control,Androgen,-0.2719430963108373,-0.009009738318080607,0.7856657734116406,0.9120792826034406,CD4 Effector Memory
CD4 Effector Memory,82,Gefitinib hydrochloride,DMSO control,VEGF,-0.11418192715839036,-0.00412263320532702,0.9090935782414177,0.9120792826034406,CD4 Effector Memory
CD4 Effector Memory,83,Gefitinib hydrochloride,DMSO control,TGFb,-0.11041622942993554,-0.003728052694397438,0.9120792826034406,0.9120792826034406,CD4 Effector Memory
CD4 Effector Memory,84,Erlotinib hydrochloride,DMSO control,Hypoxia,-8.983458009293432,-0.23073224426820138,2.6238762186139553e-19,3.6734267060595375e-18,CD4 Effector Memory
CD4 Effector Memory,85,Erlotinib hydrochloride,DMSO control,TGFb,-5.941460933699852,-0.10052899928036442,2.8249306411190857e-09,1.97745144878336e-08,CD4 Effector Memory
CD4 Effector Memory,86,Erlotinib hydrochloride,DMSO control,MAPK,-5.344554144346507,-0.11917908048378045,9.063988017210193e-08,4.22986107469809e-07,CD4 Effector Memory
CD4 Effector Memory,87,Erlotinib hydrochloride,DMSO control,EGFR,-4.026884114581876,-0.09647763008852994,5.652087146764453e-05,0.00019782305013675585,CD4 Effector Memory
CD4 Effector Memory,88,Erlotinib hydrochloride,DMSO control,VEGF,-3.955425906539437,-0.08562990479183963,7.639842386936945e-05,0.00021391558683423443,CD4 Effector Memory
CD4 Effector Memory,89,Erlotinib hydrochloride,DMSO control,JAK-STAT,3.8321359229735577,0.06810862899804015,0.00012703551607648456,0.000296416204178464,CD4 Effector Memory
CD4 Effector Memory,90,Erlotinib hydrochloride,DMSO control,Androgen,-3.0448460738624683,-0.05655110750060355,0.0023279942302554643,0.004655988460510929,CD4 Effector Memory
CD4 Effector Memory,91,Erlotinib hydrochloride,DMSO control,Estrogen,2.7312896561989755,0.044250796337181875,0.006308699775549058,0.011040224607210852,CD4 Effector Memory
CD4 Effector Memory,92,Erlotinib hydrochloride,DMSO control,TNFa,1.8383702806273898,0.03846420806808304,0.0660078613201535,0.10267889538690544,CD4 Effector Memory
CD4 Effector Memory,93,Erlotinib hydrochloride,DMSO control,WNT,1.5222814200582193,0.02180057463000218,0.12793858152475865,0.1791140141346621,CD4 Effector Memory
CD4 Effector Memory,94,Erlotinib hydrochloride,DMSO control,p53,1.4086713662831205,0.0325729672286581,0.15893236548585365,0.20227755607290465,CD4 Effector Memory
CD4 Effector Memory,95,Erlotinib hydrochloride,DMSO control,Trail,-1.2369983945719287,-0.02396493401690697,0.21608767864553324,0.25210229175312215,CD4 Effector Memory
CD4 Effector Memory,96,Erlotinib hydrochloride,DMSO control,NFkB,-1.0341197283716974,-0.026955365826060618,0.3010801944355762,0.32276801774356356,CD4 Effector Memory
CD4 Effector Memory,97,Erlotinib hydrochloride,DMSO control,PI3K,-0.9887856681983518,-0.02311795880527756,0.32276801774356356,0.32276801774356356,CD4 Effector Memory
CD4 Effector Memory,98,Erlotinib,DMSO control,Hypoxia,-9.364933977067041,-0.24503481906004465,7.609785340590824e-21,1.0653699476827153e-19,CD4 Effector Memory
CD4 Effector Memory,99,Erlotinib,DMSO control,EGFR,-9.03091770727194,-0.20408280350864372,1.7023807670236082e-19,1.1916665369165258e-18,CD4 Effector Memory
CD4 Effector Memory,100,Erlotinib,DMSO control,MAPK,-8.83547484702086,-0.19215824112345814,9.967396033410014e-19,4.651451482258007e-18,CD4 Effector Memory
CD4 Effector Memory,101,Erlotinib,DMSO control,TGFb,-7.0033138158519765,-0.11358480542346132,2.4997804185443124e-12,8.749231464905093e-12,CD4 Effector Memory
CD4 Effector Memory,102,Erlotinib,DMSO control,NFkB,-4.8585106200553945,-0.11278994155698618,1.182720660038651e-06,3.311617848108223e-06,CD4 Effector Memory
CD4 Effector Memory,103,Erlotinib,DMSO control,JAK-STAT,4.570912684949273,0.08186272516774784,4.856045993000462e-06,1.1330773983667745e-05,CD4 Effector Memory
CD4 Effector Memory,104,Erlotinib,DMSO control,Androgen,-3.91602268590354,-0.0805819415070762,9.002178089846118e-05,0.00018004356179692236,CD4 Effector Memory
CD4 Effector Memory,105,Erlotinib,DMSO control,Estrogen,-2.5317566402049825,-0.0498508260558328,0.011349272964084453,0.019861227687147792,CD4 Effector Memory
CD4 Effector Memory,106,Erlotinib,DMSO control,TNFa,-2.283603803514911,-0.04331324291738925,0.02239482605254999,0.03483639608174443,CD4 Effector Memory
CD4 Effector Memory,107,Erlotinib,DMSO control,PI3K,-1.7212009381943594,-0.04634268074167902,0.08521436765195126,0.11930011471273175,CD4 Effector Memory
CD4 Effector Memory,108,Erlotinib,DMSO control,Trail,-1.5888842168350714,-0.021366530574359333,0.11208653512990921,0.142655590165339,CD4 Effector Memory
CD4 Effector Memory,109,Erlotinib,DMSO control,p53,1.3817144354332747,0.031191782980636074,0.16705940024846122,0.19490263362320476,CD4 Effector Memory
CD4 Effector Memory,110,Erlotinib,DMSO control,VEGF,0.25608729600814284,-0.004158952633519952,0.7978834313031701,0.7989496949684456,CD4 Effector Memory
CD4 Effector Memory,111,Erlotinib,DMSO control,WNT,-0.25470663017966794,0.0023855041027637247,0.7989496949684456,0.7989496949684456,CD4 Effector Memory
CD4 Effector Memory,112,Canertinib dihydrochloride,DMSO control,TNFa,17.86237834274527,0.357683556337248,2.3155876778335233e-71,3.2418227489669326e-70,CD4 Effector Memory
CD4 Effector Memory,113,Canertinib dihydrochloride,DMSO control,p53,16.638306117333183,0.33164681464219825,3.6787805432462743e-62,2.575146380272392e-61,CD4 Effector Memory
CD4 Effector Memory,114,Canertinib dihydrochloride,DMSO control,MAPK,-14.649557127354552,-0.30282900112002453,1.3559664392824991e-48,6.327843383318329e-48,CD4 Effector Memory
CD4 Effector Memory,115,Canertinib dihydrochloride,DMSO control,NFkB,14.468356239583876,0.3118657081313345,1.9200603625514098e-47,6.720211268929935e-47,CD4 Effector Memory
CD4 Effector Memory,116,Canertinib dihydrochloride,DMSO control,PI3K,-13.2649613995164,-0.29304510429895014,3.696111264272932e-40,1.0349111539964209e-39,CD4 Effector Memory
CD4 Effector Memory,117,Canertinib dihydrochloride,DMSO control,TGFb,-11.720776194446875,-0.19388203819466482,9.975379396800446e-32,2.327588525920104e-31,CD4 Effector Memory
CD4 Effector Memory,118,Canertinib dihydrochloride,DMSO control,WNT,10.326808006896446,0.155940001770572,5.330495155093516e-25,1.0660990310187032e-24,CD4 Effector Memory
CD4 Effector Memory,119,Canertinib dihydrochloride,DMSO control,JAK-STAT,9.485895461783654,0.15742344642954176,2.4031082134454136e-21,4.205439373529474e-21,CD4 Effector Memory
CD4 Effector Memory,120,Canertinib dihydrochloride,DMSO control,EGFR,-8.826940686926894,-0.19481499755364506,1.0757781433094756e-18,1.6734326673702954e-18,CD4 Effector Memory
CD4 Effector Memory,121,Canertinib dihydrochloride,DMSO control,VEGF,-7.675271517986276,-0.16517709418063964,1.650686317154067e-14,2.3109608440156936e-14,CD4 Effector Memory
CD4 Effector Memory,122,Canertinib dihydrochloride,DMSO control,Hypoxia,-6.67580014413281,-0.1724296288909417,2.4588686895968057e-11,3.129469241305025e-11,CD4 Effector Memory
CD4 Effector Memory,123,Canertinib dihydrochloride,DMSO control,Estrogen,-3.1512882797195703,-0.062252777386049285,0.0016255196432332763,0.0018964395837721558,CD4 Effector Memory
CD4 Effector Memory,124,Canertinib dihydrochloride,DMSO control,Trail,1.4217956967992496,0.025991993180407347,0.1550855691957328,0.1670152283646353,CD4 Effector Memory
CD4 Effector Memory,125,Canertinib dihydrochloride,DMSO control,Androgen,0.042707496833259063,0.0016452457287903233,0.9659347034152045,0.9659347034152045,CD4 Effector Memory
CD4 Effector Memory,126,Afatinib dimaleate,DMSO control,TNFa,13.10903920647286,0.25284736046927225,2.922776428973076e-39,4.091887000562307e-38,CD4 Effector Memory
CD4 Effector Memory,127,Afatinib dimaleate,DMSO control,NFkB,12.864154618032636,0.281152134864078,7.162122097885886e-38,5.01348546852012e-37,CD4 Effector Memory
CD4 Effector Memory,128,Afatinib dimaleate,DMSO control,WNT,9.368249109011819,0.1420551665922185,7.37456700395329e-21,3.441464601844869e-20,CD4 Effector Memory
CD4 Effector Memory,129,Afatinib dimaleate,DMSO control,VEGF,-8.568848919581027,-0.19002736726637348,1.0452455878744711e-17,3.658359557560649e-17,CD4 Effector Memory
CD4 Effector Memory,130,Afatinib dimaleate,DMSO control,EGFR,8.531798607347662,0.1853043774624097,1.440897356591734e-17,4.034512598456855e-17,CD4 Effector Memory
CD4 Effector Memory,131,Afatinib dimaleate,DMSO control,JAK-STAT,7.575157102220862,0.18677604088429334,3.586933035487153e-14,8.369510416136691e-14,CD4 Effector Memory
CD4 Effector Memory,132,Afatinib dimaleate,DMSO control,Hypoxia,4.93372987279028,0.12435845365530573,8.067399411622777e-07,1.6134798823245555e-06,CD4 Effector Memory
CD4 Effector Memory,133,Afatinib dimaleate,DMSO control,Trail,4.726000307781445,0.0755171440973309,2.2898530065396725e-06,4.007242761444427e-06,CD4 Effector Memory
CD4 Effector Memory,134,Afatinib dimaleate,DMSO control,p53,4.662999070305019,0.09599360677850921,3.116341615967133e-06,4.847642513726651e-06,CD4 Effector Memory
CD4 Effector Memory,135,Afatinib dimaleate,DMSO control,PI3K,2.8487554015136674,0.05831072815553895,0.004389060952701463,0.0061446853337820476,CD4 Effector Memory
CD4 Effector Memory,136,Afatinib dimaleate,DMSO control,Estrogen,2.139267227450895,0.03465642768341537,0.0324140322876027,0.041254222911494345,CD4 Effector Memory
CD4 Effector Memory,137,Afatinib dimaleate,DMSO control,MAPK,1.7123073175171684,0.0265386283722866,0.0868400488698563,0.1013133903481657,CD4 Effector Memory
CD4 Effector Memory,138,Afatinib dimaleate,DMSO control,TGFb,0.8046182974655413,0.011764342453885641,0.4210399800312461,0.4534276708028804,CD4 Effector Memory
CD4 Effector Memory,139,Afatinib dimaleate,DMSO control,Androgen,-0.041064241490866904,-0.0031234267591101483,0.9672446817009287,0.9672446817009287,CD4 Effector Memory
CD4 Effector Memory,140,IL-6 control,DMSO control,MAPK,-4.087116152127233,-0.09723652451512876,4.367684790355137e-05,0.0006114758706497192,CD4 Effector Memory
CD4 Effector Memory,141,IL-6 control,DMSO control,EGFR,-3.090273175134555,-0.07528153844057339,0.00199972479839393,0.01399807358875751,CD4 Effector Memory
CD4 Effector Memory,142,IL-6 control,DMSO control,JAK-STAT,2.545992646837371,0.044676131947530395,0.010896748367831827,0.050851492383215194,CD4 Effector Memory
CD4 Effector Memory,143,IL-6 control,DMSO control,Hypoxia,-2.3908978404811334,-0.062182870607513596,0.016807228794919585,0.05882530078221855,CD4 Effector Memory
CD4 Effector Memory,144,IL-6 control,DMSO control,NFkB,-1.6573863287791517,-0.053026421765192566,0.09744139361840326,0.2728359021315291,CD4 Effector Memory
CD4 Effector Memory,145,IL-6 control,DMSO control,TNFa,-1.4426114938658223,-0.03676853325737417,0.14912994373311872,0.34796986871061036,CD4 Effector Memory
CD4 Effector Memory,146,IL-6 control,DMSO control,Trail,-1.3418681420883651,-0.016936587949895276,0.17963875296202847,0.3549530678541538,CD4 Effector Memory
CD4 Effector Memory,147,IL-6 control,DMSO control,TGFb,-1.2735291808165166,-0.02427803412244589,0.2028303244880879,0.3549530678541538,CD4 Effector Memory
CD4 Effector Memory,148,IL-6 control,DMSO control,PI3K,-0.9751290380310567,-0.02032253709211157,0.3294962562913224,0.47683875904224543,CD4 Effector Memory
CD4 Effector Memory,149,IL-6 control,DMSO control,Estrogen,-0.9529821524336982,-0.02108681718425931,0.3405991136016039,0.47683875904224543,CD4 Effector Memory
CD4 Effector Memory,150,IL-6 control,DMSO control,WNT,-0.7399890594443669,-0.004260833878884762,0.4593066328511286,0.556448333499059,CD4 Effector Memory
CD4 Effector Memory,151,IL-6 control,DMSO control,Androgen,0.658944779592981,0.01009648237547045,0.5099312291428376,0.556448333499059,CD4 Effector Memory
CD4 Effector Memory,152,IL-6 control,DMSO control,VEGF,0.6484374977794976,0.008872104988781437,0.5167020239634119,0.556448333499059,CD4 Effector Memory
CD4 Effector Memory,153,IL-6 control,DMSO control,p53,0.5695912546941654,0.011991084573443,0.56895496132497,0.56895496132497,CD4 Effector Memory
CD4 Effector Memory,154,NVP-BSK805,DMSO control,MAPK,17.47639947379665,0.36181329185759425,2.167613002966363e-68,3.034658204152908e-67,CD4 Effector Memory
CD4 Effector Memory,155,NVP-BSK805,DMSO control,EGFR,16.371054050207235,0.3752012438261749,3.078360305725879e-60,2.1548522140081153e-59,CD4 Effector Memory
CD4 Effector Memory,156,NVP-BSK805,DMSO control,JAK-STAT,-13.84756624788887,-0.3638237557188626,1.3159567585551196e-43,6.141131539923892e-43,CD4 Effector Memory
CD4 Effector Memory,157,NVP-BSK805,DMSO control,TGFb,13.028558808681607,0.22445497494811767,8.418269444849261e-39,2.946394305697241e-38,CD4 Effector Memory
CD4 Effector Memory,158,NVP-BSK805,DMSO control,NFkB,12.152851118949435,0.27621723041426116,5.539935996769031e-34,1.5511820790953287e-33,CD4 Effector Memory
CD4 Effector Memory,159,NVP-BSK805,DMSO control,TNFa,9.68585725939179,0.19285705929184926,3.4629105234205845e-22,8.080124554648031e-22,CD4 Effector Memory
CD4 Effector Memory,160,NVP-BSK805,DMSO control,Hypoxia,9.51496566138767,0.24527354964962234,1.8177291769011298e-21,3.6354583538022595e-21,CD4 Effector Memory
CD4 Effector Memory,161,NVP-BSK805,DMSO control,PI3K,8.103597054249631,0.1748667609748072,5.335762432092642e-16,9.337584256162123e-16,CD4 Effector Memory
CD4 Effector Memory,162,NVP-BSK805,DMSO control,Estrogen,6.739782386757406,0.11379280400268943,1.586240233307462e-11,2.4674848073671634e-11,CD4 Effector Memory
CD4 Effector Memory,163,NVP-BSK805,DMSO control,p53,-3.072077339613477,-0.05852550069993967,0.002125746403500039,0.002976044964900054,CD4 Effector Memory
CD4 Effector Memory,164,NVP-BSK805,DMSO control,Androgen,2.74380730215969,0.05898433390913227,0.00607311759546614,0.007729422394229633,CD4 Effector Memory
CD4 Effector Memory,165,NVP-BSK805,DMSO control,WNT,2.049083098563268,0.03226632320389733,0.040453989886135584,0.04719632153382485,CD4 Effector Memory
CD4 Effector Memory,166,NVP-BSK805,DMSO control,VEGF,1.5126485270416878,0.02326760685358309,0.13036896075943313,0.1403973423563126,CD4 Effector Memory
CD4 Effector Memory,167,NVP-BSK805,DMSO control,Trail,-0.009094733938046154,-0.014837479509005935,0.9927435522415552,0.9927435522415552,CD4 Effector Memory
CD4 Effector Memory,168,Baricitinib phosphate,DMSO control,MAPK,12.096859941354213,0.24525387968469703,1.0972860437134456e-33,1.1594037305898519e-32,CD4 Effector Memory
CD4 Effector Memory,169,Baricitinib phosphate,DMSO control,EGFR,12.06300417107759,0.2661508559338932,1.6562910436997885e-33,1.1594037305898519e-32,CD4 Effector Memory
CD4 Effector Memory,170,Baricitinib phosphate,DMSO control,PI3K,11.626962012160046,0.2531479508090282,3.0060648099058636e-31,1.4028302446227365e-30,CD4 Effector Memory
CD4 Effector Memory,171,Baricitinib phosphate,DMSO control,JAK-STAT,-7.822211904169892,-0.19413794193120038,5.1903140658072956e-15,1.8166099230325535e-14,CD4 Effector Memory
CD4 Effector Memory,172,Baricitinib phosphate,DMSO control,TGFb,7.428930507214629,0.12361573938307349,1.0947924116435574e-13,3.0654187526019606e-13,CD4 Effector Memory
CD4 Effector Memory,173,Baricitinib phosphate,DMSO control,Estrogen,5.04931510635249,0.08747346053115246,4.433968452761423e-07,1.0345926389776655e-06,CD4 Effector Memory
CD4 Effector Memory,174,Baricitinib phosphate,DMSO control,VEGF,4.961626141055378,0.0982149793570879,6.990544908822873e-07,1.3981089817645746e-06,CD4 Effector Memory
CD4 Effector Memory,175,Baricitinib phosphate,DMSO control,Trail,-2.974284024882202,-0.05169112286714034,0.002936731082350533,0.005139279394113432,CD4 Effector Memory
CD4 Effector Memory,176,Baricitinib phosphate,DMSO control,WNT,-2.0625640931103617,-0.028614124356011406,0.03915406220604496,0.06090631898718105,CD4 Effector Memory
CD4 Effector Memory,177,Baricitinib phosphate,DMSO control,NFkB,1.7134044096768877,0.01878546409803894,0.08663816561036267,0.12129343185450772,CD4 Effector Memory
CD4 Effector Memory,178,Baricitinib phosphate,DMSO control,Androgen,1.3859695455822076,0.0345416651318482,0.16575620301041172,0.19699887667072566,CD4 Effector Memory
CD4 Effector Memory,179,Baricitinib phosphate,DMSO control,TNFa,1.375888422919194,0.017477169945508297,0.16885618000347913,0.19699887667072566,CD4 Effector Memory
CD4 Effector Memory,180,Baricitinib phosphate,DMSO control,Hypoxia,-0.5100039955218554,-0.01693585469405612,0.6100486626001775,0.6569754828001911,CD4 Effector Memory
CD4 Effector Memory,181,Baricitinib phosphate,DMSO control,p53,-0.29806519340310056,-0.0017321276180100043,0.7656534064213573,0.7656534064213573,CD4 Effector Memory
CD4 Effector Memory,182,Tofacitinib citrate,DMSO control,VEGF,3.947450461074824,0.07622804821197837,7.898785523556166e-05,0.0008960650143099958,CD4 Effector Memory
CD4 Effector Memory,183,Tofacitinib citrate,DMSO control,JAK-STAT,-3.830257392960514,-0.08370135540764778,0.00012800928775857082,0.0008960650143099958,CD4 Effector Memory
CD4 Effector Memory,184,Tofacitinib citrate,DMSO control,Trail,3.5031762666948865,0.06434305831130904,0.000459745122211832,0.0021454772369885492,CD4 Effector Memory
CD4 Effector Memory,185,Tofacitinib citrate,DMSO control,MAPK,3.125175648803514,0.05486806320901394,0.00177698917754162,0.00621946212139567,CD4 Effector Memory
CD4 Effector Memory,186,Tofacitinib citrate,DMSO control,Estrogen,2.9602414824267815,0.04792568279478848,0.0030739798902747048,0.008607143692769173,CD4 Effector Memory
CD4 Effector Memory,187,Tofacitinib citrate,DMSO control,NFkB,2.884807613270589,0.05419449235425855,0.003916529219722322,0.009138568179352085,CD4 Effector Memory
CD4 Effector Memory,188,Tofacitinib citrate,DMSO control,EGFR,2.709523294146626,0.05117449562526888,0.006737997351956043,0.013475994703912086,CD4 Effector Memory
CD4 Effector Memory,189,Tofacitinib citrate,DMSO control,TNFa,2.433557252944486,0.04087927739099895,0.014951270711760037,0.026164723745580064,CD4 Effector Memory
CD4 Effector Memory,190,Tofacitinib citrate,DMSO control,PI3K,1.7445956679481331,0.03722516008629134,0.08105527544824498,0.1260859840306033,CD4 Effector Memory
CD4 Effector Memory,191,Tofacitinib citrate,DMSO control,TGFb,1.1873010654590679,0.018059029702573434,0.2351088879949509,0.32915244319293124,CD4 Effector Memory
CD4 Effector Memory,192,Tofacitinib citrate,DMSO control,Hypoxia,-0.5392022094978436,-0.016090718784404157,0.5897473359548273,0.750587518487962,CD4 Effector Memory
CD4 Effector Memory,193,Tofacitinib citrate,DMSO control,WNT,-0.24543716546109637,-4.040364270929686e-07,0.8061179549773692,0.9404709474735974,CD4 Effector Memory
CD4 Effector Memory,194,Tofacitinib citrate,DMSO control,p53,-0.1013011012976965,0.003093233406415763,0.9193114419838387,0.9837967816821076,CD4 Effector Memory
CD4 Effector Memory,195,Tofacitinib citrate,DMSO control,Androgen,-0.020309118618975035,-0.0017745399788013927,0.9837967816821076,0.9837967816821076,CD4 Effector Memory
CD4 Effector Memory,196,Canertinib,DMSO control,p53,17.404545577227715,0.34895268181327,7.620833708732822e-68,1.066916719222595e-66,CD4 Effector Memory
CD4 Effector Memory,197,Canertinib,DMSO control,TNFa,17.002133603889806,0.3257746582802157,7.918465107116022e-65,5.542925574981215e-64,CD4 Effector Memory
CD4 Effector Memory,198,Canertinib,DMSO control,NFkB,13.877225841883112,0.2848132653517017,8.704831059404474e-44,4.062254494388755e-43,CD4 Effector Memory
CD4 Effector Memory,199,Canertinib,DMSO control,MAPK,-12.723966158487412,-0.2698184442714271,4.35196857187259e-37,1.5231890001554064e-36,CD4 Effector Memory
CD4 Effector Memory,200,Canertinib,DMSO control,TGFb,-12.268240436860632,-0.20734021535453057,1.3413667698996683e-34,3.7558269557190707e-34,CD4 Effector Memory
CD4 Effector Memory,201,Canertinib,DMSO control,PI3K,-11.759565335526014,-0.2608115794731639,6.305808400168663e-32,1.471355293372688e-31,CD4 Effector Memory
CD4 Effector Memory,202,Canertinib,DMSO control,WNT,11.37093311943456,0.17447126877986696,5.8360320656789155e-30,1.1672064131357831e-29,CD4 Effector Memory
CD4 Effector Memory,203,Canertinib,DMSO control,JAK-STAT,8.573923955943894,0.1320299640255761,1.0001748163393606e-17,1.750305928593881e-17,CD4 Effector Memory
CD4 Effector Memory,204,Canertinib,DMSO control,VEGF,-8.11869510056398,-0.17370439205060428,4.712227094590614e-16,7.330131036029844e-16,CD4 Effector Memory
CD4 Effector Memory,205,Canertinib,DMSO control,Hypoxia,-6.630779437694857,-0.17305145745443573,3.3391887862162136e-11,4.674864300702699e-11,CD4 Effector Memory
CD4 Effector Memory,206,Canertinib,DMSO control,EGFR,-5.625834328989078,-0.13654127515978853,1.8461346669183713e-08,2.3496259397142906e-08,CD4 Effector Memory
CD4 Effector Memory,207,Canertinib,DMSO control,Trail,4.384496822232018,0.07893994766082174,1.1625417979915304e-05,1.3562987643234521e-05,CD4 Effector Memory
CD4 Effector Memory,208,Canertinib,DMSO control,Estrogen,-2.348189882695343,-0.04535426423671307,0.01886490134388526,0.020316047601107202,CD4 Effector Memory
CD4 Effector Memory,209,Canertinib,DMSO control,Androgen,1.2378097564043014,0.02467410160968475,0.21578660998423882,0.21578660998423882,CD4 Effector Memory
CD4 Effector Memory,210,Afatinib,DMSO control,TNFa,11.222677067929371,0.21201516954155775,3.155703933845549e-29,4.417985507383769e-28,CD4 Effector Memory
CD4 Effector Memory,211,Afatinib,DMSO control,NFkB,10.95418896571818,0.23207445345372024,6.344412590537834e-28,4.441088813376484e-27,CD4 Effector Memory
CD4 Effector Memory,212,Afatinib,DMSO control,WNT,6.699421448884229,0.10436337177688437,2.0924630864561768e-11,9.764827736795492e-11,CD4 Effector Memory
CD4 Effector Memory,213,Afatinib,DMSO control,VEGF,-6.2014505333024905,-0.13450189595689643,5.594510527122261e-10,1.9580786844927912e-09,CD4 Effector Memory
CD4 Effector Memory,214,Afatinib,DMSO control,p53,6.0534409081108365,0.12265526946973937,1.4178409784231882e-09,3.9699547395849265e-09,CD4 Effector Memory
CD4 Effector Memory,215,Afatinib,DMSO control,JAK-STAT,5.889764667775616,0.15103202182905395,3.86745955800869e-09,9.024072302020278e-09,CD4 Effector Memory
CD4 Effector Memory,216,Afatinib,DMSO control,Hypoxia,5.527837002871756,0.13299478333031844,3.2420304689491105e-08,6.484060937898221e-08,CD4 Effector Memory
CD4 Effector Memory,217,Afatinib,DMSO control,EGFR,4.981338619580965,0.10563432493689406,6.31459324319883e-07,1.1050538175597953e-06,CD4 Effector Memory
CD4 Effector Memory,218,Afatinib,DMSO control,PI3K,2.698120415190987,0.06985640183818298,0.006973221214648345,0.010847233000564092,CD4 Effector Memory
CD4 Effector Memory,219,Afatinib,DMSO control,TGFb,1.7499252670165149,0.028571666932233508,0.08013121009380073,0.11218369413132101,CD4 Effector Memory
CD4 Effector Memory,220,Afatinib,DMSO control,Androgen,0.7654406029406943,0.011875254639512,0.4440092229024546,0.5651026473303967,CD4 Effector Memory
CD4 Effector Memory,221,Afatinib,DMSO control,MAPK,-0.60392000737604,-0.021120516859649552,0.5458968262585091,0.5817292427667156,CD4 Effector Memory
CD4 Effector Memory,222,Afatinib,DMSO control,Trail,0.5864032719175781,0.008301792525045204,0.5576045460839181,0.5817292427667156,CD4 Effector Memory
CD4 Effector Memory,223,Afatinib,DMSO control,Estrogen,-0.5508605935745363,-0.016548160642121612,0.5817292427667156,0.5817292427667156,CD4 Effector Memory
CD4 Effector Memory,224,Baricitinib,DMSO control,PI3K,13.54821859180038,0.29663453927589783,8.117630309323148e-42,1.1364682433052406e-40,CD4 Effector Memory
CD4 Effector Memory,225,Baricitinib,DMSO control,MAPK,11.688735054059581,0.2391254230267803,1.4553806656779108e-31,1.0187664659745375e-30,CD4 Effector Memory
CD4 Effector Memory,226,Baricitinib,DMSO control,EGFR,9.581303553093248,0.21134205850752696,9.582772035116827e-22,4.4719602830545195e-21,CD4 Effector Memory
CD4 Effector Memory,227,Baricitinib,DMSO control,JAK-STAT,-8.533804588415322,-0.20719397554805474,1.416119534929021e-17,4.956418372251574e-17,CD4 Effector Memory
CD4 Effector Memory,228,Baricitinib,DMSO control,TGFb,7.113281650562846,0.11765943857848479,1.1331569907761062e-12,3.1728395741730975e-12,CD4 Effector Memory
CD4 Effector Memory,229,Baricitinib,DMSO control,VEGF,6.539133299808189,0.1299585728391266,6.187635750756433e-11,1.443781675176501e-10,CD4 Effector Memory
CD4 Effector Memory,230,Baricitinib,DMSO control,Trail,-5.426808149182785,-0.09609187036680467,5.737073644231535e-08,1.147414728846307e-07,CD4 Effector Memory
CD4 Effector Memory,231,Baricitinib,DMSO control,Estrogen,4.21543504717591,0.07304695778338344,2.4929713774048247e-05,4.362699910458443e-05,CD4 Effector Memory
CD4 Effector Memory,232,Baricitinib,DMSO control,WNT,-4.107335321063128,-0.05661170886211586,4.002499541876946e-05,6.22611039847525e-05,CD4 Effector Memory
CD4 Effector Memory,233,Baricitinib,DMSO control,Hypoxia,-3.427947470411903,-0.08451076260494572,0.0006081631244520998,0.0008514283742329397,CD4 Effector Memory
CD4 Effector Memory,234,Baricitinib,DMSO control,p53,-2.587158736865749,-0.042443284663676195,0.009677100028982045,0.01231630912779533,CD4 Effector Memory
CD4 Effector Memory,235,Baricitinib,DMSO control,TNFa,2.0120177193654643,0.031004246368111943,0.04421806916040674,0.05158774735380787,CD4 Effector Memory
CD4 Effector Memory,236,Baricitinib,DMSO control,NFkB,1.3379633493644727,0.013809057840814543,0.1809083845269922,0.1948244141059916,CD4 Effector Memory
CD4 Effector Memory,237,Baricitinib,DMSO control,Androgen,1.0403315742772963,0.02815693898357463,0.2981858797994451,0.2981858797994451,CD4 Effector Memory
CD8 Effector Memory,0,Tofacitinib,DMSO control,NFkB,3.1131853837339922,0.07330291365812047,0.0018507972232409855,0.020836474981938337,CD8 Effector Memory
CD8 Effector Memory,1,Tofacitinib,DMSO control,MAPK,2.8240343206089893,0.0750663807037264,0.004742330644185019,0.020836474981938337,CD8 Effector Memory
CD8 Effector Memory,2,Tofacitinib,DMSO control,EGFR,2.768291004189382,0.08419821603147648,0.00563511148302167,0.020836474981938337,CD8 Effector Memory
CD8 Effector Memory,3,Tofacitinib,DMSO control,p53,2.7503436968230024,0.05553021831214844,0.005953278566268096,0.020836474981938337,CD8 Effector Memory
CD8 Effector Memory,4,Tofacitinib,DMSO control,TNFa,2.6231589669721087,0.05618122334184328,0.008711861368555522,0.020856707942501596,CD8 Effector Memory
CD8 Effector Memory,5,Tofacitinib,DMSO control,PI3K,2.6143940029094583,0.06626593926065624,0.00893858911821497,0.020856707942501596,CD8 Effector Memory
CD8 Effector Memory,6,Tofacitinib,DMSO control,JAK-STAT,-2.302681273030596,-0.06712985563339735,0.021296782612225316,0.04259356522445063,CD8 Effector Memory
CD8 Effector Memory,7,Tofacitinib,DMSO control,VEGF,1.7306398353967691,0.0426834546804753,0.08351602213171236,0.14615303873049662,CD8 Effector Memory
CD8 Effector Memory,8,Tofacitinib,DMSO control,Trail,1.0572911808589218,0.020797207985311816,0.29037871695132655,0.42143188741818166,CD8 Effector Memory
CD8 Effector Memory,9,Tofacitinib,DMSO control,WNT,1.0342425716571373,0.017454215088312464,0.3010227767272726,0.42143188741818166,CD8 Effector Memory
CD8 Effector Memory,10,Tofacitinib,DMSO control,Androgen,-0.9126228983539585,-0.022276977500696127,0.3614409069920397,0.4600156998080505,CD8 Effector Memory
CD8 Effector Memory,11,Tofacitinib,DMSO control,TGFb,0.46090262082884376,0.009420556781436884,0.6448684713685806,0.7523465499300107,CD8 Effector Memory
CD8 Effector Memory,12,Tofacitinib,DMSO control,Estrogen,-0.3471899653705427,-0.006888072875143703,0.7284486090027287,0.7844831173875539,CD8 Effector Memory
CD8 Effector Memory,13,Tofacitinib,DMSO control,Hypoxia,0.16778645491359429,0.001145329847565435,0.8667512788412977,0.8667512788412977,CD8 Effector Memory
CD8 Effector Memory,14,Ruxolitinib,DMSO control,MAPK,10.311801440868528,0.266451287788251,6.232201069757567e-25,8.725081497660594e-24,CD8 Effector Memory
CD8 Effector Memory,15,Ruxolitinib,DMSO control,JAK-STAT,-9.507434405216298,-0.23686451484202253,1.954226613385486e-21,1.3679586293698402e-20,CD8 Effector Memory
CD8 Effector Memory,16,Ruxolitinib,DMSO control,EGFR,9.19062096158786,0.2610533181042538,3.905800676278256e-20,1.8227069822631862e-19,CD8 Effector Memory
CD8 Effector Memory,17,Ruxolitinib,DMSO control,PI3K,8.520853185893605,0.2229983001260837,1.5838220239792745e-17,5.543377083927461e-17,CD8 Effector Memory
CD8 Effector Memory,18,Ruxolitinib,DMSO control,TNFa,3.2294183271211554,0.07106333898541939,0.0012404230565352557,0.0034731845582987157,CD8 Effector Memory
CD8 Effector Memory,19,Ruxolitinib,DMSO control,p53,2.954970552200802,0.06042026788652599,0.0031269889627910026,0.007296307579845673,CD8 Effector Memory
CD8 Effector Memory,20,Ruxolitinib,DMSO control,TGFb,2.831636286389438,0.054056456797353464,0.004631049326260765,0.00926209865252153,CD8 Effector Memory
CD8 Effector Memory,21,Ruxolitinib,DMSO control,NFkB,2.008153600876048,0.059169751761817935,0.04462697185542826,0.07809720074699945,CD8 Effector Memory
CD8 Effector Memory,22,Ruxolitinib,DMSO control,Hypoxia,-1.8595253585169298,-0.06372413554401035,0.06295270826052737,0.09455471407037173,CD8 Effector Memory
CD8 Effector Memory,23,Ruxolitinib,DMSO control,Estrogen,1.8058250152860684,0.041021690884048834,0.0709456767361815,0.09455471407037173,CD8 Effector Memory
CD8 Effector Memory,24,Ruxolitinib,DMSO control,Trail,-1.7848047684764103,-0.04223838377603406,0.07429298962672065,0.09455471407037173,CD8 Effector Memory
CD8 Effector Memory,25,Ruxolitinib,DMSO control,VEGF,0.2945737902358991,0.012028456099701934,0.7683194865377795,0.8963727342940762,CD8 Effector Memory
CD8 Effector Memory,26,Ruxolitinib,DMSO control,WNT,-0.031112287957499454,0.0004519547727614981,0.9751799900413387,0.9774028833290201,CD8 Effector Memory
CD8 Effector Memory,27,Ruxolitinib,DMSO control,Androgen,-0.028325072910914954,0.002831951793890397,0.9774028833290201,0.9774028833290201,CD8 Effector Memory
CD8 Effector Memory,28,NVP-BSK805 2HCl,DMSO control,JAK-STAT,-11.757119578412116,-0.33526809357191556,6.491115027565975e-32,9.087561038592364e-31,CD8 Effector Memory
CD8 Effector Memory,29,NVP-BSK805 2HCl,DMSO control,EGFR,11.333349433669705,0.331401749929493,8.970735410682943e-30,6.27951478747806e-29,CD8 Effector Memory
CD8 Effector Memory,30,NVP-BSK805 2HCl,DMSO control,MAPK,11.198896439042237,0.2947445075935593,4.128441146386536e-29,1.926605868313717e-28,CD8 Effector Memory
CD8 Effector Memory,31,NVP-BSK805 2HCl,DMSO control,NFkB,7.204406657509942,0.1929710343749187,5.829714156755768e-13,2.0403999548645188e-12,CD8 Effector Memory
CD8 Effector Memory,32,NVP-BSK805 2HCl,DMSO control,TGFb,7.157021111887383,0.1464086417484753,8.244900395676473e-13,2.308572110789412e-12,CD8 Effector Memory
CD8 Effector Memory,33,NVP-BSK805 2HCl,DMSO control,PI3K,5.431661262360298,0.14336993258528002,5.583182886840556e-08,1.3027426735961298e-07,CD8 Effector Memory
CD8 Effector Memory,34,NVP-BSK805 2HCl,DMSO control,Hypoxia,5.064981856032492,0.15568080501849257,4.084392506130334e-07,8.168785012260667e-07,CD8 Effector Memory
CD8 Effector Memory,35,NVP-BSK805 2HCl,DMSO control,TNFa,4.703096861491645,0.11059645533506446,2.5624477732342565e-06,4.484283603159949e-06,CD8 Effector Memory
CD8 Effector Memory,36,NVP-BSK805 2HCl,DMSO control,Estrogen,2.600910209815812,0.056403309204679175,0.009297678582365262,0.014463055572568186,CD8 Effector Memory
CD8 Effector Memory,37,NVP-BSK805 2HCl,DMSO control,WNT,2.204463557490338,0.0442255601840531,0.02749176012412852,0.03603920384871415,CD8 Effector Memory
CD8 Effector Memory,38,NVP-BSK805 2HCl,DMSO control,Androgen,2.1928731833645845,0.05667679340233667,0.028316517309703977,0.03603920384871415,CD8 Effector Memory
CD8 Effector Memory,39,NVP-BSK805 2HCl,DMSO control,VEGF,-1.5068999163315318,-0.03852084590511229,0.131836312910484,0.153809031728898,CD8 Effector Memory
CD8 Effector Memory,40,NVP-BSK805 2HCl,DMSO control,Trail,0.6988553394800502,0.0034689518417043708,0.48464244025690184,0.5219226279689712,CD8 Effector Memory
CD8 Effector Memory,41,NVP-BSK805 2HCl,DMSO control,p53,0.3968539445889293,0.007196169608367331,0.6914751681060772,0.6914751681060772,CD8 Effector Memory
CD8 Effector Memory,42,Gefitinib,DMSO control,VEGF,-4.3296306964156175,-0.10346655442572317,1.4935960615554999e-05,0.00010864113860741162,CD8 Effector Memory
CD8 Effector Memory,43,Gefitinib,DMSO control,TGFb,-4.321173426625847,-0.08776086964297078,1.552016265820166e-05,0.00010864113860741162,CD8 Effector Memory
CD8 Effector Memory,44,Gefitinib,DMSO control,Estrogen,-3.670032225271218,-0.07967122687516515,0.0002425198928651288,0.0011317595000372679,CD8 Effector Memory
CD8 Effector Memory,45,Gefitinib,DMSO control,p53,3.1490186912494744,0.06292420604954074,0.0016381971699341049,0.005733690094769367,CD8 Effector Memory
CD8 Effector Memory,46,Gefitinib,DMSO control,Androgen,-2.9267296406940013,-0.0721280517620555,0.003425465139376602,0.009591302390254486,CD8 Effector Memory
CD8 Effector Memory,47,Gefitinib,DMSO control,MAPK,-2.500848963064225,-0.06400087088750972,0.012389600456687005,0.02890906773226968,CD8 Effector Memory
CD8 Effector Memory,48,Gefitinib,DMSO control,WNT,2.2717483817050983,0.05049092134049016,0.023101712159338816,0.04620342431867763,CD8 Effector Memory
CD8 Effector Memory,49,Gefitinib,DMSO control,TNFa,2.0703282157930336,0.045310384575433904,0.03842161903755616,0.06723783331572328,CD8 Effector Memory
CD8 Effector Memory,50,Gefitinib,DMSO control,EGFR,-1.2385671607119941,-0.029690914149048453,0.2155058358555607,0.3166579213517924,CD8 Effector Memory
CD8 Effector Memory,51,Gefitinib,DMSO control,JAK-STAT,1.2102467356592197,0.020009073778446074,0.22618422953699457,0.3166579213517924,CD8 Effector Memory
CD8 Effector Memory,52,Gefitinib,DMSO control,Trail,0.7813945848600643,0.01528557446008938,0.43457045505753666,0.5530896700732285,CD8 Effector Memory
CD8 Effector Memory,53,Gefitinib,DMSO control,Hypoxia,-0.699016205610509,-0.021820074503741793,0.48454190328182944,0.5652988871621344,CD8 Effector Memory
CD8 Effector Memory,54,Gefitinib,DMSO control,NFkB,0.022526052372485218,-0.0020676245335551346,0.9820283304821925,0.9864227359723688,CD8 Effector Memory
CD8 Effector Memory,55,Gefitinib,DMSO control,PI3K,0.01701739826617478,0.007678575860725012,0.9864227359723688,0.9864227359723688,CD8 Effector Memory
CD8 Effector Memory,56,Ruxolitinib phosphate,DMSO control,EGFR,24.92920583182292,0.7118735613334006,3.5897119612860883e-137,5.025596745800523e-136,CD8 Effector Memory
CD8 Effector Memory,57,Ruxolitinib phosphate,DMSO control,MAPK,23.066698376533758,0.6019549492626213,1.0001168959463547e-117,7.000818271624484e-117,CD8 Effector Memory
CD8 Effector Memory,58,Ruxolitinib phosphate,DMSO control,PI3K,17.674903016404425,0.4636994473630308,6.54528754060758e-70,3.0544675189502046e-69,CD8 Effector Memory
CD8 Effector Memory,59,Ruxolitinib phosphate,DMSO control,TGFb,13.6511371429413,0.25914827526070205,1.987526873284305e-42,6.956344056495067e-42,CD8 Effector Memory
CD8 Effector Memory,60,Ruxolitinib phosphate,DMSO control,JAK-STAT,-10.898694305803899,-0.28663987232065224,1.1692304599077204e-27,3.273845287741617e-27,CD8 Effector Memory
CD8 Effector Memory,61,Ruxolitinib phosphate,DMSO control,Hypoxia,10.068809950190058,0.30693895167143737,7.589075882095198e-24,1.7707843724888796e-23,CD8 Effector Memory
CD8 Effector Memory,62,Ruxolitinib phosphate,DMSO control,NFkB,9.250820094570235,0.25133308965778145,2.22776752226452e-20,4.45553504452904e-20,CD8 Effector Memory
CD8 Effector Memory,63,Ruxolitinib phosphate,DMSO control,Androgen,7.93085456994212,0.18896548709391647,2.1764297127960987e-15,3.808751997393173e-15,CD8 Effector Memory
CD8 Effector Memory,64,Ruxolitinib phosphate,DMSO control,Estrogen,7.460003613953195,0.14988290158816708,8.652010696235988e-14,1.3458683305255981e-13,CD8 Effector Memory
CD8 Effector Memory,65,Ruxolitinib phosphate,DMSO control,TNFa,5.494587906770252,0.13254495180948833,3.9162381449937273e-08,5.482733402991218e-08,CD8 Effector Memory
CD8 Effector Memory,66,Ruxolitinib phosphate,DMSO control,p53,5.42268866264298,0.12258903460196624,5.8709197115007566e-08,7.472079632819145e-08,CD8 Effector Memory
CD8 Effector Memory,67,Ruxolitinib phosphate,DMSO control,WNT,-3.8385217636340934,-0.0700755816841378,0.00012377724504841127,0.00014440678588981316,CD8 Effector Memory
CD8 Effector Memory,68,Ruxolitinib phosphate,DMSO control,Trail,2.5342227302432363,0.04636657945235456,0.011269707443384661,0.012136608015952711,CD8 Effector Memory
CD8 Effector Memory,69,Ruxolitinib phosphate,DMSO control,VEGF,1.0133003224476846,0.018643142352692266,0.3109167335631763,0.3109167335631763,CD8 Effector Memory
CD8 Effector Memory,70,Gefitinib hydrochloride,DMSO control,Estrogen,-4.591059354861549,-0.10085466750494865,4.410018888812946e-06,6.174026444338124e-05,CD8 Effector Memory
CD8 Effector Memory,71,Gefitinib hydrochloride,DMSO control,TGFb,-3.4813380591669656,-0.07016121895290764,0.0004989153676631585,0.00349240757364211,CD8 Effector Memory
CD8 Effector Memory,72,Gefitinib hydrochloride,DMSO control,MAPK,-3.3202918971335396,-0.0811641944349768,0.0008992337279571183,0.004196424063799886,CD8 Effector Memory
CD8 Effector Memory,73,Gefitinib hydrochloride,DMSO control,VEGF,-2.8183670611520455,-0.06748069005845236,0.004826859437889747,0.016894008032614115,CD8 Effector Memory
CD8 Effector Memory,74,Gefitinib hydrochloride,DMSO control,WNT,2.6806320823255763,0.04589097192362923,0.0073483258488780115,0.02057531237685843,CD8 Effector Memory
CD8 Effector Memory,75,Gefitinib hydrochloride,DMSO control,EGFR,-2.456238253731782,-0.0660139977259957,0.014040003925826907,0.03276000916026278,CD8 Effector Memory
CD8 Effector Memory,76,Gefitinib hydrochloride,DMSO control,Hypoxia,-2.054712599082689,-0.061240043850655734,0.039906772305067645,0.07227210702609285,CD8 Effector Memory
CD8 Effector Memory,77,Gefitinib hydrochloride,DMSO control,TNFa,2.0405221532077227,0.03940029193194938,0.041298346872053054,0.07227210702609285,CD8 Effector Memory
CD8 Effector Memory,78,Gefitinib hydrochloride,DMSO control,p53,1.553830133081994,0.03136454463570981,0.12022494077202654,0.1870165745342635,CD8 Effector Memory
CD8 Effector Memory,79,Gefitinib hydrochloride,DMSO control,NFkB,1.4402828758554256,0.027442749632788255,0.14978738415017254,0.19735211559276164,CD8 Effector Memory
CD8 Effector Memory,80,Gefitinib hydrochloride,DMSO control,JAK-STAT,1.421875569603591,0.04342054591909483,0.15506237653716987,0.19735211559276164,CD8 Effector Memory
CD8 Effector Memory,81,Gefitinib hydrochloride,DMSO control,Androgen,-1.197766023731833,-0.035046655842363994,0.23100811777462915,0.2695094707370674,CD8 Effector Memory
CD8 Effector Memory,82,Gefitinib hydrochloride,DMSO control,PI3K,-0.8021155453381515,-0.013647022385184782,0.42248612348619985,0.45498505606206135,CD8 Effector Memory
CD8 Effector Memory,83,Gefitinib hydrochloride,DMSO control,Trail,-0.05300688254630636,-0.0028469342985975032,0.9577264239459998,0.9577264239459998,CD8 Effector Memory
CD8 Effector Memory,84,Erlotinib hydrochloride,DMSO control,Hypoxia,-10.241410250648112,-0.30278573406875653,1.2933719234115761e-24,1.8107206927762065e-23,CD8 Effector Memory
CD8 Effector Memory,85,Erlotinib hydrochloride,DMSO control,TGFb,-10.002797804714456,-0.19352207883075837,1.4815114240798113e-23,1.0370579968558679e-22,CD8 Effector Memory
CD8 Effector Memory,86,Erlotinib hydrochloride,DMSO control,EGFR,-7.4380390798993625,-0.20270441220274793,1.0219083235500814e-13,4.76890550990038e-13,CD8 Effector Memory
CD8 Effector Memory,87,Erlotinib hydrochloride,DMSO control,MAPK,-6.31164554115874,-0.16160813491996961,2.7608398983751477e-10,9.662939644313017e-10,CD8 Effector Memory
CD8 Effector Memory,88,Erlotinib hydrochloride,DMSO control,Androgen,-6.038894942849357,-0.14334213650822858,1.5517322799206537e-09,4.34485038377783e-09,CD8 Effector Memory
CD8 Effector Memory,89,Erlotinib hydrochloride,DMSO control,PI3K,-5.324783425770981,-0.13484910885111684,1.0107339107964968e-07,2.358379125191826e-07,CD8 Effector Memory
CD8 Effector Memory,90,Erlotinib hydrochloride,DMSO control,WNT,3.53037906048707,0.06297936858875719,0.00041496467926658735,0.0008299293585331747,CD8 Effector Memory
CD8 Effector Memory,91,Erlotinib hydrochloride,DMSO control,Estrogen,-2.2036248282670323,-0.05090670018048238,0.027550739703715934,0.04312923776227885,CD8 Effector Memory
CD8 Effector Memory,92,Erlotinib hydrochloride,DMSO control,NFkB,-2.201142483392066,-0.0553458796135482,0.027725938561464974,0.04312923776227885,CD8 Effector Memory
CD8 Effector Memory,93,Erlotinib hydrochloride,DMSO control,p53,1.7415540608268925,0.03404252389926876,0.08158650581064048,0.11422110813489665,CD8 Effector Memory
CD8 Effector Memory,94,Erlotinib hydrochloride,DMSO control,VEGF,-1.4002907439684418,-0.03449805374380199,0.1614262714707556,0.20545161823550714,CD8 Effector Memory
CD8 Effector Memory,95,Erlotinib hydrochloride,DMSO control,Trail,-1.1665247808859092,-0.028512679449432032,0.24340233537556577,0.2839693912714934,CD8 Effector Memory
CD8 Effector Memory,96,Erlotinib hydrochloride,DMSO control,JAK-STAT,1.0541573028791051,0.023450231721894976,0.2918109045514713,0.31425789720927677,CD8 Effector Memory
CD8 Effector Memory,97,Erlotinib hydrochloride,DMSO control,TNFa,0.6270284947265851,0.019052329018247605,0.5306405570107708,0.5306405570107708,CD8 Effector Memory
CD8 Effector Memory,98,Erlotinib,DMSO control,Hypoxia,-9.831851546416779,-0.2962097959747423,8.209532181073689e-23,1.1493345053503164e-21,CD8 Effector Memory
CD8 Effector Memory,99,Erlotinib,DMSO control,TGFb,-8.370513795719294,-0.16775864439640015,5.736754527429997e-17,4.015728169200998e-16,CD8 Effector Memory
CD8 Effector Memory,100,Erlotinib,DMSO control,EGFR,-8.032126080472896,-0.21970317105885706,9.579784669185866e-16,4.470566178953404e-15,CD8 Effector Memory
CD8 Effector Memory,101,Erlotinib,DMSO control,MAPK,-6.7474714341274655,-0.1752890537038443,1.504438439392537e-11,5.26553453787388e-11,CD8 Effector Memory
CD8 Effector Memory,102,Erlotinib,DMSO control,NFkB,-5.095443138680683,-0.13748027648692474,3.479264409237277e-07,9.741940345864374e-07,CD8 Effector Memory
CD8 Effector Memory,103,Erlotinib,DMSO control,Androgen,-4.95461616858639,-0.12275161984182359,7.247320794498206e-07,1.6910415187162481e-06,CD8 Effector Memory
CD8 Effector Memory,104,Erlotinib,DMSO control,Estrogen,-4.45357706571169,-0.10065682052658964,8.445137607768123e-06,1.6890275215536246e-05,CD8 Effector Memory
CD8 Effector Memory,105,Erlotinib,DMSO control,PI3K,-3.1336731932712922,-0.0779897519120793,0.0017263300706774837,0.0030210776236855967,CD8 Effector Memory
CD8 Effector Memory,106,Erlotinib,DMSO control,WNT,2.408029517510469,0.048554497070939506,0.01603888418969919,0.02494937540619874,CD8 Effector Memory
CD8 Effector Memory,107,Erlotinib,DMSO control,TNFa,-1.812361293893216,-0.03975386804994052,0.06993038940692362,0.09790254516969306,CD8 Effector Memory
CD8 Effector Memory,108,Erlotinib,DMSO control,Trail,-1.3549224734335064,-0.03202862392090755,0.17544225866165952,0.22329014738756667,CD8 Effector Memory
CD8 Effector Memory,109,Erlotinib,DMSO control,p53,1.1108482866850096,0.021354126964491016,0.266633657991868,0.3110726009905127,CD8 Effector Memory
CD8 Effector Memory,110,Erlotinib,DMSO control,VEGF,0.7246604845370997,0.022704856839388388,0.46866034278811486,0.5047111383872006,CD8 Effector Memory
CD8 Effector Memory,111,Erlotinib,DMSO control,JAK-STAT,0.4143362027382104,-0.004107230897260172,0.6786279040788135,0.6786279040788135,CD8 Effector Memory
CD8 Effector Memory,112,Canertinib dihydrochloride,DMSO control,TNFa,20.66283395337693,0.5228074913705383,7.484047407668379e-95,1.0477666370735731e-93,CD8 Effector Memory
CD8 Effector Memory,113,Canertinib dihydrochloride,DMSO control,p53,18.145497938346715,0.42332480940475614,1.3936634259290808e-73,9.755643981503566e-73,CD8 Effector Memory
CD8 Effector Memory,114,Canertinib dihydrochloride,DMSO control,NFkB,16.304624486043014,0.4540994546681505,9.149952780806811e-60,4.269977964376513e-59,CD8 Effector Memory
CD8 Effector Memory,115,Canertinib dihydrochloride,DMSO control,TGFb,-15.970280351387467,-0.3117435305188162,2.0585854795147376e-57,7.205049178301582e-57,CD8 Effector Memory
CD8 Effector Memory,116,Canertinib dihydrochloride,DMSO control,JAK-STAT,14.705026477475858,0.3286760934865198,5.9847509536487214e-49,1.6757302670216417e-48,CD8 Effector Memory
CD8 Effector Memory,117,Canertinib dihydrochloride,DMSO control,WNT,13.931088140301856,0.2544599123706266,4.1006010400350655e-44,9.568069093415153e-44,CD8 Effector Memory
CD8 Effector Memory,118,Canertinib dihydrochloride,DMSO control,MAPK,-10.874107223098042,-0.27920167074879787,1.5314768896238863e-27,3.0629537792477726e-27,CD8 Effector Memory
CD8 Effector Memory,119,Canertinib dihydrochloride,DMSO control,PI3K,-7.456884365784764,-0.2003391110362298,8.859238921179841e-14,1.5503668112064722e-13,CD8 Effector Memory
CD8 Effector Memory,120,Canertinib dihydrochloride,DMSO control,VEGF,-7.045663858342971,-0.16987146366722827,1.8457935576502562e-12,2.8712344230115097e-12,CD8 Effector Memory
CD8 Effector Memory,121,Canertinib dihydrochloride,DMSO control,Hypoxia,-6.9182298194602625,-0.20608414966834943,4.573219731494378e-12,6.402507624092129e-12,CD8 Effector Memory
CD8 Effector Memory,122,Canertinib dihydrochloride,DMSO control,EGFR,-4.94799113436811,-0.13880810450387693,7.498332334712011e-07,9.54333206236074e-07,CD8 Effector Memory
CD8 Effector Memory,123,Canertinib dihydrochloride,DMSO control,Estrogen,-4.300174614576762,-0.0900303690660551,1.706635837892412e-05,1.9910751442078142e-05,CD8 Effector Memory
CD8 Effector Memory,124,Canertinib dihydrochloride,DMSO control,Trail,1.7604565573569289,0.040260533054197745,0.0783304271276971,0.08435584459905841,CD8 Effector Memory
CD8 Effector Memory,125,Canertinib dihydrochloride,DMSO control,Androgen,-1.1094461399522386,-0.022324609250014893,0.2672377671883682,0.2672377671883682,CD8 Effector Memory
CD8 Effector Memory,126,Afatinib dimaleate,DMSO control,TNFa,14.831819795153926,0.35281069054222103,9.122591781850731e-50,1.2771628494591023e-48,CD8 Effector Memory
CD8 Effector Memory,127,Afatinib dimaleate,DMSO control,NFkB,13.825561217272838,0.382552139795199,1.7871320726030232e-43,1.2509924508221163e-42,CD8 Effector Memory
CD8 Effector Memory,128,Afatinib dimaleate,DMSO control,EGFR,11.497646801971202,0.33393447935316534,1.3556099656049113e-30,6.326179839489587e-30,CD8 Effector Memory
CD8 Effector Memory,129,Afatinib dimaleate,DMSO control,VEGF,-11.277425153046437,-0.26742476638061063,1.6963864617745176e-29,5.937352616210812e-29,CD8 Effector Memory
CD8 Effector Memory,130,Afatinib dimaleate,DMSO control,WNT,10.166096239865904,0.188108689845631,2.8094364345857667e-24,7.866422016840147e-24,CD8 Effector Memory
CD8 Effector Memory,131,Afatinib dimaleate,DMSO control,p53,7.590278228227351,0.16193458619519285,3.192193010763901e-14,7.448450358449102e-14,CD8 Effector Memory
CD8 Effector Memory,132,Afatinib dimaleate,DMSO control,JAK-STAT,6.925934772040848,0.1775415418758105,4.331060020964826e-12,8.662120041929653e-12,CD8 Effector Memory
CD8 Effector Memory,133,Afatinib dimaleate,DMSO control,MAPK,5.1463743579153345,0.13729736056636632,2.655691913030444e-07,4.647460847803277e-07,CD8 Effector Memory
CD8 Effector Memory,134,Afatinib dimaleate,DMSO control,PI3K,5.056460412662408,0.13518608001359061,4.2710947924799185e-07,6.64392523274654e-07,CD8 Effector Memory
CD8 Effector Memory,135,Afatinib dimaleate,DMSO control,Hypoxia,3.4164505391495417,0.10261656051205614,0.0006344318754330521,0.0008882046256062728,CD8 Effector Memory
CD8 Effector Memory,136,Afatinib dimaleate,DMSO control,Trail,2.9749828462738286,0.06223299099513879,0.0029300493187900795,0.0037291536784601013,CD8 Effector Memory
CD8 Effector Memory,137,Afatinib dimaleate,DMSO control,TGFb,-2.855314881851238,-0.056839800788031,0.004299417884672494,0.00501598753211791,CD8 Effector Memory
CD8 Effector Memory,138,Afatinib dimaleate,DMSO control,Androgen,-2.115445574188688,-0.049789477534377125,0.0343919889947725,0.037037526609755,CD8 Effector Memory
CD8 Effector Memory,139,Afatinib dimaleate,DMSO control,Estrogen,1.3400716661867502,0.02516009973499944,0.18022204664575114,0.18022204664575114,CD8 Effector Memory
CD8 Effector Memory,140,IL-6 control,DMSO control,EGFR,-2.8233309102124116,-0.06916445647880898,0.004752748878133209,0.06653848429386493,CD8 Effector Memory
CD8 Effector Memory,141,IL-6 control,DMSO control,MAPK,-2.0501190938705234,-0.043959492929281474,0.04035281056930459,0.2824696739851321,CD8 Effector Memory
CD8 Effector Memory,142,IL-6 control,DMSO control,Trail,1.6520550262124982,0.03888913996362997,0.09852333395572378,0.28471886927105405,CD8 Effector Memory
CD8 Effector Memory,143,IL-6 control,DMSO control,VEGF,1.6508664204565768,0.04629178252616706,0.098765853852168,0.28471886927105405,CD8 Effector Memory
CD8 Effector Memory,144,IL-6 control,DMSO control,Estrogen,-1.6039164930976877,-0.03745927676656624,0.10873246081470152,0.28471886927105405,CD8 Effector Memory
CD8 Effector Memory,145,IL-6 control,DMSO control,p53,1.5463404302808625,0.033906090557745294,0.12202237254473745,0.28471886927105405,CD8 Effector Memory
CD8 Effector Memory,146,IL-6 control,DMSO control,JAK-STAT,1.427527398918975,0.05821360446463686,0.15342793345514838,0.30685586691029676,CD8 Effector Memory
CD8 Effector Memory,147,IL-6 control,DMSO control,WNT,-0.9057294720695482,-0.012036805205780432,0.36507905906774796,0.638888353368559,CD8 Effector Memory
CD8 Effector Memory,148,IL-6 control,DMSO control,PI3K,-0.6472790365020326,-0.010809554244176678,0.5174513666215123,0.8049243480779079,CD8 Effector Memory
CD8 Effector Memory,149,IL-6 control,DMSO control,Hypoxia,-0.5503601231642142,-0.01600888877869533,0.5820723939897484,0.8149013515856477,CD8 Effector Memory
CD8 Effector Memory,150,IL-6 control,DMSO control,TGFb,-0.38687928749480616,-0.013399190747381468,0.6988455756447997,0.8894398235479268,CD8 Effector Memory
CD8 Effector Memory,151,IL-6 control,DMSO control,Androgen,-0.18241532536123353,-0.0018935016549052053,0.855256799679788,0.9202331517752654,CD8 Effector Memory
CD8 Effector Memory,152,IL-6 control,DMSO control,NFkB,-0.1706481283776132,0.007316219074169572,0.8645004519611199,0.9202331517752654,CD8 Effector Memory
CD8 Effector Memory,153,IL-6 control,DMSO control,TNFa,0.10014003493636492,0.008611820435197703,0.9202331517752654,0.9202331517752654,CD8 Effector Memory
CD8 Effector Memory,154,NVP-BSK805,DMSO control,MAPK,14.527877524655318,0.3848595364762186,8.06817959374187e-48,1.1295451431238618e-46,CD8 Effector Memory
CD8 Effector Memory,155,NVP-BSK805,DMSO control,EGFR,13.933574048754279,0.4241902613068742,3.960310470886589e-44,2.7722173296206122e-43,CD8 Effector Memory
CD8 Effector Memory,156,NVP-BSK805,DMSO control,JAK-STAT,-12.526826337946874,-0.3521685405905754,5.325125855974003e-36,2.485058732787868e-35,CD8 Effector Memory
CD8 Effector Memory,157,NVP-BSK805,DMSO control,NFkB,9.843952884438167,0.2726742348319122,7.279326063186272e-23,2.5477641221151954e-22,CD8 Effector Memory
CD8 Effector Memory,158,NVP-BSK805,DMSO control,TGFb,8.403266026620646,0.1680609160775295,4.3422948925035475e-17,1.215842569900993e-16,CD8 Effector Memory
CD8 Effector Memory,159,NVP-BSK805,DMSO control,Hypoxia,8.2819922903233,0.2506735911966116,1.2113143677726264e-16,2.8264001914694617e-16,CD8 Effector Memory
CD8 Effector Memory,160,NVP-BSK805,DMSO control,TNFa,7.554741300964719,0.17746819331099495,4.196931970696713e-14,8.393863941393425e-14,CD8 Effector Memory
CD8 Effector Memory,161,NVP-BSK805,DMSO control,PI3K,6.125751245508893,0.15829167295706892,9.025672373589232e-10,1.5794926653781155e-09,CD8 Effector Memory
CD8 Effector Memory,162,NVP-BSK805,DMSO control,Estrogen,4.75087041357666,0.09563775275499742,2.0254290581231885e-06,3.150667423747182e-06,CD8 Effector Memory
CD8 Effector Memory,163,NVP-BSK805,DMSO control,Androgen,4.097046791799668,0.09868870193449508,4.1845434298333776e-05,5.8583608017667286e-05,CD8 Effector Memory
CD8 Effector Memory,164,NVP-BSK805,DMSO control,Trail,1.3800039392658503,0.020513088127205537,0.1675854319468678,0.21329054975055903,CD8 Effector Memory
CD8 Effector Memory,165,NVP-BSK805,DMSO control,WNT,0.7845952536928393,0.014198912502098926,0.43269091375585844,0.5048060660485015,CD8 Effector Memory
CD8 Effector Memory,166,NVP-BSK805,DMSO control,VEGF,-0.45848932485682276,-0.014736175401880658,0.6466009302162452,0.6564054427025379,CD8 Effector Memory
CD8 Effector Memory,167,NVP-BSK805,DMSO control,p53,-0.44488143077067677,-0.010619938680227481,0.6564054427025379,0.6564054427025379,CD8 Effector Memory
CD8 Effector Memory,168,Baricitinib phosphate,DMSO control,EGFR,9.831629385493327,0.272373740420611,8.227665524262654e-23,9.352650687265642e-22,CD8 Effector Memory
CD8 Effector Memory,169,Baricitinib phosphate,DMSO control,MAPK,9.782691555563432,0.2467813764736837,1.336092955323663e-22,9.352650687265642e-22,CD8 Effector Memory
CD8 Effector Memory,170,Baricitinib phosphate,DMSO control,PI3K,7.252414641486677,0.1954473804360448,4.0940626153663946e-13,1.910562553837651e-12,CD8 Effector Memory
CD8 Effector Memory,171,Baricitinib phosphate,DMSO control,JAK-STAT,-7.184100043502483,-0.1736197871473315,6.765131502011112e-13,2.3677960257038893e-12,CD8 Effector Memory
CD8 Effector Memory,172,Baricitinib phosphate,DMSO control,TGFb,4.174604933226407,0.07680661666339922,2.9850360889810813e-05,8.358101049147027e-05,CD8 Effector Memory
CD8 Effector Memory,173,Baricitinib phosphate,DMSO control,p53,4.019131165080368,0.08530437001729219,5.841314696665248e-05,0.00013629734292218914,CD8 Effector Memory
CD8 Effector Memory,174,Baricitinib phosphate,DMSO control,NFkB,2.3386743031228554,0.06241324454253738,0.019352296057731193,0.038704592115462386,CD8 Effector Memory
CD8 Effector Memory,175,Baricitinib phosphate,DMSO control,TNFa,2.2363233597548935,0.05019088503799374,0.025330597356891933,0.04432854537456088,CD8 Effector Memory
CD8 Effector Memory,176,Baricitinib phosphate,DMSO control,Estrogen,2.0462326689051067,0.033168452367869694,0.04073348458977912,0.06336319825076753,CD8 Effector Memory
CD8 Effector Memory,177,Baricitinib phosphate,DMSO control,WNT,-1.9505341739952369,-0.03416273781175028,0.05111248430980584,0.07155747803372817,CD8 Effector Memory
CD8 Effector Memory,178,Baricitinib phosphate,DMSO control,Trail,-1.7809088336747096,-0.03922498829718413,0.0749273452825721,0.09536207581418267,CD8 Effector Memory
CD8 Effector Memory,179,Baricitinib phosphate,DMSO control,Androgen,0.9025437299898339,0.019918829223075085,0.3667681024580829,0.4278961195344301,CD8 Effector Memory
CD8 Effector Memory,180,Baricitinib phosphate,DMSO control,VEGF,0.5719775184267982,0.022747162153213374,0.5673372054437755,0.6109785289394506,CD8 Effector Memory
CD8 Effector Memory,181,Baricitinib phosphate,DMSO control,Hypoxia,-0.05170766756062853,-0.009208807525401319,0.9587616275849701,0.9587616275849701,CD8 Effector Memory
CD8 Effector Memory,182,Tofacitinib citrate,DMSO control,Trail,3.9452085505481986,0.08696223220205279,7.9730555379997e-05,0.001116227775319958,CD8 Effector Memory
CD8 Effector Memory,183,Tofacitinib citrate,DMSO control,JAK-STAT,-3.2727641038543314,-0.07965203986034242,0.0010650132246341768,0.0074550925724392375,CD8 Effector Memory
CD8 Effector Memory,184,Tofacitinib citrate,DMSO control,Hypoxia,-1.7755304516393413,-0.06058755931906301,0.07581034208161738,0.29054136891654486,CD8 Effector Memory
CD8 Effector Memory,185,Tofacitinib citrate,DMSO control,p53,1.733471945535059,0.03469929976728592,0.08301181969044139,0.29054136891654486,CD8 Effector Memory
CD8 Effector Memory,186,Tofacitinib citrate,DMSO control,Estrogen,-1.5377501620805925,-0.0386782594249957,0.12410971351748414,0.31790554343362576,CD8 Effector Memory
CD8 Effector Memory,187,Tofacitinib citrate,DMSO control,TGFb,-1.482640557376469,-0.02877769665314009,0.1381699355064029,0.31790554343362576,CD8 Effector Memory
CD8 Effector Memory,188,Tofacitinib citrate,DMSO control,VEGF,1.4086023901482607,0.03067398867870974,0.15895277171681288,0.31790554343362576,CD8 Effector Memory
CD8 Effector Memory,189,Tofacitinib citrate,DMSO control,WNT,1.2673868215653912,0.02765805268196886,0.20501700961730174,0.358779766830278,CD8 Effector Memory
CD8 Effector Memory,190,Tofacitinib citrate,DMSO control,NFkB,1.073653989781106,0.024358196013186006,0.28297779003147816,0.44018767338229936,CD8 Effector Memory
CD8 Effector Memory,191,Tofacitinib citrate,DMSO control,MAPK,0.7630423126592029,0.01775527534669674,0.44543816180914053,0.6236134265327967,CD8 Effector Memory
CD8 Effector Memory,192,Tofacitinib citrate,DMSO control,TNFa,0.4313343391704333,0.009120886575983977,0.666225285276468,0.8285860519287503,CD8 Effector Memory
CD8 Effector Memory,193,Tofacitinib citrate,DMSO control,EGFR,0.31128211026915525,0.004011056489239051,0.7555861661250487,0.8285860519287503,CD8 Effector Memory
CD8 Effector Memory,194,Tofacitinib citrate,DMSO control,PI3K,-0.2931580675217732,-0.007215841024921454,0.7694013339338397,0.8285860519287503,CD8 Effector Memory
CD8 Effector Memory,195,Tofacitinib citrate,DMSO control,Androgen,0.07446277488813449,0.00023277995273141006,0.9406421602409171,0.9406421602409171,CD8 Effector Memory
CD8 Effector Memory,196,Canertinib,DMSO control,TNFa,20.634892270666843,0.5005750590290687,1.3344237356237764e-94,1.868193229873287e-93,CD8 Effector Memory
CD8 Effector Memory,197,Canertinib,DMSO control,p53,19.667748689127748,0.46432057917449576,4.0747465272490414e-86,2.852322569074329e-85,CD8 Effector Memory
CD8 Effector Memory,198,Canertinib,DMSO control,TGFb,-17.067042232605765,-0.33282864322205225,2.6109680675779646e-65,1.2184517648697169e-64,CD8 Effector Memory
CD8 Effector Memory,199,Canertinib,DMSO control,NFkB,16.568072757400493,0.4396236328934888,1.1856533591719227e-61,4.149786757101729e-61,CD8 Effector Memory
CD8 Effector Memory,200,Canertinib,DMSO control,JAK-STAT,14.46889423279643,0.30957809438331974,1.9051024102787165e-47,5.334286748780406e-47,CD8 Effector Memory
CD8 Effector Memory,201,Canertinib,DMSO control,WNT,13.09828906929744,0.23686285396330986,3.3676369148980954e-39,7.857819468095556e-39,CD8 Effector Memory
CD8 Effector Memory,202,Canertinib,DMSO control,MAPK,-9.389653495801177,-0.24132463331252607,6.019796636766886e-21,1.2039593273533772e-20,CD8 Effector Memory
CD8 Effector Memory,203,Canertinib,DMSO control,VEGF,-8.200299733541021,-0.19976389639883418,2.397883969374104e-16,4.1962969464046815e-16,CD8 Effector Memory
CD8 Effector Memory,204,Canertinib,DMSO control,Hypoxia,-7.0488768524518,-0.21500475831827215,1.8036768629397528e-12,2.805719564572949e-12,CD8 Effector Memory
CD8 Effector Memory,205,Canertinib,DMSO control,PI3K,-5.299713983801308,-0.13650217787053004,1.1598422981538294e-07,1.623779217415361e-07,CD8 Effector Memory
CD8 Effector Memory,206,Canertinib,DMSO control,Estrogen,-3.8712501432686843,-0.07770618974818433,0.00010827860730561966,0.00013780913657078866,CD8 Effector Memory
CD8 Effector Memory,207,Canertinib,DMSO control,Trail,3.303577890100958,0.07326079742504388,0.0009545944692612133,0.0011136935474714157,CD8 Effector Memory
CD8 Effector Memory,208,Canertinib,DMSO control,EGFR,-2.218604467300669,-0.06238373207887338,0.026513645367132844,0.028553156549219985,CD8 Effector Memory
CD8 Effector Memory,209,Canertinib,DMSO control,Androgen,1.5772298831448646,0.04463760055518318,0.11474263932317366,0.11474263932317366,CD8 Effector Memory
CD8 Effector Memory,210,Afatinib,DMSO control,TNFa,13.12071842476263,0.3158590377000041,2.5054841720920435e-39,3.507677840928861e-38,CD8 Effector Memory
CD8 Effector Memory,211,Afatinib,DMSO control,NFkB,11.459514756430197,0.3269760380776636,2.1069189869013214e-30,1.474843290830925e-29,CD8 Effector Memory
CD8 Effector Memory,212,Afatinib,DMSO control,VEGF,-9.736341364899019,-0.233200118661264,2.1101509352799343e-22,9.847371031306362e-22,CD8 Effector Memory
CD8 Effector Memory,213,Afatinib,DMSO control,p53,9.184140824506269,0.20172362005645317,4.148255225559536e-20,1.4518893289458378e-19,CD8 Effector Memory
CD8 Effector Memory,214,Afatinib,DMSO control,WNT,9.018038504916769,0.1587268194596111,1.9148702629304522e-19,5.361636736205266e-19,CD8 Effector Memory
CD8 Effector Memory,215,Afatinib,DMSO control,EGFR,8.845845240564376,0.24768486416936342,9.083807848103447e-19,2.119555164557471e-18,CD8 Effector Memory
CD8 Effector Memory,216,Afatinib,DMSO control,JAK-STAT,7.383251489611539,0.19556456024348812,1.544698501918424e-13,3.089397003836848e-13,CD8 Effector Memory
CD8 Effector Memory,217,Afatinib,DMSO control,Hypoxia,6.226535961029211,0.18078985537510617,4.768608089854121e-10,8.345064157244713e-10,CD8 Effector Memory
CD8 Effector Memory,218,Afatinib,DMSO control,PI3K,5.297621766579001,0.1380088345608956,1.1732066785251224e-07,1.8249881665946348e-07,CD8 Effector Memory
CD8 Effector Memory,219,Afatinib,DMSO control,MAPK,3.076141416279318,0.0755977905476719,0.0020969836265945507,0.0029357770772323708,CD8 Effector Memory
CD8 Effector Memory,220,Afatinib,DMSO control,TGFb,-2.3947000516398953,-0.05021730222113065,0.016633966577246143,0.021170502916495092,CD8 Effector Memory
CD8 Effector Memory,221,Afatinib,DMSO control,Estrogen,-1.3339958597644686,-0.02919653568800129,0.1822052134081963,0.21257274897622902,CD8 Effector Memory
CD8 Effector Memory,222,Afatinib,DMSO control,Trail,1.2525351133244726,0.02520583209041749,0.21037494182579586,0.22655762965854936,CD8 Effector Memory
CD8 Effector Memory,223,Afatinib,DMSO control,Androgen,-0.5519862293733145,-0.013573710117549487,0.5809577880069833,0.5809577880069833,CD8 Effector Memory
CD8 Effector Memory,224,Baricitinib,DMSO control,PI3K,9.529373443545786,0.24484516023876846,1.5823534516136808e-21,2.2152948322591532e-20,CD8 Effector Memory
CD8 Effector Memory,225,Baricitinib,DMSO control,MAPK,9.309696801387334,0.23698033558311504,1.2819778012310117e-20,8.973844608617082e-20,CD8 Effector Memory
CD8 Effector Memory,226,Baricitinib,DMSO control,JAK-STAT,-7.97197047650184,-0.19730021823366334,1.561641179056675e-15,7.287658835597817e-15,CD8 Effector Memory
CD8 Effector Memory,227,Baricitinib,DMSO control,EGFR,7.481933611414993,0.21276555312839607,7.3236943132026e-14,2.56329300962091e-13,CD8 Effector Memory
CD8 Effector Memory,228,Baricitinib,DMSO control,Trail,-5.388015908186822,-0.11249530910062616,7.123974805217059e-08,1.9947129454607765e-07,CD8 Effector Memory
CD8 Effector Memory,229,Baricitinib,DMSO control,WNT,-3.5384833914434206,-0.06763183681918616,0.000402432597024128,0.0009390093930562986,CD8 Effector Memory
CD8 Effector Memory,230,Baricitinib,DMSO control,TGFb,3.483235659835638,0.07011016804112852,0.0004953920784390253,0.0009907841568780507,CD8 Effector Memory
CD8 Effector Memory,231,Baricitinib,DMSO control,p53,1.4601220347882018,0.03009593975589242,0.14425653772301245,0.25244894101527177,CD8 Effector Memory
CD8 Effector Memory,232,Baricitinib,DMSO control,NFkB,1.0896133502818588,0.020758820957494928,0.27588349974906967,0.429152110720775,CD8 Effector Memory
CD8 Effector Memory,233,Baricitinib,DMSO control,TNFa,0.9080270559533391,0.01598082787097832,0.36386392720379035,0.4947218208809708,CD8 Effector Memory
CD8 Effector Memory,234,Baricitinib,DMSO control,Estrogen,0.840616220803878,0.023966342081612968,0.40056296857208473,0.4947218208809708,CD8 Effector Memory
CD8 Effector Memory,235,Baricitinib,DMSO control,Hypoxia,-0.7994193828748916,-0.02819085557876555,0.42404727504083206,0.4947218208809708,CD8 Effector Memory
CD8 Effector Memory,236,Baricitinib,DMSO control,Androgen,0.5266695521779939,0.013082970363680002,0.5984230831847266,0.6444556280450902,CD8 Effector Memory
CD8 Effector Memory,237,Baricitinib,DMSO control,VEGF,0.2357587024404759,0.013236844735923459,0.8136199155583603,0.8136199155583603,CD8 Effector Memory
Treg,0,Tofacitinib,DMSO control,JAK-STAT,-11.430619679454795,-0.42849705300569874,2.940031528719443e-30,4.1160441402072203e-29,Treg
Treg,1,Tofacitinib,DMSO control,EGFR,3.891120180625418,0.13459340657897156,9.97824916799723e-05,0.0006984774417598061,Treg
Treg,2,Tofacitinib,DMSO control,MAPK,3.4629499940854735,0.11805002681803378,0.0005342876816437445,0.0024933425143374745,Treg
Treg,3,Tofacitinib,DMSO control,Hypoxia,3.001835234050111,0.1094129664657646,0.0026835738125766334,0.009392508344018217,Treg
Treg,4,Tofacitinib,DMSO control,Estrogen,2.7672349047145848,0.0750220038227849,0.0056534003173989746,0.015829520888717127,Treg
Treg,5,Tofacitinib,DMSO control,PI3K,1.8052861393185393,0.05706517275470002,0.07102991747446734,0.16573647410709047,Treg
Treg,6,Tofacitinib,DMSO control,TNFa,-1.2606353048644487,-0.04415468689416402,0.20744027260674736,0.37887671370081405,Treg
Treg,7,Tofacitinib,DMSO control,VEGF,1.2358858989052046,0.05377873595669236,0.21650097925760803,0.37887671370081405,Treg
Treg,8,Tofacitinib,DMSO control,WNT,-1.137653157371605,-0.017913465379564286,0.25526534050780747,0.3970794185677005,Treg
Treg,9,Tofacitinib,DMSO control,TGFb,1.0475063144736965,0.028021859734361554,0.29486612139642365,0.4128125699549931,Treg
Treg,10,Tofacitinib,DMSO control,Androgen,-0.8001761582319804,-0.01930732132400026,0.42360874125517756,0.5297805172290357,Treg
Treg,11,Tofacitinib,DMSO control,Trail,0.7486012372043285,0.011406265819425832,0.45409758619631635,0.5297805172290357,Treg
Treg,12,Tofacitinib,DMSO control,p53,-0.1469666711487114,-0.005338095784493735,0.8831583271878638,0.8950300117282255,Treg
Treg,13,Tofacitinib,DMSO control,NFkB,0.13194219733239332,-0.002038161786171888,0.8950300117282255,0.8950300117282255,Treg
Treg,14,Ruxolitinib,DMSO control,JAK-STAT,-15.844010333488182,-0.5986639837033786,1.5463633791230701e-56,2.164908730772298e-55,Treg
Treg,15,Ruxolitinib,DMSO control,MAPK,7.977847543181212,0.27717024265412693,1.489071583025834e-15,1.0423501081180838e-14,Treg
Treg,16,Ruxolitinib,DMSO control,PI3K,7.418798889551801,0.2647875571408753,1.1818721088000214e-13,5.5154031744001e-13,Treg
Treg,17,Ruxolitinib,DMSO control,Trail,-6.566961214399579,-0.1990911300360234,5.135241545431407e-11,1.7973345409009925e-10,Treg
Treg,18,Ruxolitinib,DMSO control,EGFR,6.438631684011526,0.2536396003978272,1.2055534301802067e-10,3.3755496045045786e-10,Treg
Treg,19,Ruxolitinib,DMSO control,Estrogen,3.268341244717091,0.09040624860499591,0.0010817984789654117,0.0025241964509192943,Treg
Treg,20,Ruxolitinib,DMSO control,TNFa,-3.2088631489595465,-0.10768156382784255,0.0013326090395448388,0.0026652180790896775,Treg
Treg,21,Ruxolitinib,DMSO control,WNT,-2.7776327526887554,-0.04919203786550841,0.005475646732133552,0.009582381781233718,Treg
Treg,22,Ruxolitinib,DMSO control,Androgen,-1.9626635437701976,-0.05409880649429771,0.0496852818546485,0.07728821621834212,Treg
Treg,23,Ruxolitinib,DMSO control,NFkB,-1.8681916495535824,-0.06334919087863844,0.061735362315391194,0.08642950724154767,Treg
Treg,24,Ruxolitinib,DMSO control,Hypoxia,-1.8165530735807,-0.059744617626278806,0.06928557433923842,0.08818164006812163,Treg
Treg,25,Ruxolitinib,DMSO control,TGFb,1.0545858353801831,0.030420255873359836,0.2916147847844255,0.3402172489151631,Treg
Treg,26,Ruxolitinib,DMSO control,p53,-0.9577280003595404,-0.027076141017329025,0.33819993358473577,0.3642153130912539,Treg
Treg,27,Ruxolitinib,DMSO control,VEGF,0.38288669093204236,0.022538166375387636,0.7018037798911565,0.7018037798911565,Treg
Treg,28,NVP-BSK805 2HCl,DMSO control,JAK-STAT,-12.555757434243581,-0.46208348529001364,3.696271457594246e-36,5.174780040631944e-35,Treg
Treg,29,NVP-BSK805 2HCl,DMSO control,EGFR,9.510247598102909,0.32242348871249904,1.902092652057547e-21,1.3314648564402829e-20,Treg
Treg,30,NVP-BSK805 2HCl,DMSO control,MAPK,8.397354828125952,0.2674079176051687,4.5664856917573196e-17,2.131026656153416e-16,Treg
Treg,31,NVP-BSK805 2HCl,DMSO control,PI3K,5.602501168499834,0.17897656421663033,2.112806118622917e-08,7.394821415180209e-08,Treg
Treg,32,NVP-BSK805 2HCl,DMSO control,TGFb,5.268426800030103,0.1288915181923881,1.3759789038831102e-07,3.8527409308727084e-07,Treg
Treg,33,NVP-BSK805 2HCl,DMSO control,NFkB,4.943302388881562,0.17148072995087027,7.68102035699775e-07,1.792238083299475e-06,Treg
Treg,34,NVP-BSK805 2HCl,DMSO control,Estrogen,4.304470499321122,0.13038668217328553,1.6738559414977298e-05,3.3477118829954596e-05,Treg
Treg,35,NVP-BSK805 2HCl,DMSO control,Hypoxia,3.3448170627088647,0.12693276771094864,0.0008233685907024769,0.0014408950337293346,Treg
Treg,36,NVP-BSK805 2HCl,DMSO control,TNFa,2.038869123592179,0.0638394527258015,0.041463091221066686,0.06449814189943708,Treg
Treg,37,NVP-BSK805 2HCl,DMSO control,Trail,-1.5651524723034003,-0.04642478867029154,0.11754716254433481,0.16456602756206873,Treg
Treg,38,NVP-BSK805 2HCl,DMSO control,Androgen,1.1455371655907773,0.04305841698351609,0.25198670901295717,0.2941785058108386,Treg
Treg,39,NVP-BSK805 2HCl,DMSO control,WNT,-1.1451355649417496,-0.031039416657343333,0.2521530049807188,0.2941785058108386,Treg
Treg,40,NVP-BSK805 2HCl,DMSO control,VEGF,0.6971213551907415,0.02543425206502281,0.4857268507711888,0.5230904546766648,Treg
Treg,41,NVP-BSK805 2HCl,DMSO control,p53,-0.512442428159304,-0.025484126079613922,0.6083414032776526,0.6083414032776526,Treg
Treg,42,Gefitinib,DMSO control,EGFR,14.702641289458759,0.49962675409004076,6.199365097228433e-49,8.679111136119805e-48,Treg
Treg,43,Gefitinib,DMSO control,Estrogen,10.864099673640581,0.30932891595670986,1.709005145796236e-27,1.1963036020573652e-26,Treg
Treg,44,Gefitinib,DMSO control,MAPK,10.692025832135162,0.335904266423535,1.1092129944830052e-26,5.176327307587358e-26,Treg
Treg,45,Gefitinib,DMSO control,JAK-STAT,10.647048959347742,0.4023073310012331,1.7998037419209948e-26,6.299313096723481e-26,Treg
Treg,46,Gefitinib,DMSO control,Androgen,7.019962593790792,0.24758083030774736,2.219276526684466e-12,6.2139742747165045e-12,Treg
Treg,47,Gefitinib,DMSO control,NFkB,6.8713364110845,0.23778605783036744,6.360320149828335e-12,1.4840747016266118e-11,Treg
Treg,48,Gefitinib,DMSO control,PI3K,6.833233965535917,0.22981119179866671,8.302138580144124e-12,1.6604277160288248e-11,Treg
Treg,49,Gefitinib,DMSO control,VEGF,6.661533154965937,0.22019625447488034,2.7098564816345096e-11,4.7422488428603917e-11,Treg
Treg,50,Gefitinib,DMSO control,TGFb,4.797017959366176,0.10611219627666468,1.6104516732603741e-06,2.5051470472939154e-06,Treg
Treg,51,Gefitinib,DMSO control,Hypoxia,-3.412913318480369,-0.1377306640047462,0.0006427238194518735,0.0008998133472326229,Treg
Treg,52,Gefitinib,DMSO control,TNFa,2.6184107161253656,0.07493747583691457,0.008834040609410293,0.011243324411976736,Treg
Treg,53,Gefitinib,DMSO control,Trail,-0.8646857083514844,-0.02058533819247821,0.3872113157336331,0.451746535022572,Treg
Treg,54,Gefitinib,DMSO control,p53,-0.35672415454855394,-0.025251640524709185,0.7212983209569208,0.7767828071843762,Treg
Treg,55,Gefitinib,DMSO control,WNT,-0.15390190593609557,0.009497180093661406,0.8776870812904202,0.8776870812904202,Treg
Treg,56,Ruxolitinib phosphate,DMSO control,JAK-STAT,-15.75542460877553,-0.5886586783945186,6.3034565950966985e-56,8.824839233135379e-55,Treg
Treg,57,Ruxolitinib phosphate,DMSO control,MAPK,8.607043633959332,0.2866471742829835,7.49689158500999e-18,5.2478241095069925e-17,Treg
Treg,58,Ruxolitinib phosphate,DMSO control,EGFR,7.139554055468684,0.272586127677803,9.363419162456864e-13,4.369595609146537e-12,Treg
Treg,59,Ruxolitinib phosphate,DMSO control,PI3K,7.066148255217435,0.24273019297507714,1.5929323158421391e-12,5.575263105447487e-12,Treg
Treg,60,Ruxolitinib phosphate,DMSO control,Estrogen,3.5157904500476205,0.10760705817137506,0.00043844689000827644,0.001227651292023174,Treg
Treg,61,Ruxolitinib phosphate,DMSO control,Trail,-3.075754283607431,-0.0925595856459851,0.002099708027541866,0.004899318730931021,Treg
Treg,62,Ruxolitinib phosphate,DMSO control,TNFa,-1.8809310911547832,-0.0716713180665558,0.05998129319504547,0.11664291842977628,Treg
Treg,63,Ruxolitinib phosphate,DMSO control,TGFb,1.8340060489460714,0.05085840365406369,0.06665309624558645,0.11664291842977628,Treg
Treg,64,Ruxolitinib phosphate,DMSO control,p53,0.9730681992964298,0.02033094025495652,0.33051940785443845,0.5141413011069043,Treg
Treg,65,Ruxolitinib phosphate,DMSO control,Androgen,-0.8834322570191091,-0.019249709188464803,0.37700276881083894,0.5278038763351744,Treg
Treg,66,Ruxolitinib phosphate,DMSO control,WNT,-0.5020523933398096,-0.007055673960865594,0.6156306666541611,0.7835299393780232,Treg
Treg,67,Ruxolitinib phosphate,DMSO control,Hypoxia,-0.26201713495422685,-0.015954899999219396,0.7933082317825335,0.9255262704129559,Treg
Treg,68,Ruxolitinib phosphate,DMSO control,NFkB,-0.1767661784172832,-0.01814530029999506,0.8596920563676487,0.9258222145497754,Treg
Treg,69,Ruxolitinib phosphate,DMSO control,VEGF,0.08194798026497119,0.009681956336708986,0.9346880799808206,0.9346880799808206,Treg
Treg,70,Gefitinib hydrochloride,DMSO control,EGFR,12.869319430586573,0.42412783792341147,6.698980398319529e-38,9.37857255764734e-37,Treg
Treg,71,Gefitinib hydrochloride,DMSO control,JAK-STAT,11.913888740647778,0.46456270721615917,1.0019309671428335e-32,7.013516769999835e-32,Treg
Treg,72,Gefitinib hydrochloride,DMSO control,Estrogen,10.670220898483688,0.29993021325074354,1.402924616256111e-26,6.546981542528518e-26,Treg
Treg,73,Gefitinib hydrochloride,DMSO control,MAPK,9.621788730420013,0.2880046587053977,6.469617264609671e-22,2.264366042613385e-21,Treg
Treg,74,Gefitinib hydrochloride,DMSO control,VEGF,7.720367545198711,0.2521545030211936,1.1599473504834107e-14,3.24785258135355e-14,Treg
Treg,75,Gefitinib hydrochloride,DMSO control,Androgen,7.0796273002033825,0.24224403388865556,1.4454266828399435e-12,3.3726622599598685e-12,Treg
Treg,76,Gefitinib hydrochloride,DMSO control,PI3K,5.557992407692822,0.18190822001728368,2.728952527355308e-08,5.457905054710616e-08,Treg
Treg,77,Gefitinib hydrochloride,DMSO control,NFkB,5.305233789230729,0.18426251011420547,1.1252867999500651e-07,1.969251899912614e-07,Treg
Treg,78,Gefitinib hydrochloride,DMSO control,TGFb,5.154138805528682,0.11897844244081712,2.547991620287904e-07,3.9635425204478506e-07,Treg
Treg,79,Gefitinib hydrochloride,DMSO control,Hypoxia,-3.22579750477653,-0.14550714515469387,0.0012562220116878922,0.001758710816363049,Treg
Treg,80,Gefitinib hydrochloride,DMSO control,Trail,-1.8720113480228608,-0.03698611521053197,0.0612050335526163,0.07789731543060256,Treg
Treg,81,Gefitinib hydrochloride,DMSO control,p53,-1.2560127120992373,-0.04562732358115262,0.209111361195923,0.24396325472857686,Treg
Treg,82,Gefitinib hydrochloride,DMSO control,WNT,-0.5198331365128457,0.004450660292476982,0.6031798814910676,0.6111938574456935,Treg
Treg,83,Gefitinib hydrochloride,DMSO control,TNFa,0.5083700430016364,0.0072090137497418105,0.6111938574456935,0.6111938574456935,Treg
Treg,84,Erlotinib hydrochloride,DMSO control,EGFR,13.501402453930899,0.4588255474810512,1.5342738853179248e-41,2.1479834394450946e-40,Treg
Treg,85,Erlotinib hydrochloride,DMSO control,Estrogen,12.381209399176942,0.3603850946795748,3.303272265746444e-35,2.3122905860225108e-34,Treg
Treg,86,Erlotinib hydrochloride,DMSO control,JAK-STAT,11.83232346754228,0.4546195855739112,2.656841059729648e-32,1.2398591612071692e-31,Treg
Treg,87,Erlotinib hydrochloride,DMSO control,MAPK,9.743524109158729,0.3052155324729666,1.9661500966963194e-22,6.881525338437118e-22,Treg
Treg,88,Erlotinib hydrochloride,DMSO control,Hypoxia,-7.522905475235093,-0.286309001659766,5.3572156366035236e-14,1.5000203782489864e-13,Treg
Treg,89,Erlotinib hydrochloride,DMSO control,Androgen,6.941254275851149,0.2308180178848136,3.8863376036669365e-12,9.068121075222852e-12,Treg
Treg,90,Erlotinib hydrochloride,DMSO control,PI3K,6.6842229357881875,0.20927317292324266,2.3215316770740136e-11,4.643063354148027e-11,Treg
Treg,91,Erlotinib hydrochloride,DMSO control,VEGF,6.3206096999721915,0.20935372468350133,2.6053330131874996e-10,4.559332773078124e-10,Treg
Treg,92,Erlotinib hydrochloride,DMSO control,TGFb,4.983786775801495,0.11315543693898522,6.235178827612106e-07,9.699167065174387e-07,Treg
Treg,93,Erlotinib hydrochloride,DMSO control,NFkB,4.565474497957773,0.17479263762916175,4.983657822601848e-06,6.977120951642587e-06,Treg
Treg,94,Erlotinib hydrochloride,DMSO control,p53,-2.464110607148051,-0.06671823358360673,0.013735371797207987,0.01748138228735562,Treg
Treg,95,Erlotinib hydrochloride,DMSO control,WNT,-2.2479139974701456,-0.044728267956207324,0.02458167444080237,0.0286786201809361,Treg
Treg,96,Erlotinib hydrochloride,DMSO control,Trail,-2.19180686129121,-0.06019372138970602,0.028393455481271826,0.030577567441369656,Treg
Treg,97,Erlotinib hydrochloride,DMSO control,TNFa,1.0965803989875325,0.036801210365847936,0.2728248597888421,0.2728248597888421,Treg
Treg,98,Erlotinib,DMSO control,JAK-STAT,12.816234435628562,0.47254493151024796,1.3300463370024471e-37,1.862064871803426e-36,Treg
Treg,99,Erlotinib,DMSO control,EGFR,11.694551342127392,0.3863699147659645,1.359035258631618e-31,9.513246810421326e-31,Treg
Treg,100,Erlotinib,DMSO control,Estrogen,11.389656569355367,0.32578093083149406,4.7084180018727435e-30,2.1972617342072805e-29,Treg
Treg,101,Erlotinib,DMSO control,VEGF,9.465306703031585,0.3074114974251758,2.927008075730567e-21,1.0244528265056985e-20,Treg
Treg,102,Erlotinib,DMSO control,MAPK,8.642337064179651,0.2653876903018286,5.5074664733110055e-18,1.5420906125270814e-17,Treg
Treg,103,Erlotinib,DMSO control,Androgen,6.985743807272277,0.23512641376810872,2.8335072691641335e-12,5.783817428084711e-12,Treg
Treg,104,Erlotinib,DMSO control,Hypoxia,-6.982879293995863,-0.265136089102854,2.8919087140423554e-12,5.783817428084711e-12,Treg
Treg,105,Erlotinib,DMSO control,TGFb,6.070205160435165,0.13649686150170587,1.2774694674436451e-09,2.235571568026379e-09,Treg
Treg,106,Erlotinib,DMSO control,PI3K,4.530654910909702,0.14524675536774145,5.880111983699465e-06,9.146840863532502e-06,Treg
Treg,107,Erlotinib,DMSO control,NFkB,3.8148783741383228,0.12655605823476357,0.0001362500234139274,0.00019075003277949836,Treg
Treg,108,Erlotinib,DMSO control,Trail,-2.797724887916831,-0.06805239353552173,0.0051463926727537655,0.006549954310777519,Treg
Treg,109,Erlotinib,DMSO control,WNT,-1.857812750920756,-0.027336724147415836,0.06319560976211283,0.07372821138913165,Treg
Treg,110,Erlotinib,DMSO control,p53,-1.3035043046251507,-0.038388754678644776,0.192402647733793,0.20720285140562322,Treg
Treg,111,Erlotinib,DMSO control,TNFa,0.24162420759648873,0.002023622635587863,0.8090713628368633,0.8090713628368633,Treg
Treg,112,Canertinib dihydrochloride,DMSO control,NFkB,13.627206489733412,0.4756092442390709,2.7594228828376474e-42,3.863192035972706e-41,Treg
Treg,113,Canertinib dihydrochloride,DMSO control,TNFa,11.507238418796577,0.3718297217586257,1.2130074445902127e-30,8.491052112131488e-30,Treg
Treg,114,Canertinib dihydrochloride,DMSO control,JAK-STAT,9.377417061872341,0.35274106109270914,6.760862385016909e-21,3.155069113007891e-20,Treg
Treg,115,Canertinib dihydrochloride,DMSO control,p53,7.570906651409675,0.22127262850273066,3.706283174153235e-14,1.2971991109536324e-13,Treg
Treg,116,Canertinib dihydrochloride,DMSO control,Androgen,5.989062358375627,0.20487742428760114,2.1105423736308386e-09,5.909518646166348e-09,Treg
Treg,117,Canertinib dihydrochloride,DMSO control,Estrogen,5.684618215196751,0.16217700619334652,1.3110520937228485e-08,3.05912155201998e-08,Treg
Treg,118,Canertinib dihydrochloride,DMSO control,EGFR,4.870714398805705,0.17380496223982078,1.11195470325078e-06,2.22390940650156e-06,Treg
Treg,119,Canertinib dihydrochloride,DMSO control,WNT,-4.002561524904484,-0.08802704510806303,6.266036599190008e-05,0.00010965564048582514,Treg
Treg,120,Canertinib dihydrochloride,DMSO control,TGFb,-3.3411597030002467,-0.07906447836030728,0.0008342921889914162,0.001297787849542203,Treg
Treg,121,Canertinib dihydrochloride,DMSO control,Hypoxia,-2.799676850329027,-0.10718560042486125,0.005115378727028873,0.007161530217840422,Treg
Treg,122,Canertinib dihydrochloride,DMSO control,Trail,1.2321646096402887,0.03277878186568339,0.21788760042038413,0.27731149144412526,Treg
Treg,123,Canertinib dihydrochloride,DMSO control,PI3K,-1.0845332735677073,-0.053365979525493046,0.27812842227884704,0.32448315932532157,Treg
Treg,124,Canertinib dihydrochloride,DMSO control,VEGF,-0.7828883593625243,-0.025435146915753215,0.4336926738320107,0.4670536487421654,Treg
Treg,125,Canertinib dihydrochloride,DMSO control,MAPK,-0.1752317337531966,-0.0042460685976069,0.8608975501600685,0.8608975501600685,Treg
Treg,126,Afatinib dimaleate,DMSO control,NFkB,16.494572465903328,0.6022439350870474,4.013907407050313e-61,5.619470369870438e-60,Treg
Treg,127,Afatinib dimaleate,DMSO control,EGFR,15.094681183562132,0.5424802828880422,1.7553428805410537e-51,1.2287400163787376e-50,Treg
Treg,128,Afatinib dimaleate,DMSO control,JAK-STAT,14.302047489142966,0.5460338857343632,2.1246531594606152e-46,9.915048077482872e-46,Treg
Treg,129,Afatinib dimaleate,DMSO control,TNFa,11.986874684346617,0.39462288238335086,4.163181479397228e-33,1.4571135177890298e-32,Treg
Treg,130,Afatinib dimaleate,DMSO control,Estrogen,8.869809782505822,0.2651387320480527,7.32709532245651e-19,2.0515866902878227e-18,Treg
Treg,131,Afatinib dimaleate,DMSO control,PI3K,8.529381438784222,0.28819707128839234,1.471323020804462e-17,3.433087048543745e-17,Treg
Treg,132,Afatinib dimaleate,DMSO control,MAPK,7.387893213984495,0.23920537421150456,1.4917346641777776e-13,2.983469328355555e-13,Treg
Treg,133,Afatinib dimaleate,DMSO control,Androgen,5.942074013002173,0.200894153088226,2.8143828793373745e-09,4.925170038840405e-09,Treg
Treg,134,Afatinib dimaleate,DMSO control,p53,5.382564816147591,0.16165034518394883,7.343192193896033e-08,1.1422743412727163e-07,Treg
Treg,135,Afatinib dimaleate,DMSO control,TGFb,5.03823546008388,0.11709226575394882,4.6984322854788774e-07,6.577805199670428e-07,Treg
Treg,136,Afatinib dimaleate,DMSO control,WNT,4.670448016469605,0.10915192778031169,3.005435338678683e-06,3.825099521954688e-06,Treg
Treg,137,Afatinib dimaleate,DMSO control,VEGF,3.814773962601915,0.12620597696878733,0.00013630764255117436,0.0001590255829763701,Treg
Treg,138,Afatinib dimaleate,DMSO control,Hypoxia,0.7735447406917684,0.029625338148339342,0.439200061088432,0.47298468117215753,Treg
Treg,139,Afatinib dimaleate,DMSO control,Trail,-0.27421516090149295,-0.0015820625347005013,0.7839192778001771,0.7839192778001771,Treg
Treg,140,IL-6 control,DMSO control,JAK-STAT,14.171803085392225,0.5444554894249625,1.3693875748407203e-45,1.9171426047770085e-44,Treg
Treg,141,IL-6 control,DMSO control,EGFR,12.718204828892812,0.4491770923223597,4.6850009503725895e-37,3.2795006652608125e-36,Treg
Treg,142,IL-6 control,DMSO control,Estrogen,12.435081827994003,0.3703703340179594,1.6856809006191348e-35,7.866510869555963e-35,Treg
Treg,143,IL-6 control,DMSO control,MAPK,10.591525832966846,0.34441030728125366,3.2623027913489555e-26,1.1418059769721345e-25,Treg
Treg,144,IL-6 control,DMSO control,VEGF,10.430562224684728,0.35580643218460084,1.7982111925102097e-25,5.034991339028587e-25,Treg
Treg,145,IL-6 control,DMSO control,Androgen,9.173940515688662,0.31882439925069694,4.560367406066723e-20,1.0640857280822354e-19,Treg
Treg,146,IL-6 control,DMSO control,TGFb,7.904840159059708,0.18261753347442422,2.6827761922673244e-15,5.365552384534649e-15,Treg
Treg,147,IL-6 control,DMSO control,PI3K,6.055427956590802,0.21733792864061185,1.4004484178018038e-09,2.4507847311531566e-09,Treg
Treg,148,IL-6 control,DMSO control,Hypoxia,-5.8046509238982935,-0.23191949652589638,6.4500239382231145e-09,1.003337057056929e-08,Treg
Treg,149,IL-6 control,DMSO control,NFkB,5.0861982595258475,0.1823303862469805,3.653121757591906e-07,5.114370460628668e-07,Treg
Treg,150,IL-6 control,DMSO control,p53,-2.810705917486629,-0.08138659940072768,0.004943294569147968,0.006291465815279233,Treg
Treg,151,IL-6 control,DMSO control,Trail,-1.8762850796081514,-0.04124210154671104,0.060616144719279216,0.07071883550582575,Treg
Treg,152,IL-6 control,DMSO control,TNFa,0.3027713978295401,0.009885059140750663,0.7620640821464679,0.8206843961577347,Treg
Treg,153,IL-6 control,DMSO control,WNT,-0.07054814385435235,0.002613648836710558,0.9437573827218385,0.9437573827218385,Treg
Treg,154,NVP-BSK805,DMSO control,JAK-STAT,-13.639777598381238,-0.5041113580720794,2.322678480059731e-42,3.2517498720836234e-41,Treg
Treg,155,NVP-BSK805,DMSO control,EGFR,11.713662552347799,0.417131503048382,1.0848975741125456e-31,7.594283018787819e-31,Treg
Treg,156,NVP-BSK805,DMSO control,MAPK,10.679006106095619,0.352193923720598,1.2763076014267526e-26,5.956102139991512e-26,Treg
Treg,157,NVP-BSK805,DMSO control,NFkB,8.906658672978535,0.30375741323964256,5.259366880307023e-19,1.8407784081074578e-18,Treg
Treg,158,NVP-BSK805,DMSO control,TNFa,6.210018897504996,0.19208683435015406,5.297823001483271e-10,1.4833904404153159e-09,Treg
Treg,159,NVP-BSK805,DMSO control,PI3K,6.145700744241263,0.21174747730630306,7.961125548926888e-10,1.857595961416274e-09,Treg
Treg,160,NVP-BSK805,DMSO control,TGFb,5.717231648067386,0.13919114214922002,1.0827347112262549e-08,2.1654694224525097e-08,Treg
Treg,161,NVP-BSK805,DMSO control,Hypoxia,5.068990120855104,0.19623702306291957,3.9993198433609304e-07,6.998809725881628e-07,Treg
Treg,162,NVP-BSK805,DMSO control,Estrogen,4.257816768329622,0.14144956751009996,2.0643303531347004e-05,3.2111805493206455e-05,Treg
Treg,163,NVP-BSK805,DMSO control,VEGF,2.63490784165922,0.08863411127959431,0.008416012994913466,0.011782418192878853,Treg
Treg,164,NVP-BSK805,DMSO control,Trail,-1.6803117540150454,-0.06011928263490629,0.09289667533379944,0.11580763515173578,Treg
Treg,165,NVP-BSK805,DMSO control,WNT,-1.6484337881928977,-0.03203955825231586,0.09926368727291637,0.11580763515173578,Treg
Treg,166,NVP-BSK805,DMSO control,Androgen,1.596147177585142,0.06533927654036253,0.11045593770959426,0.11895254830263997,Treg
Treg,167,NVP-BSK805,DMSO control,p53,0.5670567253654013,0.0017242996450574921,0.5706756426610283,0.5706756426610283,Treg
Treg,168,Baricitinib phosphate,DMSO control,JAK-STAT,-15.195157744994688,-0.562536320506114,3.807459374866684e-52,5.330443124813358e-51,Treg
Treg,169,Baricitinib phosphate,DMSO control,MAPK,8.154684775915566,0.2690122643869364,3.5009178811172875e-16,2.4506425167821013e-15,Treg
Treg,170,Baricitinib phosphate,DMSO control,EGFR,7.191802352114062,0.26571625255646314,6.394154901907261e-13,2.9839389542233884e-12,Treg
Treg,171,Baricitinib phosphate,DMSO control,PI3K,6.958676343453544,0.25904983826814587,3.434846050171436e-12,1.2021961175600025e-11,Treg
Treg,172,Baricitinib phosphate,DMSO control,Trail,-4.380113666580107,-0.12528480914640472,1.1861741823732901e-05,3.321287710645212e-05,Treg
Treg,173,Baricitinib phosphate,DMSO control,VEGF,2.6274493809096313,0.10248778446247986,0.008602764012332764,0.020073116028776452,Treg
Treg,174,Baricitinib phosphate,DMSO control,Estrogen,1.7090094153228497,0.04253664105065713,0.0874492054492266,0.1588303554363328,Treg
Treg,175,Baricitinib phosphate,DMSO control,TNFa,-1.6914012008656243,-0.060922785870975105,0.0907602031064759,0.1588303554363328,Treg
Treg,176,Baricitinib phosphate,DMSO control,TGFb,0.8122281160812174,0.01851346625887429,0.41666074916623874,0.6481389431474825,Treg
Treg,177,Baricitinib phosphate,DMSO control,p53,0.30884695645420995,0.010639769511467723,0.757437947978361,0.9848859201138689,Treg
Treg,178,Baricitinib phosphate,DMSO control,WNT,-0.28735705893772395,-0.0027642875758728813,0.7738389372323256,0.9848859201138689,Treg
Treg,179,Baricitinib phosphate,DMSO control,Hypoxia,-0.1625243820029531,-0.007122623941437922,0.8708929294559487,0.994389294460503,Treg
Treg,180,Baricitinib phosphate,DMSO control,Androgen,-0.043711126623847206,0.0030296832938121465,0.9651346699318922,0.994389294460503,Treg
Treg,181,Baricitinib phosphate,DMSO control,NFkB,-0.007032034527645946,-0.005472511556158799,0.994389294460503,0.994389294460503,Treg
Treg,182,Tofacitinib citrate,DMSO control,JAK-STAT,-12.023204585148205,-0.4419309189055949,2.683580868165559e-33,3.7570132154317825e-32,Treg
Treg,183,Tofacitinib citrate,DMSO control,EGFR,3.745867241892064,0.13873082668866843,0.00017977164779951085,0.0009858122429481288,Treg
Treg,184,Tofacitinib citrate,DMSO control,MAPK,3.7051742240139647,0.12823597101930373,0.00021124548063174189,0.0009858122429481288,Treg
Treg,185,Tofacitinib citrate,DMSO control,PI3K,2.270981285592653,0.07226453280404699,0.023148110873585797,0.0810183880575503,Treg
Treg,186,Tofacitinib citrate,DMSO control,VEGF,1.7270383262889442,0.06467417287803867,0.08416078053091887,0.23565018548657282,Treg
Treg,187,Tofacitinib citrate,DMSO control,Hypoxia,1.609622592575192,0.054898875666714364,0.1074802729692074,0.25078730359481727,Treg
Treg,188,Tofacitinib citrate,DMSO control,TNFa,-1.4252549085735982,-0.05082123892617574,0.15408352935041353,0.30816705870082706,Treg
Treg,189,Tofacitinib citrate,DMSO control,p53,1.1662185901299253,0.039943829030556266,0.2435260782089449,0.4261706368656536,Treg
Treg,190,Tofacitinib citrate,DMSO control,Trail,1.061404923344316,0.03128891741227324,0.28850592042880907,0.448786987333703,Treg
Treg,191,Tofacitinib citrate,DMSO control,TGFb,0.8722073722821564,0.02030508666650399,0.38309525838038805,0.5363333617325432,Treg
Treg,192,Tofacitinib citrate,DMSO control,Estrogen,0.7607873356091064,0.030912044329806765,0.44678409992579027,0.5686343089964603,Treg
Treg,193,Tofacitinib citrate,DMSO control,WNT,-0.65153241175631,-0.008817582839618643,0.5147028615337852,0.6004866717894161,Treg
Treg,194,Tofacitinib citrate,DMSO control,Androgen,-0.14545116895036914,0.0054445368311477615,0.8843546671897473,0.9498024821852764,Treg
Treg,195,Tofacitinib citrate,DMSO control,NFkB,-0.06295481892737352,-0.007159838635903304,0.9498024821852764,0.9498024821852764,Treg
Treg,196,Canertinib,DMSO control,NFkB,14.726877355084484,0.5225270541571583,4.332682329049797e-49,6.065755260669716e-48,Treg
Treg,197,Canertinib,DMSO control,TNFa,12.956295422242118,0.4300303332811417,2.1645097967549162e-38,1.5151568577284413e-37,Treg
Treg,198,Canertinib,DMSO control,JAK-STAT,9.298647396199586,0.3459325975509891,1.422436449818347e-20,6.638036765818953e-20,Treg
Treg,199,Canertinib,DMSO control,p53,9.152942903360413,0.28004863759289256,5.540326629750139e-20,1.9391143204125485e-19,Treg
Treg,200,Canertinib,DMSO control,Androgen,5.98863621892092,0.21182773129590238,2.11607868366057e-09,5.9250203142495955e-09,Treg
Treg,201,Canertinib,DMSO control,Estrogen,5.289617779754799,0.1473364632064329,1.2257223194588906e-07,2.8600187454040783e-07,Treg
Treg,202,Canertinib,DMSO control,EGFR,4.111499364913457,0.1511518586690368,3.930979563933269e-05,7.861959127866538e-05,Treg
Treg,203,Canertinib,DMSO control,WNT,-3.9815681777632608,-0.092764169984488,6.84620770668661e-05,0.00011792161508526862,Treg
Treg,204,Canertinib,DMSO control,TGFb,-3.9572840956233986,-0.09151327029761391,7.580675255481554e-05,0.00011792161508526862,Treg
Treg,205,Canertinib,DMSO control,Hypoxia,-2.7583426477322215,-0.1108655008231949,0.005809526690738287,0.0081333373670336,Treg
Treg,206,Canertinib,DMSO control,Trail,2.2756681459476282,0.07277414480940358,0.022865879266966097,0.02910202815795685,Treg
Treg,207,Canertinib,DMSO control,PI3K,-2.0686293241524027,-0.07511461404288133,0.03858088399172438,0.045011031323678445,Treg
Treg,208,Canertinib,DMSO control,MAPK,-1.886215015555075,-0.05117203731902498,0.05926598589121962,0.06382490788285189,Treg
Treg,209,Canertinib,DMSO control,VEGF,-0.08215736200588825,0.007707157132016196,0.9345215789629719,0.9345215789629719,Treg
Treg,210,Afatinib,DMSO control,NFkB,14.97674544337018,0.545696260550659,1.0419593579161548e-50,1.4587431010826166e-49,Treg
Treg,211,Afatinib,DMSO control,JAK-STAT,13.385923123543336,0.5273764342490803,7.308366579740309e-41,5.115856605818216e-40,Treg
Treg,212,Afatinib,DMSO control,EGFR,12.995792100999749,0.46706249524139265,1.2926244258039076e-38,6.032247320418236e-38,Treg
Treg,213,Afatinib,DMSO control,TNFa,11.223566017089873,0.37070129664547835,3.1241330074209557e-29,1.0934465525973345e-28,Treg
Treg,214,Afatinib,DMSO control,PI3K,7.65592193166339,0.2609010040902646,1.9193029831311156e-14,5.374048352767123e-14,Treg
Treg,215,Afatinib,DMSO control,Androgen,7.279452656308565,0.2398249369299278,3.3517726859686226e-13,7.820802933926787e-13,Treg
Treg,216,Afatinib,DMSO control,Estrogen,6.209098834221315,0.1717588596262818,5.328930142982999e-10,1.0657860285965998e-09,Treg
Treg,217,Afatinib,DMSO control,p53,6.159354649900945,0.18386372241830884,7.304198542779925e-10,1.278234744986487e-09,Treg
Treg,218,Afatinib,DMSO control,MAPK,5.252831618698281,0.16856930899014255,1.4977845522384623e-07,2.3298870812598304e-07,Treg
Treg,219,Afatinib,DMSO control,TGFb,4.538289188111882,0.10515925447424657,5.671245212674592e-06,7.93974329774443e-06,Treg
Treg,220,Afatinib,DMSO control,WNT,2.569124611460785,0.06111526713107107,0.010195578765885486,0.012844051357032696,Treg
Treg,221,Afatinib,DMSO control,VEGF,2.542407081676312,0.08444515955941556,0.011009186877456596,0.012844051357032696,Treg
Treg,222,Afatinib,DMSO control,Trail,-1.4278729319866963,-0.03062268599751794,0.15332843589530373,0.16512293096417324,Treg
Treg,223,Afatinib,DMSO control,Hypoxia,1.1880211285194866,0.04055728584954732,0.23482508565559557,0.23482508565559557,Treg
Treg,224,Baricitinib,DMSO control,JAK-STAT,-15.799256459624042,-0.6015762261756366,3.1480771684050977e-56,4.4073080357671365e-55,Treg
Treg,225,Baricitinib,DMSO control,MAPK,8.499327372436765,0.2832665621543624,1.9069240982664665e-17,1.3348468687865264e-16,Treg
Treg,226,Baricitinib,DMSO control,PI3K,8.437307401569965,0.2954574580730849,3.247315977661091e-17,1.5154141229085092e-16,Treg
Treg,227,Baricitinib,DMSO control,EGFR,6.481173334370049,0.24130786418797312,9.101203950021835e-11,3.185421382507642e-10,Treg
Treg,228,Baricitinib,DMSO control,Trail,-5.850147484083709,-0.17760185884385793,4.911373235338837e-09,1.3751845058948743e-08,Treg
Treg,229,Baricitinib,DMSO control,Estrogen,3.9835018428141606,0.10674720535605386,6.790714474782246e-05,0.00015845000441158576,Treg
Treg,230,Baricitinib,DMSO control,TNFa,-2.9086617720353196,-0.10531074410814956,0.00362979326172548,0.00725958652345096,Treg
Treg,231,Baricitinib,DMSO control,TGFb,1.832669984063038,0.047985336107351895,0.06685166364768308,0.11699041138344539,Treg
Treg,232,Baricitinib,DMSO control,Androgen,-1.4597439568268327,-0.04868307277593603,0.14436045621898602,0.22456070967397826,Treg
Treg,233,Baricitinib,DMSO control,NFkB,-1.1812587394527918,-0.05096206899143252,0.2374999529490559,0.32682069948161285,Treg
Treg,234,Baricitinib,DMSO control,WNT,-1.1118101926882977,-0.019877560608869027,0.2662197684822857,0.32682069948161285,Treg
Treg,235,Baricitinib,DMSO control,VEGF,1.0800227981493253,0.04739058049082345,0.2801320281270967,0.32682069948161285,Treg
Treg,236,Baricitinib,DMSO control,Hypoxia,-0.5020911104806168,-0.019130015510981035,0.6156034330123004,0.6629575432440158,Treg
Treg,237,Baricitinib,DMSO control,p53,0.43126050308399344,0.01018988357741124,0.666278965652767,0.666278965652767,Treg
MAIT,0,Tofacitinib,DMSO control,MAPK,-2.1161287212665583,-0.1131404336382944,0.03433386135577096,0.48067405898079346,MAIT
MAIT,1,Tofacitinib,DMSO control,EGFR,-1.8088651176566384,-0.1304081593264651,0.07047196077982587,0.4933037254587811,MAIT
MAIT,2,Tofacitinib,DMSO control,Estrogen,-1.2441583479993752,-0.05913367531721603,0.21344129002064882,0.7637259592752376,MAIT
MAIT,3,Tofacitinib,DMSO control,JAK-STAT,-1.2313087328814256,-0.08101952874039038,0.21820741693578216,0.7637259592752376,MAIT
MAIT,4,Tofacitinib,DMSO control,TGFb,-0.9914492506796978,-0.04729391632324792,0.3214662614288746,0.9001055320008488,MAIT
MAIT,5,Tofacitinib,DMSO control,WNT,0.7331043572556565,0.022412323539397178,0.4634947827849164,0.9461025076900756,MAIT
MAIT,6,Tofacitinib,DMSO control,Hypoxia,-0.5867990903863696,-0.04240979562795566,0.5573386477947214,0.9461025076900756,MAIT
MAIT,7,Tofacitinib,DMSO control,PI3K,-0.564255905968914,-0.011467001075049658,0.5725799853565681,0.9461025076900756,MAIT
MAIT,8,Tofacitinib,DMSO control,VEGF,0.5126320136529406,0.053768854791736764,0.60820875494362,0.9461025076900756,MAIT
MAIT,9,Tofacitinib,DMSO control,TNFa,-0.22678443523960345,-0.03361357044815039,0.8205913672760154,0.9868701857100501,MAIT
MAIT,10,Tofacitinib,DMSO control,NFkB,-0.17335708817023365,-0.05123330691763295,0.8623707530299757,0.9868701857100501,MAIT
MAIT,11,Tofacitinib,DMSO control,Trail,-0.15329365403869816,-0.017669298866195393,0.8781667048735253,0.9868701857100501,MAIT
MAIT,12,Tofacitinib,DMSO control,p53,-0.04801698280918045,-0.006348556071571476,0.9617027078937325,0.9868701857100501,MAIT
MAIT,13,Tofacitinib,DMSO control,Androgen,-0.016456524624742598,0.007537265814338223,0.9868701857100501,0.9868701857100501,MAIT
MAIT,14,Ruxolitinib,DMSO control,JAK-STAT,-4.681433596871729,-0.24855946663029527,2.848756758803123e-06,3.988259462324372e-05,MAIT
MAIT,15,Ruxolitinib,DMSO control,p53,2.465456816629686,0.12427484223751062,0.013683866853973298,0.09578706797781308,MAIT
MAIT,16,Ruxolitinib,DMSO control,EGFR,2.276699957605718,0.13157053632194604,0.022804149062937453,0.10641936229370812,MAIT
MAIT,17,Ruxolitinib,DMSO control,TNFa,2.0187162809955486,0.1361897256298561,0.04351671681093764,0.15230850883828173,MAIT
MAIT,18,Ruxolitinib,DMSO control,VEGF,-1.6668332531957903,-0.05312350591555681,0.09554756604379494,0.21268495434541987,MAIT
MAIT,19,Ruxolitinib,DMSO control,NFkB,1.6507841293955292,0.11032499197729528,0.09878266192154597,0.21268495434541987,MAIT
MAIT,20,Ruxolitinib,DMSO control,MAPK,1.6148532552158397,0.11357809956396103,0.10634247717270993,0.21268495434541987,MAIT
MAIT,21,Ruxolitinib,DMSO control,Androgen,1.2538677392905604,0.0836324321808819,0.20989008266078768,0.3603326191377684,MAIT
MAIT,22,Ruxolitinib,DMSO control,Hypoxia,-1.1961388014418595,-0.07291976749442997,0.23164239801713682,0.3603326191377684,MAIT
MAIT,23,Ruxolitinib,DMSO control,PI3K,0.7740707994111082,0.06080902734972983,0.43888892442420613,0.5923182082965077,MAIT
MAIT,24,Ruxolitinib,DMSO control,TGFb,-0.7299955937506892,-0.02862472182819928,0.46539287794725603,0.5923182082965077,MAIT
MAIT,25,Ruxolitinib,DMSO control,Estrogen,0.548185370401461,0.038791906365091,0.5835646263399399,0.6808253973965965,MAIT
MAIT,26,Ruxolitinib,DMSO control,Trail,-0.2202562587214959,-0.0033698629643457156,0.8256715841126265,0.8891847828905208,MAIT
MAIT,27,Ruxolitinib,DMSO control,WNT,0.11964981101836564,0.0025591937082500016,0.9047605596339394,0.9047605596339394,MAIT
MAIT,28,NVP-BSK805 2HCl,DMSO control,JAK-STAT,-5.936813698462291,-0.3313024373762012,2.906145787867985e-09,4.068604103015179e-08,MAIT
MAIT,29,NVP-BSK805 2HCl,DMSO control,VEGF,-1.8272754831281266,-0.08003919646361979,0.06765835954065207,0.42911253990729414,MAIT
MAIT,30,NVP-BSK805 2HCl,DMSO control,Androgen,1.6472177562823378,0.11652198256575463,0.09951329539332054,0.42911253990729414,MAIT
MAIT,31,NVP-BSK805 2HCl,DMSO control,EGFR,1.462689630701067,0.06282904089968677,0.14355232480347457,0.42911253990729414,MAIT
MAIT,32,NVP-BSK805 2HCl,DMSO control,Hypoxia,1.3668244133735161,0.0822561297912654,0.17168034861907033,0.42911253990729414,MAIT
MAIT,33,NVP-BSK805 2HCl,DMSO control,WNT,1.328826024121922,0.05003217479000857,0.1839053742459832,0.42911253990729414,MAIT
MAIT,34,NVP-BSK805 2HCl,DMSO control,MAPK,1.1872633974983362,0.07060806267960351,0.23512374095215793,0.47024748190431587,MAIT
MAIT,35,NVP-BSK805 2HCl,DMSO control,TNFa,-1.0295576643299558,-0.11809228564759655,0.3032176974191645,0.5306309704835379,MAIT
MAIT,36,NVP-BSK805 2HCl,DMSO control,p53,-0.5149650987789562,-0.02725952705851542,0.6065774088759636,0.9149046551332539,MAIT
MAIT,37,NVP-BSK805 2HCl,DMSO control,TGFb,-0.43325614411376373,-0.024060797411670776,0.6648286949940894,0.9149046551332539,MAIT
MAIT,38,NVP-BSK805 2HCl,DMSO control,Estrogen,0.3599912759489255,0.03334293893059548,0.7188536576046995,0.9149046551332539,MAIT
MAIT,39,NVP-BSK805 2HCl,DMSO control,PI3K,0.21644180544290348,0.036333705735877006,0.8286433824376147,0.9667506128438839,MAIT
MAIT,40,NVP-BSK805 2HCl,DMSO control,Trail,0.10393677059994849,0.0036777966485730396,0.9172195264024223,0.986823025055505,MAIT
MAIT,41,NVP-BSK805 2HCl,DMSO control,NFkB,0.01651563977275167,-0.08700984146800206,0.986823025055505,0.986823025055505,MAIT
MAIT,42,Gefitinib,DMSO control,MAPK,-3.9255463637767964,-0.24261620392668437,8.653309998736885e-05,0.001211463399823164,MAIT
MAIT,43,Gefitinib,DMSO control,Estrogen,-3.3443154008909626,-0.1744916516137338,0.0008248590336229937,0.005774013235360955,MAIT
MAIT,44,Gefitinib,DMSO control,TGFb,-2.9471530034467097,-0.1479043449180763,0.0032071447270247038,0.014966675392781952,MAIT
MAIT,45,Gefitinib,DMSO control,EGFR,-2.319239736841789,-0.18606863497439796,0.02038204097240047,0.06508101766420397,MAIT
MAIT,46,Gefitinib,DMSO control,JAK-STAT,2.2694130292452503,0.10304368043056894,0.023243220594358564,0.06508101766420397,MAIT
MAIT,47,Gefitinib,DMSO control,VEGF,-1.4443698272462577,-0.05493973153068232,0.1486349733939692,0.3468149379192615,MAIT
MAIT,48,Gefitinib,DMSO control,TNFa,1.2590918756979645,0.03882701030921609,0.20799714856778084,0.4159942971355617,MAIT
MAIT,49,Gefitinib,DMSO control,NFkB,0.8641063732457935,-0.030807691892317468,0.387529458254945,0.5425344540890166,MAIT
MAIT,50,Gefitinib,DMSO control,WNT,0.8169403150840217,0.04021264358692675,0.41396253727104027,0.5425344540890166,MAIT
MAIT,51,Gefitinib,DMSO control,Hypoxia,-0.7574385186337865,-0.0686409096333076,0.44878718669037077,0.5425344540890166,MAIT
MAIT,52,Gefitinib,DMSO control,Androgen,-0.7414746220251869,-0.040192817504080214,0.45840571363107296,0.5425344540890166,MAIT
MAIT,53,Gefitinib,DMSO control,Trail,0.730590147064778,0.02832649645040175,0.46502953207629993,0.5425344540890166,MAIT
MAIT,54,Gefitinib,DMSO control,PI3K,0.09227615994213302,0.012256551484086907,0.9264786291531999,0.9312841955290208,MAIT
MAIT,55,Gefitinib,DMSO control,p53,0.08622922940857253,-0.014643680436135842,0.9312841955290208,0.9312841955290208,MAIT
MAIT,56,Ruxolitinib phosphate,DMSO control,EGFR,5.804766925991704,0.3819724143300016,6.44556011952704e-09,9.023784167337856e-08,MAIT
MAIT,57,Ruxolitinib phosphate,DMSO control,MAPK,4.320351259414208,0.24874036770428076,1.5578103041421904e-05,0.00010904672128995333,MAIT
MAIT,58,Ruxolitinib phosphate,DMSO control,JAK-STAT,-3.8728198950961223,-0.23296091448915834,0.00010758333012836581,0.0005020555405990405,MAIT
MAIT,59,Ruxolitinib phosphate,DMSO control,PI3K,3.2467718646788555,0.1974096096526441,0.0011672191055750968,0.004085266869512839,MAIT
MAIT,60,Ruxolitinib phosphate,DMSO control,NFkB,3.0645361013692747,0.2139040210887102,0.002180078611027303,0.006104220110876448,MAIT
MAIT,61,Ruxolitinib phosphate,DMSO control,VEGF,-2.8852756158280135,-0.17574483547143815,0.003910711258378373,0.008585947129329552,MAIT
MAIT,62,Ruxolitinib phosphate,DMSO control,p53,2.818083926226794,0.13950214486118195,0.004831118013563978,0.008585947129329552,MAIT
MAIT,63,Ruxolitinib phosphate,DMSO control,TNFa,2.813125129946261,0.18085416482512384,0.00490625550247403,0.008585947129329552,MAIT
MAIT,64,Ruxolitinib phosphate,DMSO control,WNT,2.3822057331679605,0.09505406112982318,0.01720927997780972,0.0267699910765929,MAIT
MAIT,65,Ruxolitinib phosphate,DMSO control,TGFb,1.9493028178774463,0.08718968876134836,0.05125927227469863,0.07176298118457808,MAIT
MAIT,66,Ruxolitinib phosphate,DMSO control,Hypoxia,1.8947560587915855,0.1252971681837809,0.05812472711033732,0.07397692541315658,MAIT
MAIT,67,Ruxolitinib phosphate,DMSO control,Trail,0.9453945108835796,0.04364881747637017,0.34445750352126525,0.40186708744147615,MAIT
MAIT,68,Ruxolitinib phosphate,DMSO control,Estrogen,0.4388534708271534,0.03752013230272966,0.6607677130450156,0.7075616013114272,MAIT
MAIT,69,Ruxolitinib phosphate,DMSO control,Androgen,0.37513293862230684,0.04153798820504706,0.7075616013114272,0.7075616013114272,MAIT
MAIT,70,Gefitinib hydrochloride,DMSO control,MAPK,-2.7998847699893243,-0.15292039819037262,0.00511208515030713,0.07156919210429982,MAIT
MAIT,71,Gefitinib hydrochloride,DMSO control,JAK-STAT,2.4677803964706038,0.10325013796808175,0.013595369697054343,0.0951675878793804,MAIT
MAIT,72,Gefitinib hydrochloride,DMSO control,WNT,2.237527467621649,0.08684105759634853,0.02525188615765247,0.1178421354023782,MAIT
MAIT,73,Gefitinib hydrochloride,DMSO control,Estrogen,-1.9855309719330818,-0.09862320608688613,0.04708542777040361,0.16479899719641264,MAIT
MAIT,74,Gefitinib hydrochloride,DMSO control,TGFb,-1.8607915621689861,-0.08744474308592157,0.06277361753655412,0.17576612910235154,MAIT
MAIT,75,Gefitinib hydrochloride,DMSO control,EGFR,-1.6747124059520875,-0.1291093126753915,0.09399067215851495,0.21931156836986823,MAIT
MAIT,76,Gefitinib hydrochloride,DMSO control,VEGF,-1.3799154155371238,-0.06386915460344023,0.16761268961632003,0.33522537923264006,MAIT
MAIT,77,Gefitinib hydrochloride,DMSO control,Trail,-0.5866185453676643,-0.027447139819513522,0.5574599245522067,0.8609482823822378,MAIT
MAIT,78,Gefitinib hydrochloride,DMSO control,PI3K,-0.5099438623016607,-0.03114270894847633,0.6100907915176468,0.8609482823822378,MAIT
MAIT,79,Gefitinib hydrochloride,DMSO control,NFkB,0.440364448414899,0.022493889605212924,0.6596731695220226,0.8609482823822378,MAIT
MAIT,80,Gefitinib hydrochloride,DMSO control,p53,-0.4115256123960439,-0.01960345600282709,0.6806871646134387,0.8609482823822378,MAIT
MAIT,81,Gefitinib hydrochloride,DMSO control,TNFa,0.26939134916025786,0.027065062826880926,0.7876285425558913,0.8609482823822378,MAIT
MAIT,82,Gefitinib hydrochloride,DMSO control,Androgen,0.25405641254705713,0.0137894665960836,0.7994519764977922,0.8609482823822378,MAIT
MAIT,83,Gefitinib hydrochloride,DMSO control,Hypoxia,-0.1306902806886213,-0.02003792194711007,0.8960203212839962,0.8960203212839962,MAIT
MAIT,84,Erlotinib hydrochloride,DMSO control,EGFR,-5.113280583017908,-0.35906558582894077,3.1661147301417936e-07,4.3665588551771385e-06,MAIT
MAIT,85,Erlotinib hydrochloride,DMSO control,TGFb,-4.983701114552823,-0.2345762658980668,6.237941221681626e-07,4.3665588551771385e-06,MAIT
MAIT,86,Erlotinib hydrochloride,DMSO control,MAPK,-4.879289965924226,-0.27780897701872576,1.0646843673749202e-06,4.968527047749628e-06,MAIT
MAIT,87,Erlotinib hydrochloride,DMSO control,PI3K,-4.198250182626,-0.2426891752141818,2.6898536991332923e-05,9.414487946966522e-05,MAIT
MAIT,88,Erlotinib hydrochloride,DMSO control,Hypoxia,-3.906696378579559,-0.2858997729058035,9.356660380410398e-05,0.00026198649065149114,MAIT
MAIT,89,Erlotinib hydrochloride,DMSO control,Androgen,-2.9557824330742424,-0.18044309515788903,0.003118770054614771,0.007277130127434466,MAIT
MAIT,90,Erlotinib hydrochloride,DMSO control,Estrogen,-2.29393037876027,-0.12183068976950695,0.021794498124114856,0.04358899624822971,MAIT
MAIT,91,Erlotinib hydrochloride,DMSO control,Trail,-1.4581428071604714,-0.08286722211283915,0.14480118428885627,0.25340207250549845,MAIT
MAIT,92,Erlotinib hydrochloride,DMSO control,JAK-STAT,1.2906862632979,0.03644699645522356,0.1968124898553808,0.30615276199725905,MAIT
MAIT,93,Erlotinib hydrochloride,DMSO control,TNFa,1.192504896807047,0.08185455169359557,0.23306333182900052,0.3262886645606007,MAIT
MAIT,94,Erlotinib hydrochloride,DMSO control,WNT,0.8832585114894114,0.026814230349969576,0.37709661440992703,0.4799411456126344,MAIT
MAIT,95,Erlotinib hydrochloride,DMSO control,NFkB,0.40356528688308696,0.010189218822653778,0.6865324165180874,0.7967625632739781,MAIT
MAIT,96,Erlotinib hydrochloride,DMSO control,p53,-0.26750684499474764,-0.01788429370943323,0.7890789446079987,0.7967625632739781,MAIT
MAIT,97,Erlotinib hydrochloride,DMSO control,VEGF,-0.2575391935743565,0.0036489914538502255,0.7967625632739781,0.7967625632739781,MAIT
MAIT,98,Erlotinib,DMSO control,JAK-STAT,3.46077340774852,0.17959226546183082,0.0005386259732240387,0.007353965694462343,MAIT
MAIT,99,Erlotinib,DMSO control,MAPK,-3.2586825705036646,-0.19607430346180243,0.0011193083020075575,0.007353965694462343,MAIT
MAIT,100,Erlotinib,DMSO control,EGFR,-3.160340277729735,-0.21716608620036815,0.001575849791670502,0.007353965694462343,MAIT
MAIT,101,Erlotinib,DMSO control,PI3K,-2.6292404086391157,-0.14643091799282992,0.008557583950541387,0.029951543826894855,MAIT
MAIT,102,Erlotinib,DMSO control,TGFb,-2.334213530317327,-0.10260070035632947,0.019584543777837242,0.05483672257794427,MAIT
MAIT,103,Erlotinib,DMSO control,Hypoxia,-1.755229717624742,-0.1439130914065645,0.0792200226545093,0.18297059652218306,MAIT
MAIT,104,Erlotinib,DMSO control,Estrogen,-1.6797996344237962,-0.0676468150303775,0.09299630632510283,0.18297059652218306,MAIT
MAIT,105,Erlotinib,DMSO control,TNFa,1.6231627118838368,0.10507808535384155,0.10455462658410461,0.18297059652218306,MAIT
MAIT,106,Erlotinib,DMSO control,NFkB,1.4550540281629571,0.09320481182696039,0.1456543047545712,0.2265733629515552,MAIT
MAIT,107,Erlotinib,DMSO control,p53,1.378594182734012,0.07095179771826876,0.1680199111450491,0.23522787560306874,MAIT
MAIT,108,Erlotinib,DMSO control,Trail,0.7107933778764906,0.0260415698956864,0.47721228483336686,0.6073610897879215,MAIT
MAIT,109,Erlotinib,DMSO control,WNT,0.5897963160865773,0.014282629779714645,0.5553272127840703,0.647881748248082,MAIT
MAIT,110,Erlotinib,DMSO control,Androgen,-0.21238845952484778,-0.017062407329143436,0.8318039883776427,0.8957889105605382,MAIT
MAIT,111,Erlotinib,DMSO control,VEGF,0.022139887901984134,0.0063487391940153515,0.9823363683209273,0.9823363683209273,MAIT
MAIT,112,Canertinib dihydrochloride,DMSO control,TGFb,-13.508079246880069,-0.6745658238822008,1.4012991168338802e-41,1.961818763567432e-40,MAIT
MAIT,113,Canertinib dihydrochloride,DMSO control,MAPK,-9.84213362877825,-0.6219958663181646,7.412194065658896e-23,5.188535845961227e-22,MAIT
MAIT,114,Canertinib dihydrochloride,DMSO control,JAK-STAT,8.463292291100606,0.4457856457067663,2.599331546826922e-17,1.2130213885192303e-16,MAIT
MAIT,115,Canertinib dihydrochloride,DMSO control,EGFR,-8.393331496862022,-0.609508022443518,4.7255675521520904e-17,1.6539486432532316e-16,MAIT
MAIT,116,Canertinib dihydrochloride,DMSO control,Hypoxia,-7.02897327097412,-0.5205180026340663,2.080588268977004e-12,5.82564715313561e-12,MAIT
MAIT,117,Canertinib dihydrochloride,DMSO control,WNT,5.617238086180792,0.2315454958227556,1.9403397527069225e-08,4.107320773202539e-08,MAIT
MAIT,118,Canertinib dihydrochloride,DMSO control,PI3K,-5.607419027340288,-0.31825538205942283,2.0536603866012695e-08,4.107320773202539e-08,MAIT
MAIT,119,Canertinib dihydrochloride,DMSO control,Estrogen,-5.2956639091543165,-0.2799463114032199,1.1858476932965016e-07,2.0752334632688778e-07,MAIT
MAIT,120,Canertinib dihydrochloride,DMSO control,VEGF,-5.000110238055174,-0.29152917899617714,5.729754479429333e-07,8.91295141244563e-07,MAIT
MAIT,121,Canertinib dihydrochloride,DMSO control,Trail,4.712166337557422,0.23546467598110787,2.450971854692671e-06,3.431360596569739e-06,MAIT
MAIT,122,Canertinib dihydrochloride,DMSO control,p53,4.141433542453181,0.19977589744620827,3.4514187995980195e-05,4.392714835852025e-05,MAIT
MAIT,123,Canertinib dihydrochloride,DMSO control,TNFa,3.4906754177988404,0.18393889937838415,0.000481801204781474,0.0005621014055783864,MAIT
MAIT,124,Canertinib dihydrochloride,DMSO control,NFkB,1.7959058619280108,0.06689417413201504,0.0725094900177162,0.07808714309600205,MAIT
MAIT,125,Canertinib dihydrochloride,DMSO control,Androgen,-0.07266103541972269,0.011192362563543945,0.942075855782428,0.942075855782428,MAIT
MAIT,126,Afatinib dimaleate,DMSO control,JAK-STAT,6.555317847152139,0.33156856874247437,5.552348588713085e-11,7.77328802419832e-10,MAIT
MAIT,127,Afatinib dimaleate,DMSO control,TNFa,6.2358320881032165,0.43762889199025823,4.493829271639571e-10,3.1456804901477e-09,MAIT
MAIT,128,Afatinib dimaleate,DMSO control,NFkB,5.909722222407346,0.45560499475010596,3.4268509983265924e-09,1.5991971325524098e-08,MAIT
MAIT,129,Afatinib dimaleate,DMSO control,WNT,5.477117103695169,0.2315519590191296,4.323111356249292e-08,1.513088974687252e-07,MAIT
MAIT,130,Afatinib dimaleate,DMSO control,TGFb,-5.04604062497844,-0.2314129908174828,4.5105954005929457e-07,1.2629667121660248e-06,MAIT
MAIT,131,Afatinib dimaleate,DMSO control,VEGF,-4.72044030594772,-0.2672634094792201,2.3533466664379064e-06,5.4911422216884485e-06,MAIT
MAIT,132,Afatinib dimaleate,DMSO control,p53,3.868478281817259,0.192041567379019,0.00010951668878489824,0.0002190333775697965,MAIT
MAIT,133,Afatinib dimaleate,DMSO control,PI3K,3.6032592426067898,0.23991577385673854,0.00031425182247861195,0.0005499406893375709,MAIT
MAIT,134,Afatinib dimaleate,DMSO control,EGFR,3.2891237235419397,0.18984303207193953,0.0010049983516380668,0.0015633307692147706,MAIT
MAIT,135,Afatinib dimaleate,DMSO control,Estrogen,-1.333228849364444,-0.08522642309402073,0.18245671468617297,0.2554394005606421,MAIT
MAIT,136,Afatinib dimaleate,DMSO control,Androgen,-0.9706863971103634,-0.041984013043903534,0.3317044677463864,0.42216932258630996,MAIT
MAIT,137,Afatinib dimaleate,DMSO control,Hypoxia,-0.8443188241532137,-0.07916246451018205,0.39849126987262096,0.4649064815180578,MAIT
MAIT,138,Afatinib dimaleate,DMSO control,Trail,0.46088495862799145,0.02973430199346716,0.6448811437370947,0.694487385563025,MAIT
MAIT,139,Afatinib dimaleate,DMSO control,MAPK,-0.17961519946530347,-0.0024697639353843392,0.8574546713022516,0.8574546713022516,MAIT
MAIT,140,IL-6 control,DMSO control,JAK-STAT,1.9354849487437877,0.07514158878548877,0.05293081389625066,0.7410313945475092,MAIT
MAIT,141,IL-6 control,DMSO control,PI3K,1.3171559981965506,0.08892812956036154,0.1877863397541465,0.8962700980204183,MAIT
MAIT,142,IL-6 control,DMSO control,Estrogen,-1.1646332878978793,-0.05709454939667524,0.24416746341763385,0.8962700980204183,MAIT
MAIT,143,IL-6 control,DMSO control,Androgen,1.0003418499527055,0.06750226861282904,0.3171451007784829,0.8962700980204183,MAIT
MAIT,144,IL-6 control,DMSO control,Trail,0.8569987472183062,0.03844547597720005,0.3914455769824532,0.8962700980204183,MAIT
MAIT,145,IL-6 control,DMSO control,VEGF,0.7677917916578177,0.052741917547256545,0.44261089188826486,0.8962700980204183,MAIT
MAIT,146,IL-6 control,DMSO control,MAPK,-0.5856118876899603,-0.05123600067161216,0.55813635794779,0.8962700980204183,MAIT
MAIT,147,IL-6 control,DMSO control,Hypoxia,0.3605938150888341,0.014316065320646665,0.7184031135329563,0.8962700980204183,MAIT
MAIT,148,IL-6 control,DMSO control,TNFa,-0.34811896378354157,-0.0667824442682945,0.7277508429818714,0.8962700980204183,MAIT
MAIT,149,IL-6 control,DMSO control,EGFR,-0.31304815539696434,-0.059117491468163585,0.7542440767287977,0.8962700980204183,MAIT
MAIT,150,IL-6 control,DMSO control,p53,0.301750176856322,0.0032027862565153775,0.7628425144571136,0.8962700980204183,MAIT
MAIT,151,IL-6 control,DMSO control,WNT,-0.2946889402684206,-0.011907536043125042,0.76823151258893,0.8962700980204183,MAIT
MAIT,152,IL-6 control,DMSO control,TGFb,-0.20124524275519137,-0.024597209013905386,0.8405068164725514,0.90516118697044,MAIT
MAIT,153,IL-6 control,DMSO control,NFkB,0.01318097496408271,-0.07273968597011704,0.9894834081028286,0.9894834081028286,MAIT
MAIT,154,NVP-BSK805,DMSO control,VEGF,-3.206036785460189,-0.17490512024558802,0.0013457678334670765,0.01884074966853907,MAIT
MAIT,155,NVP-BSK805,DMSO control,JAK-STAT,-2.4365973719318608,-0.14877290403361546,0.014826177178800382,0.10378324025160267,MAIT
MAIT,156,NVP-BSK805,DMSO control,WNT,1.698227399390299,0.07429034430017561,0.08946485112267828,0.4175026385724987,MAIT
MAIT,157,NVP-BSK805,DMSO control,Hypoxia,1.5188719900576022,0.11161306028532669,0.12879472067871672,0.4507815223755085,MAIT
MAIT,158,NVP-BSK805,DMSO control,Trail,1.298796783068007,0.052487974544114024,0.19401367894726196,0.5432383010523334,MAIT
MAIT,159,NVP-BSK805,DMSO control,p53,-1.0721310885963704,-0.06520984375545469,0.28366115694940164,0.6040342334528601,MAIT
MAIT,160,NVP-BSK805,DMSO control,TGFb,-1.0321174145982621,-0.06092799340145423,0.30201711672643006,0.6040342334528601,MAIT
MAIT,161,NVP-BSK805,DMSO control,Estrogen,-0.68140933073249,-0.04367417157299358,0.4956125204349906,0.824471659979634,MAIT
MAIT,162,NVP-BSK805,DMSO control,EGFR,0.627979307217369,-0.012266443840251662,0.5300174957011933,0.824471659979634,MAIT
MAIT,163,NVP-BSK805,DMSO control,PI3K,-0.48087021163608884,-0.012156527597777501,0.6306087452379829,0.8252627008786313,MAIT
MAIT,164,NVP-BSK805,DMSO control,MAPK,-0.45027151975518254,-0.05447866876021856,0.6525146721531943,0.8252627008786313,MAIT
MAIT,165,NVP-BSK805,DMSO control,TNFa,-0.34294072361908046,-0.10182620986438629,0.7316430544192623,0.8252627008786313,MAIT
MAIT,166,NVP-BSK805,DMSO control,NFkB,0.2739759796105763,-0.08284355150349576,0.7841030811174658,0.8252627008786313,MAIT
MAIT,167,NVP-BSK805,DMSO control,Androgen,0.22078133064838537,0.0232548801376935,0.8252627008786313,0.8252627008786313,MAIT
MAIT,168,Baricitinib phosphate,DMSO control,JAK-STAT,-2.883022410884705,-0.16728697523935987,0.003938794171874623,0.05514311840624472,MAIT
MAIT,169,Baricitinib phosphate,DMSO control,p53,2.399137093216631,0.12360379685874578,0.016433760676591053,0.11503632473613737,MAIT
MAIT,170,Baricitinib phosphate,DMSO control,Hypoxia,-1.222091162264543,-0.08439890369457492,0.22167315482830852,0.7043966364448259,MAIT
MAIT,171,Baricitinib phosphate,DMSO control,VEGF,1.0873382889898895,0.15255345692211142,0.27688733295287926,0.7043966364448259,MAIT
MAIT,172,Baricitinib phosphate,DMSO control,Estrogen,-1.0564574221977814,-0.06230635087807457,0.2907592834739353,0.7043966364448259,MAIT
MAIT,173,Baricitinib phosphate,DMSO control,Trail,0.8836776964270607,0.040290880146284014,0.3768702235664345,0.7043966364448259,MAIT
MAIT,174,Baricitinib phosphate,DMSO control,NFkB,0.8267650245705309,0.005338518426594163,0.40837025755135115,0.7043966364448259,MAIT
MAIT,175,Baricitinib phosphate,DMSO control,TNFa,0.7752118419919702,0.028149436615103163,0.438214491850462,0.7043966364448259,MAIT
MAIT,176,Baricitinib phosphate,DMSO control,WNT,-0.7507113195783969,-0.028570352621133763,0.45282640914310235,0.7043966364448259,MAIT
MAIT,177,Baricitinib phosphate,DMSO control,TGFb,-0.4301628180008118,-0.03432403265908718,0.6670772070948138,0.9073969764100704,MAIT
MAIT,178,Baricitinib phosphate,DMSO control,PI3K,-0.3678906568663128,0.011056154316037008,0.712954767179341,0.9073969764100704,MAIT
MAIT,179,Baricitinib phosphate,DMSO control,MAPK,-0.26631557436003983,-0.024331113128073234,0.7899961794817446,0.9216622093953688,MAIT
MAIT,180,Baricitinib phosphate,DMSO control,Androgen,0.09098371083790531,0.022558523025339117,0.9275055342357906,0.9834052594236609,MAIT
MAIT,181,Baricitinib phosphate,DMSO control,EGFR,0.020799922674023235,-0.033584882595820154,0.9834052594236609,0.9834052594236609,MAIT
MAIT,182,Tofacitinib citrate,DMSO control,Hypoxia,-1.8936824336900893,-0.15265925800416547,0.05826717434411604,0.4809321270479232,MAIT
MAIT,183,Tofacitinib citrate,DMSO control,TGFb,-1.8203574381132974,-0.09450709328371357,0.06870458957827474,0.4809321270479232,MAIT
MAIT,184,Tofacitinib citrate,DMSO control,Trail,1.6254488236727513,0.0760676393244809,0.10406695990629153,0.48564581289602715,MAIT
MAIT,185,Tofacitinib citrate,DMSO control,JAK-STAT,-1.2182959728342067,-0.08657752597243598,0.2231115198903394,0.5310151448474646,MAIT
MAIT,186,Tofacitinib citrate,DMSO control,TNFa,-1.212439343794527,-0.10920921537328265,0.22534424809006426,0.5310151448474646,MAIT
MAIT,187,Tofacitinib citrate,DMSO control,VEGF,1.1686317585777213,0.10960444591723872,0.24255202703895273,0.5310151448474646,MAIT
MAIT,188,Tofacitinib citrate,DMSO control,NFkB,-1.1100654681809226,-0.13075377058720772,0.2669708162027111,0.5310151448474646,MAIT
MAIT,189,Tofacitinib citrate,DMSO control,Androgen,-0.9603700299267052,-0.043908311529325506,0.3368690161372794,0.5310151448474646,MAIT
MAIT,190,Tofacitinib citrate,DMSO control,p53,-0.9514679537863918,-0.0445145335012449,0.341366878830513,0.5310151448474646,MAIT
MAIT,191,Tofacitinib citrate,DMSO control,EGFR,-0.7516397709525146,-0.06494479369284045,0.45226771940387156,0.6331748071654202,MAIT
MAIT,192,Tofacitinib citrate,DMSO control,MAPK,-0.5520458532802246,-0.023508043609889562,0.580916938105542,0.7393488303161444,MAIT
MAIT,193,Tofacitinib citrate,DMSO control,Estrogen,-0.39883643760219917,-0.011571608619236118,0.690013726628883,0.8050160144003636,MAIT
MAIT,194,Tofacitinib citrate,DMSO control,WNT,0.10483365981026968,-0.009727076274595889,0.9165078005342161,0.9535774582176941,MAIT
MAIT,195,Tofacitinib citrate,DMSO control,PI3K,-0.05821489265441791,0.021450333224582754,0.9535774582176941,0.9535774582176941,MAIT
MAIT,196,Canertinib,DMSO control,TGFb,-13.147662655607164,-0.6496130166452305,1.7551652306954547e-39,2.457231322973637e-38,MAIT
MAIT,197,Canertinib,DMSO control,JAK-STAT,9.529039906357486,0.4998513505586761,1.5874451180891446e-21,1.1112115826624013e-20,MAIT
MAIT,198,Canertinib,DMSO control,MAPK,-9.154699621952346,-0.58357933372992,5.450924283053155e-20,2.543764665424806e-19,MAIT
MAIT,199,Canertinib,DMSO control,Hypoxia,-7.691347176836571,-0.5643675344739423,1.4559376689098266e-14,5.095781841184393e-14,MAIT
MAIT,200,Canertinib,DMSO control,EGFR,-7.537941060286229,-0.557958868358129,4.774495484663112e-14,1.3368587357056713e-13,MAIT
MAIT,201,Canertinib,DMSO control,VEGF,-5.880323134243865,-0.33570256104075513,4.094663256315702e-09,9.554214264736638e-09,MAIT
MAIT,202,Canertinib,DMSO control,WNT,5.578159571341677,0.23840140897496795,2.4307662484191415e-08,4.861532496838283e-08,MAIT
MAIT,203,Canertinib,DMSO control,Estrogen,-5.096165871813492,-0.2680786411184499,3.4660146705836514e-07,6.06552567352139e-07,MAIT
MAIT,204,Canertinib,DMSO control,PI3K,-5.05897651022553,-0.29273477685702065,4.21512781215782e-07,6.556865485578832e-07,MAIT
MAIT,205,Canertinib,DMSO control,TNFa,3.6460254367355445,0.2102204908932621,0.0002663276247694772,0.0003728586746772681,MAIT
MAIT,206,Canertinib,DMSO control,p53,2.608393315060907,0.14500809718156704,0.00909683631394474,0.011577791672293307,MAIT
MAIT,207,Canertinib,DMSO control,Trail,2.349291118207938,0.128856364432552,0.018809194337434068,0.02194406006033975,MAIT
MAIT,208,Canertinib,DMSO control,NFkB,2.1653016450885496,0.11568184025922656,0.030364592475242844,0.03270033035795383,MAIT
MAIT,209,Canertinib,DMSO control,Androgen,0.8423879733378392,0.07715679145565879,0.39957082265789645,0.39957082265789645,MAIT
MAIT,210,Afatinib,DMSO control,TNFa,6.421010009479905,0.4281176293859521,1.3537312558821197e-10,1.8952237582349676e-09,MAIT
MAIT,211,Afatinib,DMSO control,WNT,5.948173897639913,0.24641012236226753,2.711504432144677e-09,1.898053102501274e-08,MAIT
MAIT,212,Afatinib,DMSO control,NFkB,5.662526793447565,0.4405577438608086,1.491600770063834e-08,6.960803593631225e-08,MAIT
MAIT,213,Afatinib,DMSO control,VEGF,-5.1605091252822755,-0.309374477518479,2.462791571720804e-07,8.619770501022815e-07,MAIT
MAIT,214,Afatinib,DMSO control,JAK-STAT,5.075336940560471,0.2772439522712688,3.8680994616990954e-07,1.0830678492757467e-06,MAIT
MAIT,215,Afatinib,DMSO control,TGFb,-4.994672475921436,-0.23530037011811086,5.893570054291248e-07,1.3751663460012914e-06,MAIT
MAIT,216,Afatinib,DMSO control,p53,3.2698764231985367,0.18258072328124042,0.001075944771341797,0.002151889542683594,MAIT
MAIT,217,Afatinib,DMSO control,Estrogen,-2.5749757851757895,-0.13865225059990793,0.01002471046293044,0.01754324331012827,MAIT
MAIT,218,Afatinib,DMSO control,PI3K,2.1540970785003526,0.144447716053354,0.03123255961233652,0.04823608170253119,MAIT
MAIT,219,Afatinib,DMSO control,EGFR,2.1147138398824707,0.12937522205496266,0.03445434407323657,0.04823608170253119,MAIT
MAIT,220,Afatinib,DMSO control,Androgen,-1.0148301396866852,-0.06190724732972841,0.31018680398640985,0.39478320507361253,MAIT
MAIT,221,Afatinib,DMSO control,MAPK,-0.7213538374558426,-0.04099999898104145,0.4706918408087388,0.5491404809435286,MAIT
MAIT,222,Afatinib,DMSO control,Hypoxia,0.5059322671845369,0.04314193182502857,0.6129041995125264,0.6269647557085698,MAIT
MAIT,223,Afatinib,DMSO control,Trail,0.486003399450187,0.03778700441253913,0.6269647557085698,0.6269647557085698,MAIT
MAIT,224,Baricitinib,DMSO control,JAK-STAT,-2.7194543276507397,-0.14693447763861117,0.006538972461239593,0.0915456144573543,MAIT
MAIT,225,Baricitinib,DMSO control,p53,2.172134020739437,0.10692195176205654,0.02984555553880242,0.1909060370895678,MAIT
MAIT,226,Baricitinib,DMSO control,Estrogen,-2.0444568449950986,-0.10423775584905792,0.0409084365191931,0.1909060370895678,MAIT
MAIT,227,Baricitinib,DMSO control,TGFb,-1.888278230745218,-0.10348876710036785,0.05898860822032632,0.20646012877114212,MAIT
MAIT,228,Baricitinib,DMSO control,EGFR,-1.3161639895242163,-0.12664661074457872,0.18811900734216624,0.5044766631352611,MAIT
MAIT,229,Baricitinib,DMSO control,MAPK,-1.2366843683258348,-0.10162307899702117,0.21620428420082616,0.5044766631352611,MAIT
MAIT,230,Baricitinib,DMSO control,TNFa,1.0962626469082866,0.03361970432885375,0.27296385090574504,0.531799217508403,MAIT
MAIT,231,Baricitinib,DMSO control,NFkB,1.0281372573096739,0.007527861377761624,0.30388526714765884,0.531799217508403,MAIT
MAIT,232,Baricitinib,DMSO control,PI3K,0.6057134979958277,0.04099998457092006,0.544705019192637,0.847318918744102,MAIT
MAIT,233,Baricitinib,DMSO control,VEGF,-0.4407295612808203,-0.03902643432560504,0.6594087929915979,0.891472275347437,MAIT
MAIT,234,Baricitinib,DMSO control,Hypoxia,-0.3749213618046095,-0.036185971371999415,0.7077189515438852,0.891472275347437,MAIT
MAIT,235,Baricitinib,DMSO control,WNT,0.3000761208510317,0.013529283769154937,0.764119093154946,0.891472275347437,MAIT
MAIT,236,Baricitinib,DMSO control,Androgen,-0.1033466794591198,0.004625911084199519,0.9176878290783804,0.9829918662197683,MAIT
MAIT,237,Baricitinib,DMSO control,Trail,-0.02131814912609646,-0.00789783262247501,0.9829918662197683,0.9829918662197683,MAIT
