,Name,Term,ES,NES,NOM p-val,FDR q-val,FWER p-val,Tag %,Gene %,Lead_genes,cell_type,comparison,gene_set
0,prerank,Spermatogenesis,-0.6716519446596092,-1.6817172800480835,0.0035671819262782403,0.0616455949085305,0.058,9/15,19.67%,MAP7;MAST2;PARP2;IDE;BRAF;PSMG1;TOPBP1;MTOR;CDK1,CD4 Central Memory,Afatinib_vs._Afatinib dimaleate,Hallmark
1,prerank,Epithelial Mesenchymal Transition,-0.5314836937385478,-1.5148464075890087,0.020562770562770564,0.24350009988869548,0.371,8/31,9.50%,VEGFA;COL1A1;TPM1;GPC1;ITGA2;TGFBI;PLAUR;MEST,CD4 Central Memory,Afatinib_vs._Afatinib dimaleate,Hallmark
2,prerank,Glycolysis,-0.4952872374033706,-1.4767684968801698,0.022316684378320937,0.24760980621593082,0.499,14/40,19.67%,VEGFA;SLC25A13;SLC37A4;GPC1;TGFBI;GALE;PGAM1;ECD;GFPT1;IER3;SLC35A3;PMM2;AGL;CDK1,CD4 Central Memory,Afatinib_vs._Afatinib dimaleate,Hallmark
3,prerank,Interferon Alpha Response,0.3421958585562065,1.431281349553266,0.012987012987012988,0.06957109084768659,0.1,7/36,7.11%,LAMP3;OAS1;IFITM1;MX1;IRF2;SELL;IFIH1,CD4 Central Memory,Afatinib_vs._Afatinib dimaleate,Hallmark
4,prerank,Pperoxisome,-0.5326857134990306,-1.4114081485185428,0.052691867124856816,0.34958189446045834,0.71,13/20,29.69%,TOP2A;ITGB1BP1;IDE;HRAS;MSH2;SMARCC1;ACAA1;ABCC5;FIS1;CAT;ABCB1;MVP;CDK7,CD4 Central Memory,Afatinib_vs._Afatinib dimaleate,Hallmark
5,prerank,PI3K/AKT/mTOR  Signaling,-0.4687070745337239,-1.4023067999347747,0.02872340425531915,0.3078170039099289,0.751,21/40,35.45%,NFKBIB;CDK2;CLTC;FASLG;NCK1;TBK1;HRAS;STAT2;CDK1;MAPK9;PAK4;CDKN1B;RAF1;MYD88;CDK4;TIAM1;SMAD2;TRIB3;NOD1;CAB39;VAV3,CD4 Central Memory,Afatinib_vs._Afatinib dimaleate,Hallmark
6,prerank,KRAS Signaling Up,-0.4382451556018606,-1.2954558409993688,0.0989247311827957,0.6246753617397758,0.967,7/44,7.33%,MAP7;FCER1G;CLEC4A;DUSP6;LAT2;ITGA2;PLAUR,CD4 Central Memory,Afatinib_vs._Afatinib dimaleate,Hallmark
7,prerank,Coagulation,-0.4892136789386534,-1.2596055023027277,0.16800920598388952,0.7005581535676573,0.99,6/17,14.06%,PRSS23;CLU;DUSP6;ITGA2;CSRP1;DUSP14,CD4 Central Memory,Afatinib_vs._Afatinib dimaleate,Hallmark
8,prerank,Fatty Acid Metabolism,-0.461836458884636,-1.248700613414399,0.1780821917808219,0.6655155683666771,0.992,11/22,39.87%,BPHL;HADH;DECR1;PCBD1;ACAA1;HMGCS1;ECH1;UGDH;BLVRA;CRYZ;PSME1,CD4 Central Memory,Afatinib_vs._Afatinib dimaleate,Hallmark
9,prerank,Estrogen Response Late,-0.4162360118318531,-1.2295491251971067,0.17003188097768332,0.6727360940666115,0.996,7/34,9.50%,PRSS23;TOP2A;ETFB;MAPK13;GALE;FDFT1;MEST,CD4 Central Memory,Afatinib_vs._Afatinib dimaleate,Hallmark
10,prerank,Hypoxia,-0.40609952684217165,-1.225259658526327,0.16911764705882354,0.6212848540198065,0.996,10/46,13.39%,VEGFA;GAA;SLC37A4;GPC1;TGFBI;PLAUR;FOSL2;PGM1;BNIP3L;IER3,CD4 Central Memory,Afatinib_vs._Afatinib dimaleate,Hallmark
11,prerank,Myogenesis,-0.47217728858395847,-1.2060615811044493,0.2208092485549133,0.636070456556201,0.999,4/17,7.18%,GAA;CLU;COL1A1;RB1,CD4 Central Memory,Afatinib_vs._Afatinib dimaleate,Hallmark
12,prerank,IL-6/JAK/STAT3 Signaling,-0.40255011404245755,-1.161257647539623,0.24570815450643776,0.7475384571477497,1.0,12/36,27.67%,IL18R1;IL1R1;CD38;TNF;IL3RA;STAT2;TYK2;ITGA4;FAS;TLR2;MYD88;IL4R,CD4 Central Memory,Afatinib_vs._Afatinib dimaleate,Hallmark
13,prerank,Apoptosis,-0.3686603367728085,-1.1593651258513622,0.24563206577595068,0.6969113537223358,1.0,15/65,15.63%,CLU;CDK2;TOP2A;DNM1L;PTK2;CD38;FASLG;BNIP3L;TNF;TNFSF10;IER3;DFFA;IFITM3;LGALS3;PSEN1,CD4 Central Memory,Afatinib_vs._Afatinib dimaleate,Hallmark
14,prerank,Adipogenesis,-0.43005596377348704,-1.1512034098554251,0.2857142857142857,0.6745789385704908,1.0,6/23,17.80%,HADH;ETFB;DNAJC15;PGM1;DECR1;ACLY,CD4 Central Memory,Afatinib_vs._Afatinib dimaleate,Hallmark
15,prerank,DNA Repair,-0.3926502230205702,-1.1120065592986814,0.3142857142857143,0.7594737292730958,1.0,9/30,22.44%,DDB2;MPC2;VPS28;PRIM1;ADA;RAE1;POLR1C;GTF2A2;NUDT9,CD4 Central Memory,Afatinib_vs._Afatinib dimaleate,Hallmark
16,prerank,Apical Junction,-0.37182213025011474,-1.1034715830140898,0.3411764705882353,0.7424441336796141,1.0,8/38,14.73%,HADH;ITGA2;TGFBI;MPZL1;MAPK13;PTK2;CTNND1;HRAS,CD4 Central Memory,Afatinib_vs._Afatinib dimaleate,Hallmark
17,prerank,Cholesterol Homeostasis,-0.4040822607858331,-1.0860336240152086,0.364367816091954,0.7552794113450054,1.0,10/22,34.70%,CLU;PLAUR;FDFT1;LGALS3;ATF5;CXCL16;PLSCR1;HMGCS1;TRIB3;ECH1,CD4 Central Memory,Afatinib_vs._Afatinib dimaleate,Hallmark
18,prerank,Estrogen Response Early,0.262592136526637,1.051048789847225,0.40476190476190477,0.37318473488686255,0.663,4/31,3.59%,MINDY1;PEX11A;EGR3;IGF1R,CD4 Central Memory,Afatinib_vs._Afatinib dimaleate,Hallmark
19,prerank,Mitotic Spindle,-0.3612066449172115,-1.03777656126556,0.44733984799131377,0.8730271982647907,1.0,15/31,36.28%,TOP2A;PCM1;NCK2;NCK1;CDK1;CEP57;TIAM1;KIF20B;SMC1A;ECT2;ARHGEF2;SMC3;HDAC6;KIF23;RASA1,CD4 Central Memory,Afatinib_vs._Afatinib dimaleate,Hallmark
20,prerank,E2F Targets,-0.3036492163473531,-0.9727298648163323,0.5651282051282052,1.0,1.0,30/70,40.09%,CDCA8;TOP2A;CHEK1;TIMELESS;HELLS;CHEK2;ZW10;TMPO;ATAD2;CCP110;TIPIN;MSH2;CDK1;PSIP1;NUP107;DNMT1;CDKN1B;CDK4;ANP32E;TFRC;MCM6;SMC1A;UBE2T;MCM3;SMC3;CDKN1A;ILF3;HMGB2;RPA1;MTHFD2,CD4 Central Memory,Afatinib_vs._Afatinib dimaleate,Hallmark
21,prerank,Complement,-0.3004450062295383,-0.9550912696038649,0.5696594427244582,1.0,1.0,19/63,29.09%,ITGAM;FCER1G;CLU;DUSP6;PLAUR;CSRP1;DOCK9;PIK3CG;LGALS3;PSEN1;GZMK;PIK3CA;CD46;CR1;CBLB;PRCP;RAF1;CEBPB;PLSCR1,CD4 Central Memory,Afatinib_vs._Afatinib dimaleate,Hallmark
22,prerank,Androgen Response,-0.3657795218725426,-0.9486236282457701,0.5647058823529412,0.9970441100324944,1.0,2/18,8.75%,MAP7;APPBP2,CD4 Central Memory,Afatinib_vs._Afatinib dimaleate,Hallmark
23,prerank,p53 Pathway,-0.30609901853625104,-0.9451743974113749,0.5843881856540084,0.9611575672821713,1.0,20/53,37.92%,RAD9A;DDB2;RB1;TNFSF9;ADA;IER3;HRAS;CCP110;ABHD4;FOS;ABCC5;ELP1;FAS;RALGDS;S100A4;TRIB3;IRAK1;FOXO3;CD81;CDKN1A,CD4 Central Memory,Afatinib_vs._Afatinib dimaleate,Hallmark
24,prerank,Unfolded Protein Response,-0.30572548515346887,-0.8728191824948486,0.6853303471444568,1.0,1.0,14/29,41.59%,FKBP14;VEGFA;POP4;HERPUD1;EIF4G1;CEBPB;CNOT4;CNOT2;DDX10;ERO1A;ATF6;TATDN2;MTHFD2;EIF4EBP1,CD4 Central Memory,Afatinib_vs._Afatinib dimaleate,Hallmark
25,prerank,UV Response Dn,-0.3057002058280065,-0.868132133783315,0.7039106145251397,1.0,1.0,15/28,44.73%,COL1A1;TENT4A;ACVR2A;AKT3;ID1;PRKCE;CDKN1B;MAP2K5;MAPK14;ATP2C1;RUNX1;RXRA;PIK3CD;SMAD7;INSIG1,CD4 Central Memory,Afatinib_vs._Afatinib dimaleate,Hallmark
26,prerank,G2-M Checkpoint,-0.2791009617567005,-0.8619424974654398,0.7382198952879581,1.0,1.0,20/55,38.44%,MNAT1;TOP2A;CHEK1;CCNF;TENT4A;TMPO;SMARCC1;CDK1;ATF5;CDKN1B;CDK4;KIF20B;MCM6;SMC1A;MCM3;MAPK14;KIF23;MTF2;ILF3;HIF1A,CD4 Central Memory,Afatinib_vs._Afatinib dimaleate,Hallmark
27,prerank,heme Metabolism,-0.3208330522880989,-0.8569489362947375,0.6941309255079007,0.9960505546566794,1.0,11/22,37.02%,HEBP1;XPO7;BNIP3L;TRAK2;CAT;SLC25A37;TFRC;ABCB6;FOXO3;PSMD9;BLVRA,CD4 Central Memory,Afatinib_vs._Afatinib dimaleate,Hallmark
28,prerank,Oxidative Phosphorylation,-0.3075480508313232,-0.8268929194673245,0.746119733924612,1.0,1.0,6/24,22.74%,ETFB;OXA1L;DECR1;TIMM9;VDAC1;ACAA1,CD4 Central Memory,Afatinib_vs._Afatinib dimaleate,Hallmark
29,prerank,Xenobiotic Metabolism,-0.28666205252329513,-0.7936836309567032,0.7809734513274337,1.0,1.0,2/27,3.81%,BPHL;IL1R1,CD4 Central Memory,Afatinib_vs._Afatinib dimaleate,Hallmark
30,prerank,Interferon Gamma Response,-0.22474568087340027,-0.7212269489851304,0.9282786885245902,1.0,1.0,30/79,40.24%,IRF5;CD38;PSME2;TNFSF10;IL15;IFITM3;STAT2;ST3GAL5;FAS;IFITM2;MYD88;STAT4;IL4R;PTPN6;PLSCR1;MVP;IFI35;ARID5B;NOD1;NAMPT;NCOA3;JAK2;CD69;NLRC5;CDKN1A;HIF1A;PTPN1;PSME1;MTHFD2;CASP8,CD4 Central Memory,Afatinib_vs._Afatinib dimaleate,Hallmark
31,prerank,Inflammatory Response,-0.22893201803316054,-0.7160980446409391,0.9079627714581179,1.0,1.0,11/61,15.78%,IL18R1;NOD2;IL1R1;PLAUR;OSM;TNFSF9;TNFSF10;IL15;ACVR2A;PSEN1;C3AR1,CD4 Central Memory,Afatinib_vs._Afatinib dimaleate,Hallmark
32,prerank,mTORC1 Signaling,-0.2307278766354803,-0.7015435073977319,0.9162303664921466,1.0,1.0,19/52,41.74%,NFKBIB;SLC37A4;CCNF;PGM1;TBK1;PSMG1;ACLY;CFP;HMGCS1;TFRC;TES;TRIB3;NAMPT;CORO1A;ERO1A;CDKN1A;RPA1;MTHFD2;NFIL3,CD4 Central Memory,Afatinib_vs._Afatinib dimaleate,Hallmark
33,prerank,Allograft Rejection,-0.20381573993497035,-0.6636783479224301,0.9563451776649746,1.0,1.0,22/87,29.32%,IFNG;TLR6;CCR5;DYRK3;FASLG;NCK1;CD79A;TNF;IL15;ACVR2A;CD80;IKBKB;IL18RAP;AARS1;PRF1;FAS;TLR2;STAT4;IL4R;PTPN6;CFP;TAP2,CD4 Central Memory,Afatinib_vs._Afatinib dimaleate,Hallmark
34,prerank,IL-2/STAT5 Signaling,-0.20142849660014284,-0.6344686643350582,0.9640287769784173,1.0,1.0,23/62,42.71%,IL18R1;IKZF2;RNH1;TNFSF10;IL3RA;IFITM3;TNFRSF18;IGF2R;CTLA4;PRAF2;TNFRSF4;IL4R;TIAM1;ABCB1;PLSCR1;PRKCH;NCOA3;EOMES;CD81;CST7;NFIL3;CCND2;CCR4,CD4 Central Memory,Afatinib_vs._Afatinib dimaleate,Hallmark
35,prerank,UV Response Up,-0.21599904165079306,-0.6322661686569744,0.9445048966267682,0.9995651903844959,1.0,3/35,7.93%,CDK2;POLG2;PARP2,CD4 Central Memory,Afatinib_vs._Afatinib dimaleate,Hallmark
36,prerank,Myc Targets V1,-0.2056706125668239,-0.5632119178574866,0.9631284916201117,1.0,1.0,8/24,37.47%,CDK2;RNPS1;SMARCC1;VDAC1;CDK4;MCM6;PWP1;HDAC2,CD4 Central Memory,Afatinib_vs._Afatinib dimaleate,Hallmark
37,prerank,TNF-alpha Signaling via NF-kB,-0.15790505492328455,-0.5125192370717695,0.9948875255623721,0.9898684323182739,1.0,8/79,14.29%,VEGFA;PLAUR;FOSL2;TNFSF9;TNF;IER3;DUSP4;F2RL1,CD4 Central Memory,Afatinib_vs._Afatinib dimaleate,Hallmark
0,prerank,Glycolysis,0.42629867237458036,1.5747524710629124,0.008620689655172414,0.4005062160351373,0.222,14/40,14.96%,IGFBP3;HMMR;GNPDA1;NT5E;CDK1;FKBP4;ISG20;AURKA;STMN1;NSDHL;GLRX;G6PD;MIF;IER3,CD4 Central Memory,Baricitinib_vs._Baricitinib phosphate,Hallmark
1,prerank,Interferon Alpha Response,0.42731932431942465,1.5166175796824801,0.024930747922437674,0.2925630908955557,0.308,14/36,19.97%,LAMP3;OAS1;PSME2;TXNIP;ISG20;SELL;ISG15;PSMB9;UBE2L6;IFITM2;ELF1;MX1;IFIT2;IFI35,CD4 Central Memory,Baricitinib_vs._Baricitinib phosphate,Hallmark
2,prerank,Cholesterol Homeostasis,0.41001911403599,1.3008747163141583,0.11479591836734694,0.7434427653291645,0.741,4/22,3.89%,TNFRSF12A;CLU;FDFT1;ALDOC,CD4 Central Memory,Baricitinib_vs._Baricitinib phosphate,Hallmark
3,prerank,Inflammatory Response,0.29658303322804386,1.18850284205201,0.17592592592592593,0.9927045336112558,0.905,17/61,17.50%,LAMP3;MYC;CD40;ACVR2A;ACVR1B;IL1R1;ICAM1;C3AR1;IL15RA;SELL;HIF1A;IL10RA;NLRP3;IL2RB;TNFRSF1B;TLR3;OSM,CD4 Central Memory,Baricitinib_vs._Baricitinib phosphate,Hallmark
4,prerank,Apical Junction,-0.3502807737264878,-1.138645095641216,0.2727272727272727,1.0,0.998,8/38,11.29%,MAP4K2;CTNND1;PTK2;MPZL1;JAM3;SRC;STX4;GNAI2,CD4 Central Memory,Baricitinib_vs._Baricitinib phosphate,Hallmark
5,prerank,Pperoxisome,-0.40685372606960835,-1.1377406366009624,0.2852512155591572,1.0,0.998,12/20,38.00%,PEX11A;IDE;ABCC5;CAT;ECH1;HSD17B11;FIS1;SMARCC1;ITGB1BP1;MSH2;MVP;TOP2A,CD4 Central Memory,Baricitinib_vs._Baricitinib phosphate,Hallmark
6,prerank,Apoptosis,0.2873825496499423,1.137351940696161,0.2204968944099379,1.0,0.956,14/65,14.96%,TNFRSF12A;TIMP2;CLU;CASP7;TXNIP;ISG20;LEF1;FEZ1;EGR3;WEE1;APP;CD2;CDC25B;IER3,CD4 Central Memory,Baricitinib_vs._Baricitinib phosphate,Hallmark
7,prerank,heme Metabolism,-0.379387952016247,-1.1184262601201982,0.3074433656957929,1.0,1.0,8/22,24.01%,TFRC;CAT;ARHGEF12;XPO7;NNT;FBXO7;BLVRA;BNIP3L,CD4 Central Memory,Baricitinib_vs._Baricitinib phosphate,Hallmark
8,prerank,Estrogen Response Early,0.33280556943296247,1.10654415038988,0.2892561983471074,0.9692548202188641,0.971,7/31,9.12%,MYC;MUC1;FDFT1;MINDY1;MICB;FKBP4;EGR3,CD4 Central Memory,Baricitinib_vs._Baricitinib phosphate,Hallmark
9,prerank,p53 Pathway,-0.31309361707804606,-1.0991796009259602,0.32633053221288516,1.0,1.0,20/53,31.11%,CDK5R1;ELP1;RAD51C;CCP110;CGRRF1;ZBTB16;CDKN1A;FOS;ABCC5;RB1;JUN;FAS;IRAK1;ADA;COQ8A;IER5;RAD9A;DDIT4;RALGDS;SOCS1,CD4 Central Memory,Baricitinib_vs._Baricitinib phosphate,Hallmark
10,prerank,G2-M Checkpoint,0.2771587818279432,1.06949013111783,0.31974921630094044,0.9835054396954197,0.983,12/55,11.67%,MYC;HMMR;KIF11;CDK1;AURKA;NDC80;NUSAP1;JPT1;MCM2;HIF1A;CKS2;STMN1,CD4 Central Memory,Baricitinib_vs._Baricitinib phosphate,Hallmark
11,prerank,Estrogen Response Late,0.2960118831801993,1.0188172759629683,0.45244956772334294,1.0,0.994,8/34,9.50%,FDFT1;ETFB;BATF;MICB;FKBP4;ISG20;EGR3;UGDH,CD4 Central Memory,Baricitinib_vs._Baricitinib phosphate,Hallmark
12,prerank,Spermatogenesis,-0.3799567032558842,-0.988417574622124,0.4810126582278481,1.0,1.0,5/15,14.21%,JAM3;EZH2;IDE;BRAF;TOPBP1,CD4 Central Memory,Baricitinib_vs._Baricitinib phosphate,Hallmark
13,prerank,Interferon Gamma Response,0.2353397569375939,0.987741628037802,0.4740484429065744,1.0,0.998,19/79,14.81%,CD40;CASP7;PSME2;MTHFD2;CD274;TXNIP;STAT3;ICAM1;IL15RA;ISG20;IRF5;IRF4;HIF1A;ISG15;IL10RA;PSMB9;UBE2L6;IFITM2;IL2RB,CD4 Central Memory,Baricitinib_vs._Baricitinib phosphate,Hallmark
14,prerank,Complement,0.2350918181294654,0.9423152075333676,0.5666666666666667,1.0,1.0,12/63,12.64%,TIMP2;CLU;F5;CASP7;APOBEC3G;S100A13;CASP10;CALM3;CEBPB;LIPA;PSMB9;CBLB,CD4 Central Memory,Baricitinib_vs._Baricitinib phosphate,Hallmark
15,prerank,IL-2/STAT5 Signaling,0.2271852146185162,0.9067017241626821,0.6578171091445427,1.0,1.0,11/62,11.59%,MYC;MUC1;NT5E;BATF;CTLA4;CD79B;IRF4;SELL;PRAF2;PRKCH;IL10RA,CD4 Central Memory,Baricitinib_vs._Baricitinib phosphate,Hallmark
16,prerank,Epithelial Mesenchymal Transition,-0.289097650272533,-0.9045321341069265,0.6048387096774194,1.0,1.0,5/31,3.96%,COL1A1;LOXL1;MEST;TPM1;THBS1,CD4 Central Memory,Baricitinib_vs._Baricitinib phosphate,Hallmark
17,prerank,Myogenesis,0.30680449905629154,0.902846399676096,0.5971896955503513,1.0,1.0,2/17,1.80%,IGFBP3;CLU,CD4 Central Memory,Baricitinib_vs._Baricitinib phosphate,Hallmark
18,prerank,Hypoxia,-0.2568770473220753,-0.8992723061779354,0.6303030303030303,1.0,1.0,13/46,24.01%,TGFB3;TIPARP;JMJD6;CDKN1A;FOSL2;DUSP1;FOS;ZFP36;JUN;GAA;PLAUR;NFIL3;BNIP3L,CD4 Central Memory,Baricitinib_vs._Baricitinib phosphate,Hallmark
19,prerank,Allograft Rejection,0.21003976972353583,0.8887928715713188,0.726643598615917,1.0,1.0,20/87,16.60%,CCR2;CD40;CCR5;ACVR2A;ICAM1;ETS1;IRF4;ITGAL;HIF1A;DYRK3;NLRP3;TRAT1;CD2;CD3E;IL2RB;ITGB2;ITK;IL12RB1;CD28;TLR3,CD4 Central Memory,Baricitinib_vs._Baricitinib phosphate,Hallmark
20,prerank,Coagulation,0.28701232378395536,0.866672137010681,0.6363636363636364,0.9859514415458732,1.0,3/17,6.43%,CLU;S100A13;ITGA2,CD4 Central Memory,Baricitinib_vs._Baricitinib phosphate,Hallmark
21,prerank,IL-6/JAK/STAT3 Signaling,0.24275524719916322,0.8620820032466772,0.6978609625668449,0.9323308270676692,1.0,5/36,7.55%,TNFRSF12A;ACVR1B;IL1R1;STAT3;IL15RA,CD4 Central Memory,Baricitinib_vs._Baricitinib phosphate,Hallmark
22,prerank,KRAS Signaling Up,-0.24327882072236373,-0.8334301560004164,0.7380239520958084,1.0,1.0,5/44,6.96%,FCER1G;ATG10;ENG;LAT2;IRF8,CD4 Central Memory,Baricitinib_vs._Baricitinib phosphate,Hallmark
23,prerank,Fatty Acid Metabolism,0.26670111310459227,0.8268184815246066,0.7397590361445783,0.9517605895927939,1.0,8/22,17.80%,PCBD1;UGDH;BPHL;NSDHL;UBE2L6;HADH;MIF;LGALS1,CD4 Central Memory,Baricitinib_vs._Baricitinib phosphate,Hallmark
24,prerank,Mitotic Spindle,0.24148444896894547,0.8226189374205493,0.7642045454545454,0.9035693485314918,1.0,7/31,14.58%,KIF11;CDK1;AURKA;NDC80;NUSAP1;EPB41L2;ARHGEF2,CD4 Central Memory,Baricitinib_vs._Baricitinib phosphate,Hallmark
25,prerank,E2F Targets,-0.22005192286194417,-0.8131748609311221,0.8014492753623188,1.0,1.0,19/70,23.26%,PAICS;UBE2T;RAD51C;CCP110;TFRC;CDKN1A;EZH2;ZW10;MCM4;NCAPD2;MCM5;TIPIN;SUV39H1;MCM3;TIMELESS;MCM6;PSIP1;NASP;TMPO,CD4 Central Memory,Baricitinib_vs._Baricitinib phosphate,Hallmark
26,prerank,TNF-alpha Signaling via NF-kB,-0.2115006531573725,-0.7994236893707252,0.8438395415472779,1.0,1.0,22/79,27.60%,TLR2;SLC2A6;REL;TIPARP;CDKN1A;FOSL2;DUSP1;FOS;BIRC2;ZFP36;JUN;CSF1;NFKB1;CCL4;PLAUR;NFIL3;DUSP2;SMAD3;IFIH1;NFKB2;IER5;FOSB,CD4 Central Memory,Baricitinib_vs._Baricitinib phosphate,Hallmark
27,prerank,Unfolded Protein Response,-0.247750937530358,-0.7773490713597525,0.7996918335901386,1.0,1.0,6/29,18.47%,DDX10;FKBP14;ATF6;WFS1;EIF4EBP1;SLC1A4,CD4 Central Memory,Baricitinib_vs._Baricitinib phosphate,Hallmark
28,prerank,Adipogenesis,-0.2605338338006721,-0.7579246255701025,0.8307692307692308,1.0,1.0,9/23,28.50%,DLD;SLC5A6;DECR1;CAT;ECH1;IFNGR1;VEGFB;DNAJC15;CHUK,CD4 Central Memory,Baricitinib_vs._Baricitinib phosphate,Hallmark
29,prerank,Myc Targets V1,-0.25051937168444,-0.7423562268604271,0.8359621451104101,1.0,1.0,7/24,22.59%,HDAC2;MCM4;MCM5;PSMD7;MCM6;SLC25A3;TFDP1,CD4 Central Memory,Baricitinib_vs._Baricitinib phosphate,Hallmark
30,prerank,Oxidative Phosphorylation,-0.2443427672247082,-0.7274906485164481,0.8483870967741935,1.0,1.0,11/24,33.13%,DLD;DECR1;ECH1;SUPV3L1;NNT;HSD17B10;SLC25A3;TIMM9;ATP6V0B;OXA1L;CYCS,CD4 Central Memory,Baricitinib_vs._Baricitinib phosphate,Hallmark
31,prerank,UV Response Dn,0.20546589415290592,0.6934896136949447,0.916010498687664,1.0,1.0,5/28,13.76%,MYC;ACVR2A;RUNX1;DMAC2L;ZMIZ1,CD4 Central Memory,Baricitinib_vs._Baricitinib phosphate,Hallmark
32,prerank,Xenobiotic Metabolism,-0.22291179382882875,-0.6862076519243239,0.9136,1.0,1.0,8/27,22.96%,ABCC2;IRF8;PPARD;CAT;ECH1;FAS;NPC1;SLC35B1,CD4 Central Memory,Baricitinib_vs._Baricitinib phosphate,Hallmark
33,prerank,DNA Repair,-0.20666976111674257,-0.6417636577267565,0.9507692307692308,1.0,1.0,5/30,14.73%,NUDT9;MPC2;POLB;POLR1C;PRIM1,CD4 Central Memory,Baricitinib_vs._Baricitinib phosphate,Hallmark
34,prerank,mTORC1 Signaling,0.15910821727090865,0.6232197661190015,0.9902597402597403,1.0,1.0,9/52,15.78%,MTHFD2;EDEM1;AURKA;MCM2;GLRX;G6PD;ITGB2;MLLT11;CCNF,CD4 Central Memory,Baricitinib_vs._Baricitinib phosphate,Hallmark
35,prerank,Androgen Response,-0.21751672428165225,-0.5980078233060419,0.9626016260162602,1.0,1.0,3/18,15.26%,RRP12;HMGCR;HMGCS1,CD4 Central Memory,Baricitinib_vs._Baricitinib phosphate,Hallmark
36,prerank,PI3K/AKT/mTOR  Signaling,-0.1799097612468425,-0.5957767200072147,0.9817905918057663,0.9755362885171165,1.0,3/40,9.20%,NOD1;MAPK8;CDKN1A,CD4 Central Memory,Baricitinib_vs._Baricitinib phosphate,Hallmark
37,prerank,UV Response Up,0.16469015466418038,0.5806502571819976,0.9895287958115183,0.9833990917888782,1.0,12/35,29.62%,ICAM1;FKBP4;CREG1;SQSTM1;CDK2;POLG2;ABCB1;CLTB;PRKCD;RAB27A;ACAA1;BID,CD4 Central Memory,Baricitinib_vs._Baricitinib phosphate,Hallmark
0,prerank,Mitotic Spindle,0.4823881109396857,1.5821393406810944,0.02159827213822894,0.2905805506379342,0.287,8/31,4.71%,TOP2A;CENPE;AURKA;CENPF;NCK2;KIF23;ARHGEF12;KIF11,CD4 Central Memory,Canertinib_vs._Canertinib dihydrochloride,Hallmark
1,prerank,IL-6/JAK/STAT3 Signaling,0.4494765502785055,1.498549649119806,0.0449438202247191,0.2709236310359563,0.461,11/36,16.75%,TNFRSF12A;TNF;STAT2;IL4R;IL3RA;MYD88;IL18R1;SOCS1;TYK2;FAS;TGFB1,CD4 Central Memory,Canertinib_vs._Canertinib dihydrochloride,Hallmark
2,prerank,G2-M Checkpoint,0.3949976108199308,1.4206820772624942,0.04504504504504504,0.29115031642349876,0.636,20/55,20.27%,CDC7;TOP2A;HMMR;CENPE;AURKA;CENPF;KIF23;KIF11;MAP3K20;ILF3;TENT4A;CDK1;SMARCC1;ATF5;TGFB1;EWSR1;MCM3;PAFAH1B1;NDC80;TACC3,CD4 Central Memory,Canertinib_vs._Canertinib dihydrochloride,Hallmark
3,prerank,UV Response Dn,0.43598669732353856,1.3898610524634907,0.0963302752293578,0.2722056040534766,0.703,12/28,24.16%,ACVR2A;ID1;INPP4B;DMAC2L;DUSP1;RUNX1;TENT4A;AKT3;SMAD7;CDKN1B;MAP2K5;ATP2C1,CD4 Central Memory,Canertinib_vs._Canertinib dihydrochloride,Hallmark
4,prerank,Complement,-0.3735605444985235,-1.3424641421813899,0.06260869565217392,1.0,0.847,28/63,30.29%,HSPA1A;TIMP2;ITGAM;CTSL;PRCP;IRF2;CLU;CDK5R1;LGMN;LRP1;PLSCR1;GATA3;GZMB;CD40LG;ANXA5;PIM1;USP14;CD46;XPNPEP1;CBLB;CASP3;CD59;S100A13;CCL5;LIPA;CTSD;IRF1;CALM3,CD4 Central Memory,Canertinib_vs._Canertinib dihydrochloride,Hallmark
5,prerank,p53 Pathway,-0.3615710977805593,-1.2733834207336543,0.10472972972972973,1.0,0.934,13/53,15.56%,KLF4;ABHD4;SESN1;GADD45A;RAD51C;CDK5R1;TP53;CCND3;TXNIP;PCNA;CYFIP2;RAD9A;IER5,CD4 Central Memory,Canertinib_vs._Canertinib dihydrochloride,Hallmark
6,prerank,Unfolded Protein Response,-0.40873373207137786,-1.2649656095151451,0.16074450084602368,1.0,0.945,3/29,1.20%,EIF4EBP1;PDIA5;VEGFA,CD4 Central Memory,Canertinib_vs._Canertinib dihydrochloride,Hallmark
7,prerank,Estrogen Response Early,-0.39592881293345,-1.2450796303276646,0.1592920353982301,0.952495490078172,0.959,9/31,20.27%,KLF4;PRSS23;MINDY1;BCL2;BCL11B;PEX11A;NRIP1;XBP1;WFS1,CD4 Central Memory,Canertinib_vs._Canertinib dihydrochloride,Hallmark
8,prerank,Myc Targets V1,-0.41087056120088,-1.209738425183692,0.2222222222222222,0.9187473981220222,0.978,5/24,12.86%,HSPD1;RRM1;TFDP1;PCNA;MCM2,CD4 Central Memory,Canertinib_vs._Canertinib dihydrochloride,Hallmark
9,prerank,Interferon Alpha Response,-0.3491920366491552,-1.1369577007303016,0.2593984962406015,1.0,0.996,11/36,14.81%,CSF1;LAMP3;IFITM3;IRF2;RIPK2;PSME2;IFIH1;TXNIP;ISG15;BST2;PLSCR1,CD4 Central Memory,Canertinib_vs._Canertinib dihydrochloride,Hallmark
10,prerank,TNF-alpha Signaling via NF-kB,-0.293782805821449,-1.1248994997416633,0.25040650406504067,0.9737466382084542,0.999,15/79,12.27%,KLF4;VEGFA;NFKBIE;CSF1;TRIB1;GADD45A;CD83;CD80;RIPK2;TLR2;BCL2A1;IFIH1;TANK;ICAM1;TGIF1,CD4 Central Memory,Canertinib_vs._Canertinib dihydrochloride,Hallmark
11,prerank,Coagulation,-0.4206159550794084,-1.1015597463378053,0.3267857142857143,0.9433368795966511,0.999,6/17,16.98%,PRSS23;CLU;LGMN;LRP1;PECAM1;DUSP14,CD4 Central Memory,Canertinib_vs._Canertinib dihydrochloride,Hallmark
12,prerank,IL-2/STAT5 Signaling,-0.29076532373329256,-1.0693263066211198,0.33053691275167785,0.9479316033735757,1.0,17/62,19.75%,IKZF2;CD79B;NT5E;CSF1;CD83;IFITM3;BCL2;BCL2L1;IRF4;CCND3;TNFSF10;PLSCR1;BATF;PIM1;IGF2R;XBP1;CDC6,CD4 Central Memory,Canertinib_vs._Canertinib dihydrochloride,Hallmark
13,prerank,Fatty Acid Metabolism,-0.35725986733524917,-1.049545969018283,0.40325497287522605,0.9173042231370553,1.0,6/22,20.34%,CBR3;PCBD1;UGDH;LGALS1;CBR1;MIF,CD4 Central Memory,Canertinib_vs._Canertinib dihydrochloride,Hallmark
14,prerank,Estrogen Response Late,-0.3230221090537713,-1.044309300656336,0.3808724832214765,0.8506658705095266,1.0,10/34,20.27%,KLF4;PRSS23;GALE;UGDH;BCL2;BATF;NRIP1;XBP1;CDC6;WFS1,CD4 Central Memory,Canertinib_vs._Canertinib dihydrochloride,Hallmark
15,prerank,Interferon Gamma Response,-0.2723074868658568,-1.036550664945722,0.38860103626943004,0.8011471390906147,1.0,18/79,14.81%,CD40;ST3GAL5;KLRK1;SLAMF7;IFITM3;IRF2;RIPK2;PSME2;IRF4;IFIH1;TXNIP;ICAM1;ISG15;TNFSF10;IRF5;MVP;BST2;PLSCR1,CD4 Central Memory,Canertinib_vs._Canertinib dihydrochloride,Hallmark
16,prerank,Glycolysis,0.2963906577659933,1.0253349010229496,0.40503432494279173,1.0,0.999,11/40,16.08%,HMMR;AURKA;ECD;DDIT4;IGFBP3;SPAG4;NSDHL;ME2;SLC35A3;CDK1;AGL,CD4 Central Memory,Canertinib_vs._Canertinib dihydrochloride,Hallmark
17,prerank,Inflammatory Response,-0.2811804254832768,-1.0190551852239433,0.4112478031634446,0.7893057033165273,1.0,16/61,14.21%,CD40;OSM;NOD2;CSF1;LAMP3;LTA;TLR3;RIPK2;TLR2;ITGA5;ICAM1;ADGRE1;SLAMF1;TNFSF10;SLC11A2;BST2,CD4 Central Memory,Canertinib_vs._Canertinib dihydrochloride,Hallmark
18,prerank,Epithelial Mesenchymal Transition,-0.3294993197952484,-1.0188673085946485,0.4242957746478873,0.7334817918101141,1.0,8/31,12.64%,TPM1;VEGFA;NT5E;GADD45A;LRP1;ITGA5;PLOD3;LGALS1,CD4 Central Memory,Canertinib_vs._Canertinib dihydrochloride,Hallmark
19,prerank,Androgen Response,-0.3639949993518039,-1.0099353667479465,0.44064748201438847,0.7053795272676812,1.0,9/18,36.35%,MAP7;ZMIZ1;CCND3;CDK6;AKT1;INSIG1;MAF;TMEM50A;PTK2B,CD4 Central Memory,Canertinib_vs._Canertinib dihydrochloride,Hallmark
20,prerank,Apoptosis,-0.26968247837501547,-0.9892656757723872,0.490787269681742,0.7087515611267867,1.0,12/65,13.69%,TIMP2;PTK2;HSPB1;BCL10;GADD45A;IFITM3;CLU;BCL2L1;TXNIP;TNFSF10;CASP2;PAK1,CD4 Central Memory,Canertinib_vs._Canertinib dihydrochloride,Hallmark
21,prerank,Allograft Rejection,-0.2605799537002287,-0.9866761742023907,0.47796610169491527,0.6721538515956824,1.0,31/87,28.20%,CD40;IL16;BCL10;CSF1;CD4;CD80;TLR3;RIPK2;TLR2;KLRD1;IRF4;CCND3;ICAM1;ITGB2;CD8A;AARS1;GZMB;CD40LG;CD3G;CD7;CD96;AKT1;PTPN6;IL12RB1;ITGAL;TRAF2;CCND2;IFNAR2;NLRP3;CCL4;CCL5,CD4 Central Memory,Canertinib_vs._Canertinib dihydrochloride,Hallmark
22,prerank,Cholesterol Homeostasis,0.3249274924061806,0.9817870542609383,0.437636761487965,1.0,1.0,6/22,16.45%,TNFRSF12A;PLAUR;NSDHL;LGALS3;CXCL16;ATF5,CD4 Central Memory,Canertinib_vs._Canertinib dihydrochloride,Hallmark
23,prerank,E2F Targets,0.25364358239144,0.9746372469286352,0.5011764705882353,0.9707588059337037,1.0,7/70,5.24%,TIMELESS;TOP2A;HMMR;CENPE;AURKA;NUP107;PAICS,CD4 Central Memory,Canertinib_vs._Canertinib dihydrochloride,Hallmark
24,prerank,Spermatogenesis,-0.3633062013638436,-0.9614262820873384,0.5109090909090909,0.689578611406633,1.0,4/15,13.39%,MAP7;PARP2;JAM3;CSNK2A2,CD4 Central Memory,Canertinib_vs._Canertinib dihydrochloride,Hallmark
25,prerank,Oxidative Phosphorylation,-0.31725866943552045,-0.9545575090017469,0.521079258010118,0.6682426033630262,1.0,10/24,34.11%,ATP1B1;NNT;CYCS;GPI;ETFB;BAX;SLC25A4;ATP6V1D;DECR1;ALAS1,CD4 Central Memory,Canertinib_vs._Canertinib dihydrochloride,Hallmark
26,prerank,Apical Junction,0.2806168275809368,0.9449296524387791,0.5354523227383863,0.9429979854709726,1.0,9/38,15.71%,CDH1;MAPK11;ITGA2;AKT2;MAP3K20;CTNND1;HRAS;MAPK13;IKBKG,CD4 Central Memory,Canertinib_vs._Canertinib dihydrochloride,Hallmark
27,prerank,mTORC1 Signaling,-0.2686344727506848,-0.9286254713834498,0.5731922398589065,0.6890050418613257,1.0,13/52,19.52%,HSPD1;G6PD;TXNRD1;TMEM97;LGMN;UNG;MCM2;GLRX;ITGB2;GPI;TBK1;XBP1;PSMG1,CD4 Central Memory,Canertinib_vs._Canertinib dihydrochloride,Hallmark
28,prerank,Pperoxisome,0.3090951057475578,0.9122081646816488,0.5788288288288288,0.9290980743273032,1.0,5/20,15.41%,TOP2A;FIS1;HRAS;MSH2;SMARCC1,CD4 Central Memory,Canertinib_vs._Canertinib dihydrochloride,Hallmark
29,prerank,KRAS Signaling Up,-0.26406513618346333,-0.8965945992128651,0.6539162112932605,0.7203187672219542,1.0,7/44,13.31%,KLF4;MAP7;ENG;TRIB1;PECAM1;GLRX;ITGB2,CD4 Central Memory,Canertinib_vs._Canertinib dihydrochloride,Hallmark
30,prerank,Myogenesis,0.3099544159900152,0.8764819399804845,0.6164705882352941,0.9241316158964654,1.0,7/17,25.88%,IGFBP3;AKT2;AGL;TGFB1;NOTCH1;RB1;CDKN1A,CD4 Central Memory,Canertinib_vs._Canertinib dihydrochloride,Hallmark
31,prerank,Xenobiotic Metabolism,0.2671331112005482,0.8174331622568939,0.7461368653421634,0.9683169525669983,1.0,9/27,21.47%,BPHL;PPARD;ABHD6;ABCC2;PGRMC1;NPC1;FAS;CNDP2;IRF8,CD4 Central Memory,Canertinib_vs._Canertinib dihydrochloride,Hallmark
32,prerank,heme Metabolism,-0.28157211150954287,-0.8099137183046263,0.7481481481481481,0.843449995584692,1.0,5/22,12.72%,PPOX;HEBP1;CCND3;SLC11A2;NNT,CD4 Central Memory,Canertinib_vs._Canertinib dihydrochloride,Hallmark
33,prerank,Hypoxia,0.2110418642117851,0.7527804257973566,0.8912037037037037,1.0,1.0,7/46,12.57%,TGFB3;FOSL2;DDIT4;IGFBP3;PLAUR;DUSP1;FOS,CD4 Central Memory,Canertinib_vs._Canertinib dihydrochloride,Hallmark
34,prerank,PI3K/AKT/mTOR  Signaling,0.22152803455593784,0.7427363782780136,0.8773584905660378,0.9356430761717374,1.0,10/40,22.96%,STAT2;VAV3;MYD88;HRAS;CDK1;GSK3B;FASLG;TIAM1;NOD1;CDKN1B,CD4 Central Memory,Canertinib_vs._Canertinib dihydrochloride,Hallmark
35,prerank,DNA Repair,-0.2292098085723916,-0.7062601055586248,0.8991596638655462,0.9468000168933527,1.0,10/30,25.65%,RAD51;TP53;PCNA;POLB;GTF2A2;RPA3;FEN1;RFC2;NUDT9;MPC2,CD4 Central Memory,Canertinib_vs._Canertinib dihydrochloride,Hallmark
36,prerank,UV Response Up,-0.2076955455353737,-0.677327881328527,0.9413919413919414,0.9314029326055784,1.0,13/35,34.33%,PARP2;CREG1;CCND3;ICAM1;NFKBIA;FEN1;CASP3;SLC25A4;NR4A1;IRF1;RPN1;ALAS1;PRKACA,CD4 Central Memory,Canertinib_vs._Canertinib dihydrochloride,Hallmark
37,prerank,Adipogenesis,0.19890945351680028,0.600112943558299,0.9579439252336449,0.9762529760087907,1.0,2/23,7.85%,CHUK;ACLY,CD4 Central Memory,Canertinib_vs._Canertinib dihydrochloride,Hallmark
0,prerank,IL-6/JAK/STAT3 Signaling,-0.506462870613977,-1.4439018605178429,0.02481902792140641,0.6949838630271866,0.522,18/36,30.14%,CD38;IL18R1;IL1R1;STAT1;PTPN1;IL2RA;IRF1;IFNGR1;TNFRSF1B;IL17RA;JUN;STAT2;TNF;IL15RA;FAS;IL12RB1;ACVR1B;CSF1,CD4 Central Memory,Erlotinib_vs._Erlotinib hydrochloride,Hallmark
1,prerank,TNF-alpha Signaling via NF-kB,-0.4310127590275,-1.3075033909316416,0.041123370110330994,1.0,0.934,39/79,35.15%,TNFSF9;FOSL1;TRIB1;TNFRSF9;CCL4;ATF3;KLF4;EGR3;NFIL3;KLF9;ICAM1;CCL20;NR4A1;VEGFA;FOSB;TGIF1;IRF1;CCL5;EGR1;MYC;IER3;SLC2A6;JUN;TNF;GADD45A;REL;IL15RA;ID2;NFKBIE;CEBPD;CSF1;IFIT2;DUSP1;SMAD3;FOS;IER5;NFKBIA;NFE2L2;BCL6,CD4 Central Memory,Erlotinib_vs._Erlotinib hydrochloride,Hallmark
2,prerank,Coagulation,0.3582005758371767,1.29973739726529,0.13157894736842105,0.6154381084840055,0.154,5/17,8.53%,SH2B2;S100A13;CTSH;ANXA1;CSRP1,CD4 Central Memory,Erlotinib_vs._Erlotinib hydrochloride,Hallmark
3,prerank,Unfolded Protein Response,-0.464165783693347,-1.2870677136626778,0.10472279260780287,1.0,0.959,11/29,21.54%,ATF3;CNOT4;SHC1;VEGFA;FKBP14;EIF4EBP1;BAG3;ATF6;DDX10;PDIA5;NOLC1,CD4 Central Memory,Erlotinib_vs._Erlotinib hydrochloride,Hallmark
4,prerank,UV Response Dn,-0.4675375088709645,-1.2833785492754033,0.1111111111111111,0.8213445653957661,0.963,12/28,36.87%,ID1;MAP2K5;ZMIZ1;DMAC2L;MYC;RUNX1;INSIG1;TENT4A;DUSP1;SMAD3;TGFBR2;IGF1R,CD4 Central Memory,Erlotinib_vs._Erlotinib hydrochloride,Hallmark
5,prerank,KRAS Signaling Up,-0.43837183532387647,-1.282987399478427,0.09266802443991853,0.6592418357857885,0.963,12/44,16.31%,TRIB1;CLEC4A;IRF8;C3AR1;KLF4;PECAM1;CCL20;MAP7;TRIB2;DUSP6;ATG10;TNFRSF1B,CD4 Central Memory,Erlotinib_vs._Erlotinib hydrochloride,Hallmark
6,prerank,Inflammatory Response,-0.42190863503781706,-1.272623963124028,0.06781376518218624,0.5972047480991193,0.971,18/61,16.31%,TLR3;TNFSF9;TNFRSF9;C3AR1;OSM;IFITM1;IL18R1;ICAM1;CCL20;IL1R1;IL18RAP;CXCR6;IRF7;IRF1;SLC11A2;CCL5;MYC;TNFRSF1B,CD4 Central Memory,Erlotinib_vs._Erlotinib hydrochloride,Hallmark
7,prerank,UV Response Up,-0.4391096443666899,-1.245187157308271,0.13987473903966596,0.6298694194597044,0.989,12/35,22.51%,ATF3;POLG2;TFRC;ICAM1;NR4A1;DNAJB1;FOSB;IRF1;YKT6;CLTB;STK25;CCND3,CD4 Central Memory,Erlotinib_vs._Erlotinib hydrochloride,Hallmark
8,prerank,IL-2/STAT5 Signaling,-0.4078337749375461,-1.2327148425387322,0.11290322580645161,0.6083365242601608,0.991,20/62,25.13%,EOMES;TNFRSF9;IRF8;NT5E;NFIL3;IL18R1;PRKCH;CTLA4;IL2RA;IFNGR1;MYC;TNFRSF1B;ICOS;BATF;CDC6;CD81;BCL2L1;CCND3;PLSCR1;IRF4,CD4 Central Memory,Erlotinib_vs._Erlotinib hydrochloride,Hallmark
9,prerank,Mitotic Spindle,-0.4437945831158992,-1.2288525973095308,0.1638655462184874,0.5560873766934704,0.992,10/31,17.73%,CENPE;KIF23;CENPF;NCK2;TOP2A;AURKA;KIF20B;CDK1;CKAP5;ECT2,CD4 Central Memory,Erlotinib_vs._Erlotinib hydrochloride,Hallmark
10,prerank,Xenobiotic Metabolism,-0.446362044371079,-1.2248782424886493,0.18451749734888653,0.5160029538865489,0.993,10/27,26.55%,IRF8;ABCC2;IL1R1;PSMB10;CNDP2;CYFIP2;PGRMC1;DHRS7;ID2;FAS,CD4 Central Memory,Erlotinib_vs._Erlotinib hydrochloride,Hallmark
11,prerank,Androgen Response,-0.4535330281513449,-1.1744686326229488,0.2572658772874058,0.6549422898090914,0.997,8/18,28.87%,MAP7;RRP12;ZMIZ1;INSIG1;CCND3;PTK2B;AKT1;MAF,CD4 Central Memory,Erlotinib_vs._Erlotinib hydrochloride,Hallmark
12,prerank,Interferon Gamma Response,-0.3740070110235223,-1.1521635162889101,0.1921529175050302,0.6842281603850993,1.0,41/79,42.71%,CD38;KLRK1;SLAMF7;IRF8;PSME2;ICAM1;STAT1;PTPN1;CD274;IRF7;IRF1;PSMB10;CCL5;BST2;OAS3;STAT2;CASP7;GZMA;MX1;ISG15;PLSCR1;IRF4;IL15RA;FAS;HIF1A;IFIT2;UBE2L6;PSMB8;NFKBIA;TXNIP;NOD1;CD40;CASP8;NAMPT;PSMB9;IFI35;CD69;IFITM2;MYD88;PNP;ARID5B,CD4 Central Memory,Erlotinib_vs._Erlotinib hydrochloride,Hallmark
13,prerank,Allograft Rejection,-0.36814766833446216,-1.14457882256653,0.2058526740665994,0.659505665823701,1.0,33/87,30.22%,TLR3;GZMB;PRF1;KLRD1;CCL4;IRF8;CD8A;CCR2;TAP2;CCR5;ICAM1;STAT1;IL18RAP;IL2RA;IRF7;PSMB10;IFNGR1;CCL5;BCL10;TLR1;GZMA;CCND3;CFP;TNF;IRF4;FAS;AKT1;HIF1A;IL12RB1;IKBKB;ZAP70;CSF1;CD28,CD4 Central Memory,Erlotinib_vs._Erlotinib hydrochloride,Hallmark
14,prerank,Apoptosis,-0.35522369508568824,-1.069877987457997,0.3660262891809909,0.8979346237701907,1.0,23/65,29.39%,CD38;PRF1;ATF3;EGR3;TOP2A;PTK2;IRF1;IFNGR1;BCL10;IER3;PMAIP1;JUN;CASP7;BCL2L1;DNM1L;TNF;GADD45A;FAS;HMGB2;HSPB1;PAK1;CDC25B;TIMP2,CD4 Central Memory,Erlotinib_vs._Erlotinib hydrochloride,Hallmark
15,prerank,DNA Repair,-0.3869145978840159,-1.0657186247539068,0.4056308654848801,0.8528745692248783,1.0,10/30,27.60%,RAD51;RAE1;LIG1;POLD4;POLB;POLR2K;NUDT9;CANT1;TP53;DDB2,CD4 Central Memory,Erlotinib_vs._Erlotinib hydrochloride,Hallmark
16,prerank,p53 Pathway,-0.3575336498231908,-1.0612661646180046,0.39390862944162436,0.8142931869153766,1.0,22/53,37.25%,TNFSF9;ATF3;KLF4;ABHD4;IER3;CYFIP2;CD81;JUN;CCND3;TP53;IRAK1;COQ8A;GADD45A;FAS;DDB2;ACVR1B;FOS;IER5;RAD9A;NOTCH1;TXNIP;ABCC5,CD4 Central Memory,Erlotinib_vs._Erlotinib hydrochloride,Hallmark
17,prerank,G2-M Checkpoint,-0.3533273576833575,-1.0600158329383684,0.38640973630831643,0.7706410062520714,1.0,22/55,34.70%,HMMR;CENPE;KIF23;CENPF;TOP2A;AURKA;KIF20B;CDK1;SMARCC1;MYC;CDC6;CCNF;NOLC1;TACC3;HIF1A;CDC25B;ABL1;TENT4A;SMAD3;SUV39H1;MCM3;EWSR1,CD4 Central Memory,Erlotinib_vs._Erlotinib hydrochloride,Hallmark
18,prerank,Glycolysis,-0.35881955999662585,-1.0312417884590712,0.4597107438016529,0.8228488594715826,1.0,13/40,25.58%,HMMR;NT5E;AURKA;ECD;VEGFA;CDK1;HS2ST1;IER3;ABCB6;G6PD;COG2;PGAM1;SLC37A4,CD4 Central Memory,Erlotinib_vs._Erlotinib hydrochloride,Hallmark
19,prerank,heme Metabolism,-0.3908739308460917,-1.0292917286070482,0.453862660944206,0.7867141323030238,1.0,11/22,37.02%,HEBP1;LRP10;TFRC;SLC11A2;CCND3;ABCB6;LAMP2;SLC25A37;BNIP3L;KLF3;PPOX,CD4 Central Memory,Erlotinib_vs._Erlotinib hydrochloride,Hallmark
20,prerank,Epithelial Mesenchymal Transition,0.2337580143859685,1.0002278802504239,0.4883720930232558,1.0,0.465,5/31,5.61%,LOXL1;IGFBP3;IL15;TNFAIP3;TNFRSF12A,CD4 Central Memory,Erlotinib_vs._Erlotinib hydrochloride,Hallmark
21,prerank,Estrogen Response Early,-0.3637518876954459,-0.994925891077173,0.5219206680584552,0.8478351840708933,1.0,9/31,22.29%,MICB;KLF4;EGR3;RRP12;PRSS23;MYC;PMAIP1;CANT1;PEX11A,CD4 Central Memory,Erlotinib_vs._Erlotinib hydrochloride,Hallmark
22,prerank,Estrogen Response Late,-0.3532490825103269,-0.980702626787535,0.5518672199170125,0.8457141294239922,1.0,9/34,19.67%,MICB;MEST;KLF4;EGR3;TOP2A;PRSS23;BATF;LSR;CDC6,CD4 Central Memory,Erlotinib_vs._Erlotinib hydrochloride,Hallmark
23,prerank,Adipogenesis,-0.36920857529185996,-0.9718059852555226,0.5436170212765957,0.8299190416279196,1.0,15/23,48.99%,VEGFB;IFNGR1;DECR1;DHRS7;GADD45A;CHUK;ACLY;PGM1;SLC5A6;BCL6;DNAJC15;TANK;ECH1;DLD;HADH,CD4 Central Memory,Erlotinib_vs._Erlotinib hydrochloride,Hallmark
24,prerank,E2F Targets,-0.30715894498928925,-0.9429524671428973,0.6238716148445336,0.8669835395742311,1.0,28/70,40.31%,HMMR;CENPE;TFRC;TOP2A;AURKA;LIG1;EED;CDK1;TIMELESS;MYC;MSH2;ATAD2;PAICS;NOLC1;TP53;TACC3;HMGB2;NUP107;CDC25B;UBE2T;DNMT1;SUV39H1;MCM3;RPA1;CKS2;MCM5;NCAPD2;SMC3,CD4 Central Memory,Erlotinib_vs._Erlotinib hydrochloride,Hallmark
25,prerank,Cholesterol Homeostasis,0.24186459443964148,0.9414013508520148,0.5555555555555556,0.9075104311543812,0.512,6/22,6.88%,ALCAM;FDFT1;ANXA5;TNFRSF12A;ALDOC;TRIB3,CD4 Central Memory,Erlotinib_vs._Erlotinib hydrochloride,Hallmark
26,prerank,Interferon Alpha Response,-0.32577770704169484,-0.9404279448803411,0.6057201225740552,0.8366883649690936,1.0,19/36,41.51%,PSME2;IFITM1;IRF7;IRF1;BST2;STAT2;MX1;ISG15;PLSCR1;CSF1;SELL;IFIT2;UBE2L6;PSMB8;TXNIP;CASP8;PSMB9;IFI35;IFITM2,CD4 Central Memory,Erlotinib_vs._Erlotinib hydrochloride,Hallmark
27,prerank,Spermatogenesis,-0.37297722786395304,-0.9243501620401211,0.6161504424778761,0.8390711667851869,1.0,9/15,38.52%,AURKA;MAP7;CDK1;MTOR;JAM3;MAST2;PHKG2;PSMG1;BRAF,CD4 Central Memory,Erlotinib_vs._Erlotinib hydrochloride,Hallmark
28,prerank,Myogenesis,0.2559866351709575,0.9039554659101113,0.575,0.7466968011126565,0.547,1/17,0.37%,IGFBP3,CD4 Central Memory,Erlotinib_vs._Erlotinib hydrochloride,Hallmark
29,prerank,mTORC1 Signaling,-0.2874709886586729,-0.8457246875449176,0.763265306122449,0.9560367426457903,1.0,23/52,43.53%,MLLT11;NFIL3;TFRC;AURKA;GSK3B;TBK1;YKT6;CCNF;INSIG1;NFKBIB;G6PD;CFP;SLC37A4;ACLY;PGM1;RPA1;TXNRD1;PSMG1;NAMPT;UFM1;PNP;HSPA4;GPI,CD4 Central Memory,Erlotinib_vs._Erlotinib hydrochloride,Hallmark
30,prerank,Complement,-0.26320653321926446,-0.7980529172651668,0.8336693548387096,0.9938703815132894,1.0,14/63,24.68%,GZMB;HSPA1A;DUSP6;CASP10;LIPA;IRF7;CALM3;IRF1;CCL5;CASP7;GZMA;PLSCR1;CBLB;F5,CD4 Central Memory,Erlotinib_vs._Erlotinib hydrochloride,Hallmark
31,prerank,Oxidative Phosphorylation,-0.29207975749789045,-0.7838405100229282,0.8052356020942408,0.9784573366571069,1.0,17/24,63.35%,DECR1;CASP7;ATP1B1;VDAC1;GPI;NNT;ECH1;BAX;TOMM70;DLD;ACAA1;PDHX;CYCS;SUPV3L1;SDHB;ATP6V0B;HSD17B10,CD4 Central Memory,Erlotinib_vs._Erlotinib hydrochloride,Hallmark
32,prerank,Apical Junction,-0.27044014998683585,-0.7734608862703133,0.8435233160621761,0.9578203486189731,1.0,17/38,46.00%,MPZL1;PECAM1;ICAM1;PTK2;SHC1;CD274;INSIG1;JAM3;EPB41L2;AKT2;MAPK13;MAP4K2;RAC2;FYB1;IKBKG;GNAI2;EVL,CD4 Central Memory,Erlotinib_vs._Erlotinib hydrochloride,Hallmark
33,prerank,Pperoxisome,-0.2966054069667341,-0.7653815510380724,0.8146128680479825,0.9356408292762978,1.0,6/20,24.46%,TOP2A;SMARCC1;BCL10;MSH2;PEX11A;FIS1,CD4 Central Memory,Erlotinib_vs._Erlotinib hydrochloride,Hallmark
34,prerank,PI3K/AKT/mTOR  Signaling,-0.24751990852382388,-0.7112972535716541,0.8993839835728953,0.9548967639590549,1.0,13/40,32.91%,MAPK9;PIN1;GSK3B;CDK1;TBK1;STAT2;NFKBIB;PAK4;AKT1;ATF1;MKNK1;ECSIT;TRAF2,CD4 Central Memory,Erlotinib_vs._Erlotinib hydrochloride,Hallmark
35,prerank,Hypoxia,0.1405714367900156,0.6268480927361743,0.9375,0.9700973574408901,0.744,8/46,8.68%,IGFBP3;TES;EXT1;TNFAIP3;MAP3K1;ALDOC;S100A4;GLRX,CD4 Central Memory,Erlotinib_vs._Erlotinib hydrochloride,Hallmark
36,prerank,Fatty Acid Metabolism,-0.21093871820827276,-0.5541653482972585,0.9721030042918455,1.0,1.0,13/22,58.04%,DECR1;CRYZ;UBE2L6;ACAT2;CBR3;ECH1;DLD;HADH;BLVRA;ACAA1;HMGCS1;PSME1;LGALS1,CD4 Central Memory,Erlotinib_vs._Erlotinib hydrochloride,Hallmark
37,prerank,Myc Targets V1,-0.17726801376552692,-0.4719190498914014,0.9925053533190579,0.9948580493408457,1.0,15/24,59.39%,SMARCC1;MYC;NOLC1;PSMD7;RNPS1;VDAC1;MCM5;CDK2;TOMM70;PCNA;PWP1;CDK4;RRM1;HDAC2;C1QBP,CD4 Central Memory,Erlotinib_vs._Erlotinib hydrochloride,Hallmark
0,prerank,PI3K/AKT/mTOR  Signaling,-0.46117839688588014,-1.4609397890197233,0.03184713375796178,0.9140478668054112,0.594,13/40,18.85%,NOD1;RALB;AKT1;TRAF2;CDK2;PIN1;TRIB3;CDKN1A;DUSP3;LCK;MAPK9;SQSTM1;NCK1,CD4 Central Memory,Gefitinib_vs._Gefitinib hydrochloride,Hallmark
1,prerank,Interferon Alpha Response,-0.456939915466556,-1.437502790512379,0.050078247261345854,0.5639125910509887,0.673,8/36,10.10%,IFITM1;LAMP3;OAS1;IFI35;IFIT2;CSF1;PSME2;CD47,CD4 Central Memory,Gefitinib_vs._Gefitinib hydrochloride,Hallmark
2,prerank,Unfolded Protein Response,0.43968664696483434,1.4124631412706918,0.06716417910447761,0.7353130590339892,0.514,9/29,14.44%,VEGFA;FKBP14;DDIT4;CNOT2;HERPUD1;NOLC1;MTHFD2;SLC1A4;EIF4EBP1,CD4 Central Memory,Gefitinib_vs._Gefitinib hydrochloride,Hallmark
3,prerank,Glycolysis,0.4020615753054763,1.4078033587358663,0.04461942257217848,0.3791771019677997,0.521,8/40,8.75%,VEGFA;GALE;ABCB6;DDIT4;PGAM1;NASP;SPAG4;ECD,CD4 Central Memory,Gefitinib_vs._Gefitinib hydrochloride,Hallmark
4,prerank,Epithelial Mesenchymal Transition,0.41680208915814365,1.3831172515587582,0.05929919137466307,0.29986881335718546,0.574,3/31,0.52%,VEGFA;THBS1;LOXL1,CD4 Central Memory,Gefitinib_vs._Gefitinib hydrochloride,Hallmark
5,prerank,p53 Pathway,-0.3978182950679801,-1.3149418589309994,0.08845577211394302,0.8511134235171696,0.914,21/53,21.32%,KLF4;CTSD;RAD9A;ELP1;CDK5R1;COQ8A;CCND3;TRIB3;RALGDS;FOXO3;CDKN1A;IER3;FOS;ZBTB16;BAX;RRP8;TP53;ABCC5;MAPKAPK3;CCP110;IER5,CD4 Central Memory,Gefitinib_vs._Gefitinib hydrochloride,Hallmark
6,prerank,KRAS Signaling Up,-0.3882391418452758,-1.266013981067335,0.14241486068111456,0.8581061394380853,0.961,12/44,16.31%,KLF4;ENG;C3AR1;TRIB1;LAT2;DUSP6;FCER1G;ITGB2;GLRX;ERO1A;ST6GAL1;ETS1,CD4 Central Memory,Gefitinib_vs._Gefitinib hydrochloride,Hallmark
7,prerank,Myc Targets V1,0.3937506181056937,1.2131735209545234,0.1875,0.6010733452593917,0.887,11/24,23.86%,HDAC2;HPRT1;NOLC1;PCNA;RRM1;USP1;TOMM70;HSPD1;RNPS1;PSMD7;MYC,CD4 Central Memory,Gefitinib_vs._Gefitinib hydrochloride,Hallmark
8,prerank,G2-M Checkpoint,0.30799703669044765,1.1431571599275558,0.21098265895953758,0.6802146690518783,0.953,9/55,9.87%,KIF23;NDC80;CCNF;NUSAP1;MTF2;CENPE;NASP;ABL1;NOLC1,CD4 Central Memory,Gefitinib_vs._Gefitinib hydrochloride,Hallmark
9,prerank,Estrogen Response Early,-0.3767811422551078,-1.1322021516370466,0.27967479674796747,1.0,0.997,11/31,20.94%,WFS1;KLF4;PEX11A;MINDY1;SH3BP5;FKBP4;JAK2;BCL2;FOS;BHLHE40;MUC1,CD4 Central Memory,Gefitinib_vs._Gefitinib hydrochloride,Hallmark
10,prerank,Complement,-0.3308091803443271,-1.1238452017050198,0.27514792899408286,1.0,0.998,14/63,13.69%,LRP1;SRC;CTSD;CDK5R1;DUSP6;FCER1G;LIPA;CASP10;CR1;GZMA;S100A13;JAK2;LCK;GNAI2,CD4 Central Memory,Gefitinib_vs._Gefitinib hydrochloride,Hallmark
11,prerank,mTORC1 Signaling,0.3052445938269842,1.1228265769630064,0.25766871165644173,0.6232796660703637,0.961,12/52,12.04%,CCNF;INSIG1;DDIT4;MLLT11;NFIL3;ACLY;HPRT1;NAMPT;MTHFD2;NFKBIB;PSMG1;SLC1A4,CD4 Central Memory,Gefitinib_vs._Gefitinib hydrochloride,Hallmark
12,prerank,Allograft Rejection,-0.30165367024555406,-1.0920010925618078,0.28714285714285714,1.0,0.998,16/87,13.46%,TLR6;TLR2;CD80;PTPN6;DYRK3;AKT1;TRAF2;CSF1;CCND3;IL16;CD47;GZMA;CFP;JAK2;ITGB2;LCK,CD4 Central Memory,Gefitinib_vs._Gefitinib hydrochloride,Hallmark
13,prerank,UV Response Up,-0.34774954144253034,-1.0591069341786907,0.38562091503267976,1.0,1.0,12/35,23.86%,RAB27A;NFKBIA;CDK2;CCND3;FKBP4;TFRC;FOS;SQSTM1;RPN1;ACAA1;ALAS1;BID,CD4 Central Memory,Gefitinib_vs._Gefitinib hydrochloride,Hallmark
14,prerank,Coagulation,-0.4019427676020713,-1.0448039559270954,0.39015817223198596,1.0,1.0,4/17,11.29%,LRP1;SH2B2;DUSP6;S100A13,CD4 Central Memory,Gefitinib_vs._Gefitinib hydrochloride,Hallmark
15,prerank,Inflammatory Response,-0.2930234613208056,-1.000415507820737,0.45481927710843373,1.0,1.0,12/61,14.51%,IFITM1;TLR2;LAMP3;C3AR1;ITGA5;CSF1;NFKBIA;TNFRSF9;CDKN1A;LCK;LTA;NOD2,CD4 Central Memory,Gefitinib_vs._Gefitinib hydrochloride,Hallmark
16,prerank,Adipogenesis,-0.35478149076747423,-0.9894390667472978,0.4819672131147541,1.0,1.0,3/23,5.61%,VEGFB;SLC5A6;HADH,CD4 Central Memory,Gefitinib_vs._Gefitinib hydrochloride,Hallmark
17,prerank,Estrogen Response Late,-0.32051322878408134,-0.9879478620771995,0.4885245901639344,0.9632466181061394,1.0,9/34,16.98%,WFS1;KLF4;PTPN6;CDC6;FKBP4;JAK2;BCL2;BATF;FOS,CD4 Central Memory,Gefitinib_vs._Gefitinib hydrochloride,Hallmark
18,prerank,Interferon Gamma Response,-0.27402481072141216,-0.98409062474355,0.49791376912378305,0.899140318578404,1.0,13/79,12.64%,IRF5;PTPN6;NOD1;IFI35;IFIT1;IFIT2;CD38;NFKBIA;PSME2;GZMA;ST3GAL5;CDKN1A;JAK2,CD4 Central Memory,Gefitinib_vs._Gefitinib hydrochloride,Hallmark
19,prerank,Apoptosis,-0.2803503274314461,-0.9727785534617868,0.5265486725663717,0.8652415638471829,1.0,25/65,30.96%,BCL2L1;CD38;CDK2;CFLAR;CDC25B;SMAD7;CDKN1A;IER3;SQSTM1;BAX;GNA15;EBP;IGF2R;CLU;BID;BIRC3;CASP2;CASP3;HMGB2;CASP7;CASP8;CCND2;FASLG;PRF1;TOP2A,CD4 Central Memory,Gefitinib_vs._Gefitinib hydrochloride,Hallmark
20,prerank,Oxidative Phosphorylation,0.318075556281758,0.9675194633020103,0.5182291666666666,1.0,1.0,7/24,22.06%,SUPV3L1;NNT;HSD17B10;SLC25A4;TOMM70;TIMM9;ATP6V1D,CD4 Central Memory,Gefitinib_vs._Gefitinib hydrochloride,Hallmark
21,prerank,E2F Targets,-0.2780020846880591,-0.9651991096212976,0.5181422351233672,0.8264724245577524,1.0,23/70,27.90%,CHEK1;LIG1;CHEK2;HMMR;DCK;UBR7;CDC25B;CDKN1A;CBX5;ZW10;AURKA;TFRC;ATAD2;SMC3;TP53;CCP110;ASF1A;MCM3;MCM2;EZH2;HELLS;HMGB2;CDK4,CD4 Central Memory,Gefitinib_vs._Gefitinib hydrochloride,Hallmark
22,prerank,IL-2/STAT5 Signaling,0.24927417334657567,0.9478371133877042,0.5626822157434402,0.9499463327370304,1.0,18/62,19.82%,SPRED2;IL4R;ALCAM;NFIL3;TNFRSF4;CD79B;IL2RB;TNFRSF1B;PLSCR1;IFITM3;ABCB1;IFNGR1;ICOS;CTLA4;TIAM1;IL18R1;SELL;CD81,CD4 Central Memory,Gefitinib_vs._Gefitinib hydrochloride,Hallmark
23,prerank,Hypoxia,0.26216894047058886,0.9344877710931216,0.5865921787709497,0.8850248459550785,1.0,5/46,9.80%,VEGFA;DDIT4;NFIL3;TIPARP;TGFB3,CD4 Central Memory,Gefitinib_vs._Gefitinib hydrochloride,Hallmark
24,prerank,TNF-alpha Signaling via NF-kB,-0.2546157171922686,-0.9072073525994778,0.6306818181818182,0.9186680541103018,1.0,22/79,21.47%,TLR2;KLF4;CD80;TRIB1;IFIT2;CSF1;SLC2A6;CEBPD;NFKBIA;TNFRSF9;CFLAR;BIRC2;CDKN1A;BCL2A1;NFKBIE;IER3;FOS;SQSTM1;BHLHE40;TNIP1;IER5;F2RL1,CD4 Central Memory,Gefitinib_vs._Gefitinib hydrochloride,Hallmark
25,prerank,Apical Junction,-0.27607074087275935,-0.8660594999357926,0.6759410801963993,0.9627030666585051,1.0,11/38,21.62%,ITGA3;SRC;HADH;MAP4K2;JAM3;CTNND1;GNAI2;TGFBI;EVL;ITGA2;RAC2,CD4 Central Memory,Gefitinib_vs._Gefitinib hydrochloride,Hallmark
26,prerank,Cholesterol Homeostasis,0.2772375455334074,0.864267254832349,0.6840731070496083,0.9844579606440071,1.0,10/22,24.98%,ALCAM;NFIL3;PLSCR1;ACAT2;FDFT1;TNFRSF12A;CXCL16;ANXA5;TMEM97;HMGCS1,CD4 Central Memory,Gefitinib_vs._Gefitinib hydrochloride,Hallmark
27,prerank,Mitotic Spindle,-0.29092137159964754,-0.8633913623189426,0.7090909090909091,0.9153798126951093,1.0,11/31,22.51%,ECT2;CKAP5;KIF11;CENPF;ARFIP2;AURKA;SMC3;NCK1;PAFAH1B1;ARHGEF2;NET1,CD4 Central Memory,Gefitinib_vs._Gefitinib hydrochloride,Hallmark
28,prerank,UV Response Dn,0.27071054459158367,0.8543470543731077,0.7007481296758105,0.917092210115466,1.0,7/28,14.88%,INSIG1;AKT3;ACVR2A;TGFBR2;RUNX1;ATP2C1;RXRA,CD4 Central Memory,Gefitinib_vs._Gefitinib hydrochloride,Hallmark
29,prerank,Androgen Response,-0.31506359002000284,-0.8466276755330343,0.6866666666666666,0.8996943972835315,1.0,5/18,14.58%,ZMIZ1;AKT1;HMGCR;CCND3;MAF,CD4 Central Memory,Gefitinib_vs._Gefitinib hydrochloride,Hallmark
30,prerank,heme Metabolism,0.2805402962461357,0.843958878523075,0.6968911917098446,0.8622898032200359,1.0,6/22,18.03%,ABCB6;NNT;LRP10;ARHGEF12;XPO7;CAT,CD4 Central Memory,Gefitinib_vs._Gefitinib hydrochloride,Hallmark
31,prerank,DNA Repair,0.25441471556298323,0.820737579051452,0.7643979057591623,0.8381120132104032,1.0,9/30,14.58%,RPA3;RFC5;HPRT1;POLA1;PCNA;RFC2;CANT1;VPS28;RNMT,CD4 Central Memory,Gefitinib_vs._Gefitinib hydrochloride,Hallmark
32,prerank,IL-6/JAK/STAT3 Signaling,-0.2602330692746495,-0.8010847827504669,0.7715654952076677,0.9431175858480748,1.0,4/36,8.45%,TLR2;IL10RB;CD38;CSF1,CD4 Central Memory,Gefitinib_vs._Gefitinib hydrochloride,Hallmark
33,prerank,Xenobiotic Metabolism,-0.26739404185236915,-0.7869630391044767,0.8065040650406504,0.9227055150884496,1.0,3/27,5.46%,ABCC2;BPHL;NPC1,CD4 Central Memory,Gefitinib_vs._Gefitinib hydrochloride,Hallmark
34,prerank,Spermatogenesis,0.2795441117195791,0.7516389658292301,0.818639798488665,0.8741323792486583,1.0,7/15,31.04%,MAP7;PSMG1;IL12RB2;BRAF;CSNK2A2;MAST2;PHKG2,CD4 Central Memory,Gefitinib_vs._Gefitinib hydrochloride,Hallmark
35,prerank,Fatty Acid Metabolism,-0.26987246224603956,-0.7327280601200511,0.8378839590443686,0.9597275565225618,1.0,2/22,5.61%,BPHL;HADH,CD4 Central Memory,Gefitinib_vs._Gefitinib hydrochloride,Hallmark
36,prerank,Pperoxisome,-0.2401867511143947,-0.646175592268525,0.9356435643564357,0.9965706012758448,1.0,10/20,37.17%,PEX11A;ABCC5;ACAA1;HSD17B11;MVP;FIS1;TOP2A;SCP2;MSH2;ITGB1BP1,CD4 Central Memory,Gefitinib_vs._Gefitinib hydrochloride,Hallmark
37,prerank,Myogenesis,-0.21085444466528697,-0.5403340175942583,0.978688524590164,0.9903850156087409,1.0,6/17,26.55%,CDKN1A;FOXO4;CLU;BHLHE40;AGL;RB1,CD4 Central Memory,Gefitinib_vs._Gefitinib hydrochloride,Hallmark
0,prerank,TNF-alpha Signaling via NF-kB,-0.4888405332386036,-1.9356322663430243,0.0,0.004436919843540195,0.004,50/79,27.23%,ICAM1;CCL4;TNFSF9;TNF;NFKBIE;FOS;EGR2;ATF3;BHLHE40;TANK;NR4A1;DUSP2;NAMPT;IL23A;EGR3;IER3;FOSL2;FOSB;BCL2A1;IL15RA;TNFRSF9;ZFP36;REL;IER5;CEBPB;JUN;NFE2L2;DUSP4;CD69;CDKN1A;TLR2;RIPK2;DUSP1;NFKB2;ID2;SQSTM1;RELA;NFKB1;CD83;RELB;PLAUR;TNFAIP3;JUNB;FUT4;BIRC2;GADD45B;EGR1;FOSL1;IRF1;IL6ST,CD4 Central Memory,NVP-BSK805_vs._NVP-BSK805 2HCl,Hallmark
1,prerank,Pperoxisome,0.5812577949745132,1.617986096408191,0.022641509433962263,0.20847108427962244,0.199,11/20,22.96%,MVP;SLC25A4;IDE;MSH2;FIS1;CAT;HSD17B11;ITGB1BP1;ISOC1;ECH1;ABCC5,CD4 Central Memory,NVP-BSK805_vs._NVP-BSK805 2HCl,Hallmark
2,prerank,UV Response Up,-0.4597698176390825,-1.5506737623858986,0.017897091722595078,0.2068713877050616,0.303,18/35,27.23%,ICAM1;FOS;FKBP4;ATF3;NR4A1;TFRC;FOSB;PRKACA;DNAJB1;ABCB1;CCND3;CDK2;BID;SQSTM1;RPN1;JUNB;IRF1;IL6ST,CD4 Central Memory,NVP-BSK805_vs._NVP-BSK805 2HCl,Hallmark
3,prerank,Fatty Acid Metabolism,0.5285932771254619,1.5381551916003808,0.03832752613240418,0.212567677638829,0.369,9/22,17.43%,DECR1;BPHL;PCBD1;MIF;CBR1;HSD17B11;CRYZ;UGDH;DLD,CD4 Central Memory,NVP-BSK805_vs._NVP-BSK805 2HCl,Hallmark
4,prerank,Interferon Alpha Response,0.46327025223090185,1.5140252074158222,0.025735294117647058,0.17175346972673405,0.431,6/36,6.28%,IFITM1;PSME2;IFIT2;IFITM3;PSMB9;HERC6,CD4 Central Memory,NVP-BSK805_vs._NVP-BSK805 2HCl,Hallmark
5,prerank,Apoptosis,-0.393915906739348,-1.490356256336898,0.009478672985781991,0.2162998423725845,0.416,23/65,22.81%,CD38;TNF;FEZ1;PTK2;ATF3;EGR3;IER3;BNIP3L;GNA15;CLU;JUN;CD69;CDKN1A;SATB1;SMAD7;TNFSF10;CDK2;BID;SQSTM1;RELA;ISG20;TNFRSF12A;DNM1L,CD4 Central Memory,NVP-BSK805_vs._NVP-BSK805 2HCl,Hallmark
6,prerank,p53 Pathway,-0.40287955622025434,-1.4789553446349768,0.03508771929824561,0.17941794617315665,0.451,14/53,18.70%,TNFSF9;FOS;ATF3;IRAK1;IER3;ZBTB16;ELP1;MAPKAPK3;IER5;JUN;CDKN1A;RAD51C;CCND3;NOTCH1,CD4 Central Memory,NVP-BSK805_vs._NVP-BSK805 2HCl,Hallmark
7,prerank,Estrogen Response Late,-0.4269313360569109,-1.389421910695851,0.06595744680851064,0.26200011676104856,0.66,15/34,22.51%,MEST;FOS;FKBP4;DUSP2;CDH1;EGR3;LSR;ETFB;ZFP36;SLC1A4;NRIP1;MICB;ID2;ISG20;FDFT1,CD4 Central Memory,NVP-BSK805_vs._NVP-BSK805 2HCl,Hallmark
8,prerank,Myc Targets V1,0.43951919150040397,1.2939342652730963,0.14041745730550284,0.5628264098509894,0.907,5/24,15.93%,HDAC2;MCM2;PCNA;MCM5;NOLC1,CD4 Central Memory,NVP-BSK805_vs._NVP-BSK805 2HCl,Hallmark
9,prerank,Allograft Rejection,-0.322429538650476,-1.277378289030906,0.0975609756097561,0.40338996244186276,0.869,13/87,11.14%,CD79A;ICAM1;IRF8;IL15;CCL4;CD40;TNF;NLRP3;IL4R;IL16;IL2RA;ITGB2;KLRD1,CD4 Central Memory,NVP-BSK805_vs._NVP-BSK805 2HCl,Hallmark
10,prerank,DNA Repair,0.40896542505096023,1.2708876723287381,0.13984674329501914,0.5163528340759906,0.936,13/30,27.67%,RAD51;VPS28;RPA2;POLR2I;PCNA;RFC5;PRIM1;NUDT9;POLD3;GTF2A2;MPC2;RPA3;RBX1,CD4 Central Memory,NVP-BSK805_vs._NVP-BSK805 2HCl,Hallmark
11,prerank,Hypoxia,-0.3511439530030309,-1.2495736068626486,0.12300683371298406,0.3988474016496668,0.9,18/46,24.83%,FOS;JMJD6;ATF3;BHLHE40;TGFB3;IER3;FOSL2;BNIP3L;GPC1;ZFP36;JUN;CDKN1A;DUSP1;MAP3K1;ISG20;PLAUR;DDIT4;TNFAIP3,CD4 Central Memory,NVP-BSK805_vs._NVP-BSK805 2HCl,Hallmark
12,prerank,E2F Targets,0.3268798860714424,1.237247708586867,0.1111111111111111,0.5131362496606137,0.962,16/70,16.08%,CDCA8;ATAD2;UBE2T;UBR7;CENPE;SMC1A;MCM2;RPA2;NUP107;MSH2;PCNA;HELLS;MCM5;TACC3;NOLC1;UNG,CD4 Central Memory,NVP-BSK805_vs._NVP-BSK805 2HCl,Hallmark
13,prerank,IL-6/JAK/STAT3 Signaling,-0.35232427136857547,-1.2122434133755353,0.17248908296943233,0.4163771965672252,0.934,13/36,23.86%,CD38;TNF;IL4R;IL15RA;IL2RA;JUN;TNFRSF1B;TYK2;TLR2;IL3RA;TNFRSF12A;IL12RB1;STAT1,CD4 Central Memory,NVP-BSK805_vs._NVP-BSK805 2HCl,Hallmark
14,prerank,Coagulation,0.4405258522091573,1.2048591961694672,0.2379182156133829,0.518511673751001,0.974,5/17,10.40%,SH2B2;LRP1;ITGA2;DUSP14;CTSH,CD4 Central Memory,NVP-BSK805_vs._NVP-BSK805 2HCl,Hallmark
15,prerank,Oxidative Phosphorylation,0.38848660286847436,1.153149503429376,0.25512104283054005,0.5826266110871544,0.99,4/24,7.85%,CASP7;DECR1;SLC25A4;ATP1B1,CD4 Central Memory,NVP-BSK805_vs._NVP-BSK805 2HCl,Hallmark
16,prerank,Inflammatory Response,-0.29730257727798104,-1.1062756878016968,0.27415730337078653,0.6203060436816056,0.991,19/61,16.83%,ICAM1;IL15;NOD2;CD40;TNFSF9;OSM;NLRP3;IRAK2;NAMPT;IL4R;IL15RA;GNA15;TNFRSF9;TNFRSF1B;CD69;CDKN1A;TLR2;RGS1;RIPK2,CD4 Central Memory,NVP-BSK805_vs._NVP-BSK805 2HCl,Hallmark
17,prerank,Apical Junction,-0.32145467776795256,-1.1006017088617435,0.3076923076923077,0.5715861988440656,0.994,6/38,6.73%,ICAM1;PTK2;MAP4K2;ITGB1;INSIG1;CDH1,CD4 Central Memory,NVP-BSK805_vs._NVP-BSK805 2HCl,Hallmark
18,prerank,Myogenesis,-0.3977641089015315,-1.1005527501714123,0.3114754098360656,0.5199263343930284,0.994,6/17,18.70%,COL1A1;ITGB1;BHLHE40;CLU;CDKN1A;NOTCH1,CD4 Central Memory,NVP-BSK805_vs._NVP-BSK805 2HCl,Hallmark
19,prerank,heme Metabolism,0.37212888142652706,1.094951901728701,0.34587813620071683,0.6716390100032475,0.996,6/22,18.10%,PPOX;HEBP1;ARHGEF12;CAT;LAMP2;KLF3,CD4 Central Memory,NVP-BSK805_vs._NVP-BSK805 2HCl,Hallmark
20,prerank,G2-M Checkpoint,0.30241668315002784,1.0836737375695489,0.32228360957642727,0.633242297925351,0.996,14/55,18.25%,MNAT1;CDC6;CDC7;CENPE;SMC1A;MCM2;RPA2;CCNF;KIF23;MCM5;TACC3;NOLC1;ATF5;AURKA,CD4 Central Memory,NVP-BSK805_vs._NVP-BSK805 2HCl,Hallmark
21,prerank,Unfolded Protein Response,0.34747240969282944,1.0771556250407424,0.35700934579439253,0.5902404815729525,0.996,5/29,6.06%,VEGFA;IFIT1;EIF4EBP1;PDIA5;EXOSC4,CD4 Central Memory,NVP-BSK805_vs._NVP-BSK805 2HCl,Hallmark
22,prerank,Epithelial Mesenchymal Transition,-0.33047756297239655,-1.0566550141483315,0.37906976744186044,0.5748584272286765,0.999,6/31,9.20%,COL1A1;MEST;IL15;ITGB1;GPC1;THBS1,CD4 Central Memory,NVP-BSK805_vs._NVP-BSK805 2HCl,Hallmark
23,prerank,Estrogen Response Early,-0.29871456677379987,-0.9831476840629476,0.45962732919254656,0.6956578362381387,1.0,12/31,23.19%,FOS;FKBP4;BHLHE40;EGR3;SLC1A4;NRIP1;RRP12;MICB;PEX11A;SH3BP5;FDFT1;BCL11B,CD4 Central Memory,NVP-BSK805_vs._NVP-BSK805 2HCl,Hallmark
24,prerank,Mitotic Spindle,-0.29854395164242953,-0.9677388979672005,0.5080831408775982,0.6856625772499437,1.0,3/31,1.57%,NUSAP1;CENPF;KIF11,CD4 Central Memory,NVP-BSK805_vs._NVP-BSK805 2HCl,Hallmark
25,prerank,Adipogenesis,0.3201834299258626,0.9488862054563835,0.509469696969697,0.8544431667545079,1.0,14/23,36.05%,DECR1;BCL6;CAT;ACLY;PGM1;DLD;SQOR;ECH1;DNAJC15;DHRS7;IFNGR1;NMT1;SDHB;SCP2,CD4 Central Memory,NVP-BSK805_vs._NVP-BSK805 2HCl,Hallmark
26,prerank,KRAS Signaling Up,-0.27198719191416937,-0.9473714775784173,0.5572354211663066,0.6849125265144881,1.0,13/44,19.97%,DUSP6;IRF8;ENG;MAP7;LAT2;ITGB2;TNFRSF1B;CLEC4A;PECAM1;SATB1;ABCB1;MAP3K1;ID2,CD4 Central Memory,NVP-BSK805_vs._NVP-BSK805 2HCl,Hallmark
27,prerank,Xenobiotic Metabolism,0.3129985188696484,0.9372405847040988,0.5425925925925926,0.8165876096018398,1.0,11/27,23.86%,BPHL;TMEM97;IL1R1;ARG2;CBR1;CAT;ABCC2;UGDH;PGRMC1;ECH1;ABHD6,CD4 Central Memory,NVP-BSK805_vs._NVP-BSK805 2HCl,Hallmark
28,prerank,Androgen Response,-0.327642477658517,-0.9339667768911508,0.5389908256880734,0.671846721933563,1.0,5/18,17.50%,MAP7;INSIG1;HMGCS1;RRP12;CCND3,CD4 Central Memory,NVP-BSK805_vs._NVP-BSK805 2HCl,Hallmark
29,prerank,Spermatogenesis,0.34248279245703234,0.9095811311279163,0.5781818181818181,0.8235453157833496,1.0,6/15,20.57%,MAST2;IDE;CSNK2A2;PSMG1;AURKA;PARP2,CD4 Central Memory,NVP-BSK805_vs._NVP-BSK805 2HCl,Hallmark
30,prerank,Interferon Gamma Response,0.2391044340568463,0.898946998064662,0.6810035842293907,0.7926756424384712,1.0,9/79,6.28%,PSME2;IFIT2;IFIT1;IFITM3;PSMB9;CD274;MVP;CASP7;HERC6,CD4 Central Memory,NVP-BSK805_vs._NVP-BSK805 2HCl,Hallmark
31,prerank,UV Response Dn,0.27293956355308135,0.8417563147642643,0.6923076923076923,0.8603983996933544,1.0,6/28,13.99%,ACVR2A;ID1;INPP4B;PRKCE;ATP2C1;ZMIZ1,CD4 Central Memory,NVP-BSK805_vs._NVP-BSK805 2HCl,Hallmark
32,prerank,Complement,0.2319752468132272,0.8411004476729017,0.7656529516994633,0.8109112841629392,1.0,15/63,20.12%,LRP1;FCER1G;PSMB9;CASP7;CTSL;HSPA1A;CTSH;GZMB;LCK;LAMP2;RAF1;F5;JAK2;STX4;IRF2,CD4 Central Memory,NVP-BSK805_vs._NVP-BSK805 2HCl,Hallmark
33,prerank,PI3K/AKT/mTOR  Signaling,0.23931787668568336,0.7852749185627822,0.8188277087033747,0.8627122163129064,1.0,11/40,23.56%,CLTC;VAV3;CAB39;LCK;RAF1;MYD88;GSK3B;TIAM1;TRIB3;NOD1;MKNK1,CD4 Central Memory,NVP-BSK805_vs._NVP-BSK805 2HCl,Hallmark
34,prerank,mTORC1 Signaling,-0.21209912665257302,-0.785202450202464,0.8565217391304348,0.9225530833502179,1.0,9/52,14.44%,MLLT11;INSIG1;BHLHE40;NAMPT;HMGCS1;TFRC;ITGB2;SLC1A4;CDKN1A,CD4 Central Memory,NVP-BSK805_vs._NVP-BSK805 2HCl,Hallmark
35,prerank,IL-2/STAT5 Signaling,-0.19645564433293491,-0.7406299335901517,0.9407894736842105,0.9310753043895669,1.0,14/62,20.57%,IRF8;SPRED2;BHLHE40;TNFRSF4;IL4R;CTLA4;IL2RA;TNFRSF9;TNFRSF1B;ABCB1;IL3RA;CCND3;TNFSF10;MAPKAPK2,CD4 Central Memory,NVP-BSK805_vs._NVP-BSK805 2HCl,Hallmark
36,prerank,Glycolysis,0.2049276743883261,0.6782580967105164,0.9397590361445783,0.9384313161803459,1.0,13/40,28.20%,VEGFA;AGL;COG2;MIF;DLD;AURKA;COPB2;GFPT1;GLRX;SLC25A13;IGFBP3;ARPP19;ABCB6,CD4 Central Memory,NVP-BSK805_vs._NVP-BSK805 2HCl,Hallmark
37,prerank,Cholesterol Homeostasis,-0.18828550906860925,-0.5681548633615001,0.9775280898876404,0.9862805767995797,1.0,6/22,24.31%,ATF3;HMGCS1;CLU;TNFRSF12A;FDFT1;PLAUR,CD4 Central Memory,NVP-BSK805_vs._NVP-BSK805 2HCl,Hallmark
0,prerank,Epithelial Mesenchymal Transition,0.6203239911518361,2.174760559801242,0.0,0.0,0.0,13/31,15.03%,VEGFA;NT5E;LOXL1;GADD45B;THBS1;IGFBP3;TNFRSF12A;TGFBI;JUN;MEST;IL15;GADD45A;ID2,CD4 Central Memory,Ruxolitinib_vs._Ruxolitinib phosphate,Hallmark
1,prerank,TNF-alpha Signaling via NF-kB,0.49346206881740295,2.0711205346904107,0.0,0.002328288707799767,0.002,34/79,17.28%,VEGFA;TNFSF9;FOSL1;CCL4;NR4A1;FOSB;GADD45B;TRIB1;CEBPD;ATF3;NFIL3;ICAM1;TNFRSF9;KLF9;FOS;IER5;EGR1;RIPK2;JUN;TNF;KLF4;EGR3;MYC;CCL5;NFKBIA;NFKBIE;BCL2A1;CD83;GADD45A;ID2;IER3;F2RL1;ZFP36;DUSP1,CD4 Central Memory,Ruxolitinib_vs._Ruxolitinib phosphate,Hallmark
2,prerank,Hypoxia,0.39097720550667725,1.4939342596215595,0.021551724137931036,0.2211874272409779,0.246,17/46,19.37%,VEGFA;ATF3;NFIL3;IGFBP3;FOS;TGFBI;JUN;S100A4;FOXO3;TGFB3;IER3;ZFP36;CDKN1B;DUSP1;BTG1;BHLHE40;CXCR4,CD4 Central Memory,Ruxolitinib_vs._Ruxolitinib phosphate,Hallmark
3,prerank,IL-2/STAT5 Signaling,0.3719132731500225,1.493512661008259,0.019801980198019802,0.1670547147846333,0.248,19/62,15.11%,NT5E;IFITM3;GADD45B;NFIL3;IRF8;CCND3;TNFRSF9;CST7;SPRED2;IGF1R;MYC;IRF4;CD48;FLT3LG;SOCS2;CASP3;IFNGR1;CD83;SELL,CD4 Central Memory,Ruxolitinib_vs._Ruxolitinib phosphate,Hallmark
4,prerank,Apoptosis,0.3465894972307202,1.434658824495845,0.014492753623188406,0.2039580908032596,0.347,23/65,17.20%,IFITM3;GADD45B;ATF3;PRF1;PTK2;FEZ1;TNFRSF12A;JUN;TNF;PMAIP1;EGR3;HMGB2;CASP7;HSPB1;CASP3;IFNGR1;TXNIP;GADD45A;SMAD7;IER3;IGF2R;PAK1;CDKN1B,CD4 Central Memory,Ruxolitinib_vs._Ruxolitinib phosphate,Hallmark
5,prerank,Allograft Rejection,0.31728280145154864,1.3996464753717215,0.037037037037037035,0.2126503686457121,0.415,12/87,6.58%,IFNG;GZMB;CCL4;CD8A;IRF8;PRF1;CCND3;GZMA;ICAM1;ITGB2;KLRD1;RIPK2,CD4 Central Memory,Ruxolitinib_vs._Ruxolitinib phosphate,Hallmark
6,prerank,UV Response Up,0.3862171905863113,1.3740896765587376,0.05511811023622047,0.2088807583568934,0.459,8/35,6.81%,NR4A1;FOSB;ATF3;CCND3;ICAM1;FOS;CLTB;DNAJB1,CD4 Central Memory,Ruxolitinib_vs._Ruxolitinib phosphate,Hallmark
7,prerank,IL-6/JAK/STAT3 Signaling,-0.43387660944203127,-1.335743713196727,0.08695652173913043,1.0,0.908,8/36,13.54%,IL18R1;TYK2;IL15RA;STAT2;IL4R;IL10RB;FAS;ACVR1B,CD4 Central Memory,Ruxolitinib_vs._Ruxolitinib phosphate,Hallmark
8,prerank,Pperoxisome,-0.4885504463290854,-1.3316073440773246,0.11796982167352538,0.7677489404924521,0.912,12/20,35.38%,MVP;PEX11A;ABCC5;SMARCC1;ECH1;ABCB1;SLC25A4;CAT;MSH2;IDE;BCL10;TOP2A,CD4 Central Memory,Ruxolitinib_vs._Ruxolitinib phosphate,Hallmark
9,prerank,p53 Pathway,0.3264613553865898,1.2769321385461159,0.09813084112149532,0.33934807916181603,0.662,16/53,15.48%,TNFSF9;TRIB3;ATF3;CCND3;FOS;IER5;PCNA;MAPKAPK3;JUN;KLF4;S100A4;FOXO3;CDK5R1;TXNIP;GADD45A;IER3,CD4 Central Memory,Ruxolitinib_vs._Ruxolitinib phosphate,Hallmark
10,prerank,Mitotic Spindle,-0.4217311303234548,-1.265930402071815,0.1381668946648427,0.7720453457555485,0.976,10/31,16.16%,NDC80;PCM1;NCK2;HDAC6;CDK1;KIF20B;CEP57;ARFIP2;KIF23;CKAP5,CD4 Central Memory,Ruxolitinib_vs._Ruxolitinib phosphate,Hallmark
11,prerank,Cholesterol Homeostasis,0.3813094549631902,1.2005122791408602,0.22093023255813954,0.45686198421937646,0.802,5/22,6.43%,TRIB3;ATF3;NFIL3;LGMN;TNFRSF12A,CD4 Central Memory,Ruxolitinib_vs._Ruxolitinib phosphate,Hallmark
12,prerank,UV Response Dn,0.32829601067415837,1.147101896425503,0.27147766323024053,0.5331781140861467,0.872,8/28,20.49%,ID1;IGF1R;MYC;SMAD7;CDKN1B;DUSP1;BHLHE40;ZMIZ1,CD4 Central Memory,Ruxolitinib_vs._Ruxolitinib phosphate,Hallmark
13,prerank,Complement,0.2818858217134159,1.1434735539249434,0.1836734693877551,0.4931738808339507,0.875,17/63,15.41%,GZMB;CR1;GZMA;CALM3;LGMN;HSPA1A;CTSH;DUSP6;CASP7;CTSL;CCL5;CASP3;CDK5R1;DPP4;LCK;GNAI2;LAP3,CD4 Central Memory,Ruxolitinib_vs._Ruxolitinib phosphate,Hallmark
14,prerank,Fatty Acid Metabolism,-0.4121437846713435,-1.12557260397667,0.32045779685264664,1.0,1.0,9/22,35.53%,BPHL;NSDHL;DECR1;ECH1;DLD;HSD17B10;HADH;ACAT2;CBR3,CD4 Central Memory,Ruxolitinib_vs._Ruxolitinib phosphate,Hallmark
15,prerank,Coagulation,0.36222029959953683,1.0922609724695238,0.2987012987012987,0.5671323244082267,0.924,7/17,13.99%,PECAM1;THBS1;LGMN;CTSH;DUSP6;DUSP14;DPP4,CD4 Central Memory,Ruxolitinib_vs._Ruxolitinib phosphate,Hallmark
16,prerank,Unfolded Protein Response,0.31321347583700887,1.0778543415177306,0.34572490706319703,0.5535954150622369,0.937,3/29,5.16%,VEGFA;ATF3;CKS1B,CD4 Central Memory,Ruxolitinib_vs._Ruxolitinib phosphate,Hallmark
17,prerank,Adipogenesis,-0.38296442078686804,-1.0746769601197443,0.3743016759776536,1.0,1.0,7/23,15.63%,PGM1;SQOR;CHUK;DECR1;ECH1;REEP5;DLD,CD4 Central Memory,Ruxolitinib_vs._Ruxolitinib phosphate,Hallmark
18,prerank,KRAS Signaling Up,-0.335063092438882,-1.0615318748312441,0.37812911725955206,1.0,1.0,4/44,2.92%,LAT2;ATG10;C3AR1;FCER1G,CD4 Central Memory,Ruxolitinib_vs._Ruxolitinib phosphate,Hallmark
19,prerank,mTORC1 Signaling,0.24863405844152053,0.9856006282219822,0.4663677130044843,0.7455513055047397,0.986,8/52,10.55%,TRIB3;NFIL3;ITGB2;UNG;LGMN;MCM2;AURKA;HSPD1,CD4 Central Memory,Ruxolitinib_vs._Ruxolitinib phosphate,Hallmark
20,prerank,heme Metabolism,-0.34749014714753235,-0.9796658929177717,0.4986225895316804,1.0,1.0,12/22,39.27%,ABCB6;PPOX;HEBP1;SLC25A37;CAT;XPO7;LAMP2;LRP10;KLF3;TRAK2;SLC11A2;NR3C1,CD4 Central Memory,Ruxolitinib_vs._Ruxolitinib phosphate,Hallmark
21,prerank,Estrogen Response Early,-0.31651047786969555,-0.9582865474071416,0.5130315500685871,1.0,1.0,6/31,11.82%,PEX11A;JAK2;WFS1;FDFT1;PRSS23;GAB2,CD4 Central Memory,Ruxolitinib_vs._Ruxolitinib phosphate,Hallmark
22,prerank,E2F Targets,0.23072706614582955,0.9543642809932984,0.5706521739130435,0.7782693053938688,0.991,14/70,11.37%,CDCA8;UBE2T;UNG;CKS2;CKS1B;PCNA;MCM5;MCM2;AURKA;HMGB2;MYC;JPT1;CDK4;TIPIN,CD4 Central Memory,Ruxolitinib_vs._Ruxolitinib phosphate,Hallmark
23,prerank,Estrogen Response Late,-0.3085249479504494,-0.9411566846465035,0.5924932975871313,1.0,1.0,5/34,8.00%,JAK2;WFS1;CDC6;FDFT1;PRSS23,CD4 Central Memory,Ruxolitinib_vs._Ruxolitinib phosphate,Hallmark
24,prerank,G2-M Checkpoint,-0.26030781284098814,-0.8602893249730501,0.7034220532319392,1.0,1.0,19/55,29.09%,CDC7;NDC80;STMN1;CDC6;SMARCC1;CDK1;KIF20B;TFDP1;MAP3K20;KIF23;CASP8AP2;TACC3;MCM3;ILF3;SMC4;ATF5;SMAD3;RPA2;MAPK14,CD4 Central Memory,Ruxolitinib_vs._Ruxolitinib phosphate,Hallmark
25,prerank,Inflammatory Response,-0.24964422389035548,-0.8412144275608403,0.7352941176470589,1.0,1.0,8/61,8.60%,IRAK2;IL18R1;C3AR1;IL15RA;NOD2;IL4R;LTA;ACVR2A,CD4 Central Memory,Ruxolitinib_vs._Ruxolitinib phosphate,Hallmark
26,prerank,Glycolysis,0.23043654536061717,0.8398188280322179,0.7566371681415929,1.0,0.999,5/40,8.45%,VEGFA;NT5E;IGFBP3;TGFBI;AURKA,CD4 Central Memory,Ruxolitinib_vs._Ruxolitinib phosphate,Hallmark
27,prerank,Oxidative Phosphorylation,-0.2868835583221392,-0.8099217492712566,0.7578659370725034,1.0,1.0,12/24,39.49%,DECR1;ECH1;DLD;SUPV3L1;SLC25A4;HSD17B10;ATP6V0B;VDAC1;SDHB;OXA1L;TOMM70;BAX,CD4 Central Memory,Ruxolitinib_vs._Ruxolitinib phosphate,Hallmark
28,prerank,Androgen Response,0.2560514214218735,0.7825519568082636,0.8040540540540541,1.0,0.999,7/18,23.41%,CCND3;MAP7;RRP12;HMGCS1;ZMIZ1;MAF;INPP4B,CD4 Central Memory,Ruxolitinib_vs._Ruxolitinib phosphate,Hallmark
29,prerank,Interferon Gamma Response,0.17808554019262754,0.7595611988404246,0.9320388349514563,1.0,0.999,15/79,14.44%,IFITM3;KLRK1;IRF8;PSME2;GZMA;ICAM1;SLAMF7;RIPK2;CASP7;IRF4;CCL5;NFKBIA;CASP3;IL15;TXNIP,CD4 Central Memory,Ruxolitinib_vs._Ruxolitinib phosphate,Hallmark
30,prerank,Interferon Alpha Response,0.2065688755351627,0.7473998652995053,0.8880866425992779,1.0,0.999,7/36,15.41%,IFITM3;PSME2;RIPK2;IL15;TXNIP;SELL;LAP3,CD4 Central Memory,Ruxolitinib_vs._Ruxolitinib phosphate,Hallmark
31,prerank,Apical Junction,-0.2390290288008189,-0.7473246538130012,0.8537549407114624,1.0,1.0,8/38,18.70%,ITGA3;MAPK11;EVL;IKBKG;MAP3K20;MPZL1;AKT3;SORBS3,CD4 Central Memory,Ruxolitinib_vs._Ruxolitinib phosphate,Hallmark
32,prerank,Myogenesis,0.2521268750419763,0.7432866074705284,0.8214285714285714,0.969848661233993,0.999,2/17,4.64%,GADD45B;IGFBP3,CD4 Central Memory,Ruxolitinib_vs._Ruxolitinib phosphate,Hallmark
33,prerank,Myc Targets V1,0.22010418075418395,0.7173891443188911,0.8657718120805369,0.9507178890182383,0.999,6/24,11.07%,PCNA;MCM5;MCM2;MYC;HSPD1;CDK4,CD4 Central Memory,Ruxolitinib_vs._Ruxolitinib phosphate,Hallmark
34,prerank,PI3K/AKT/mTOR  Signaling,-0.22109598808873854,-0.698122092921574,0.904635761589404,1.0,1.0,7/40,16.75%,STAT2;CLTC;CDK1;MAPK9;NFKBIB;AKT1;TBK1,CD4 Central Memory,Ruxolitinib_vs._Ruxolitinib phosphate,Hallmark
35,prerank,Xenobiotic Metabolism,0.20403038523785944,0.6731758750557105,0.9405204460966543,0.9431685892687057,0.999,2/27,3.44%,ABCC2;IRF8,CD4 Central Memory,Ruxolitinib_vs._Ruxolitinib phosphate,Hallmark
36,prerank,DNA Repair,-0.2151588825494512,-0.6362543600139042,0.9369250985545335,1.0,1.0,9/30,32.46%,POLA1;POLD4;HPRT1;VPS28;ADA;RPA2;RBX1;DDB2;RFC2,CD4 Central Memory,Ruxolitinib_vs._Ruxolitinib phosphate,Hallmark
37,prerank,Spermatogenesis,-0.24799983659991537,-0.629616316356453,0.9391796322489392,0.9567790970543939,1.0,6/15,32.61%,PARP2;CDK1;PHKG2;MTOR;TOPBP1;IDE,CD4 Central Memory,Ruxolitinib_vs._Ruxolitinib phosphate,Hallmark
0,prerank,Spermatogenesis,0.7650998459478776,1.9433306650843012,0.001968503937007874,0.003048780487804878,0.002,9/15,15.03%,PARP2;AURKA;PSMG1;MAP7;CDK1;JAM3;TOPBP1;IL12RB2;CSNK2A2,CD4 Central Memory,Tofacitinib citrate_vs._Tofacitinib,Hallmark
1,prerank,IL-6/JAK/STAT3 Signaling,0.46592029573781735,1.5099977582726611,0.023715415019762844,0.4679878048780488,0.438,9/36,9.05%,TNF;IL1R1;TLR2;IRF1;TNFRSF12A;PTPN1;STAT3;SOCS1;TNFRSF1A,CD4 Central Memory,Tofacitinib citrate_vs._Tofacitinib,Hallmark
2,prerank,Unfolded Protein Response,0.47170278332792914,1.4298895181532127,0.06844106463878327,0.5406504065040649,0.633,9/29,10.02%,WFS1;ATF3;PDIA5;SLC1A4;DDIT4;EIF4G1;MTHFD2;PDIA6;EXOSC4,CD4 Central Memory,Tofacitinib citrate_vs._Tofacitinib,Hallmark
3,prerank,Apical Junction,-0.4299555275473661,-1.4205382538997298,0.05263157894736842,0.45109170305676854,0.639,6/38,10.02%,MAP3K20;MAPK11;ICAM1;PTK2;ITGA3;HADH,CD4 Central Memory,Tofacitinib citrate_vs._Tofacitinib,Hallmark
4,prerank,UV Response Up,0.4341687005919462,1.4034561905320553,0.06324110671936758,0.475609756097561,0.678,8/35,13.09%,PARP2;IRF1;ATF3;RAB27A;JUNB;FEN1;DNAJB1;TFRC,CD4 Central Memory,Tofacitinib citrate_vs._Tofacitinib,Hallmark
5,prerank,G2-M Checkpoint,-0.3797870649951511,-1.363264693803415,0.055201698513800426,0.3155021834061135,0.75,7/55,6.13%,MAP3K20;CDC6;CCNF;MNAT1;NASP;KIF11;CKS1B,CD4 Central Memory,Tofacitinib citrate_vs._Tofacitinib,Hallmark
6,prerank,Xenobiotic Metabolism,0.42026833064823155,1.2873656244026512,0.12547528517110265,0.7536585365853659,0.898,8/27,11.14%,IL1R1;IRF8;ABCC2;BPHL;ARG2;TNFRSF1A;PGRMC1;DHRS7,CD4 Central Memory,Tofacitinib citrate_vs._Tofacitinib,Hallmark
7,prerank,KRAS Signaling Up,0.378959102124382,1.244684934339637,0.1487758945386064,0.7903963414634146,0.959,6/44,4.04%,ATG10;LAT2;FCER1G;ENG;PRDM1;IRF8,CD4 Central Memory,Tofacitinib citrate_vs._Tofacitinib,Hallmark
8,prerank,mTORC1 Signaling,0.3495474800999761,1.2125708051578439,0.1791907514450867,0.8024825783972126,0.975,12/52,13.91%,AURKA;SLC1A4;DDIT4;MTHFD2;MLLT11;MCM2;INSIG1;PSMG1;TRIB3;NFKBIB;TFRC;ITGB2,CD4 Central Memory,Tofacitinib citrate_vs._Tofacitinib,Hallmark
9,prerank,Apoptosis,0.3057695776858436,1.1000568632779264,0.296028880866426,1.0,0.999,12/65,13.76%,IFITM3;TNF;IRF1;ATF3;TNFRSF12A;CLU;SMAD7;HSPB1;HMGB2;BAX;CASP2;CASP8,CD4 Central Memory,Tofacitinib citrate_vs._Tofacitinib,Hallmark
10,prerank,DNA Repair,-0.3389672865116443,-1.08037664897559,0.3150406504065041,0.8871906841339156,0.996,7/30,14.44%,POLA1;RAD51;PCNA;POLD3;POLR2K;RALA;RPA3,CD4 Central Memory,Tofacitinib citrate_vs._Tofacitinib,Hallmark
11,prerank,UV Response Dn,0.3452122035468081,1.0545669543249834,0.3896353166986564,1.0,1.0,7/28,17.13%,ID1;INSIG1;MAP2K5;SMAD7;MYC;TENT4A;RUNX1,CD4 Central Memory,Tofacitinib citrate_vs._Tofacitinib,Hallmark
12,prerank,PI3K/AKT/mTOR  Signaling,0.31535674841156547,1.0444311203440086,0.3720073664825046,1.0,1.0,8/40,11.59%,CLTC;PAK4;LCK;TNFRSF1A;TRIB3;CDK1;TIAM1;NFKBIB,CD4 Central Memory,Tofacitinib citrate_vs._Tofacitinib,Hallmark
13,prerank,heme Metabolism,0.36612922599551445,1.0435484323561466,0.3951612903225806,1.0,1.0,3/22,4.41%,ARHGEF12;HEBP1;PPOX,CD4 Central Memory,Tofacitinib citrate_vs._Tofacitinib,Hallmark
14,prerank,Inflammatory Response,0.2920281372955811,1.0398621605118832,0.40234375,0.9852642276422764,1.0,8/61,5.76%,IL1R1;TLR2;IRF1;ADGRE1;IL2RB;TLR1;TNFRSF9;LCK,CD4 Central Memory,Tofacitinib citrate_vs._Tofacitinib,Hallmark
15,prerank,Interferon Gamma Response,0.27222496305090604,1.0161944863447343,0.4209558823529412,0.986984052532833,1.0,20/79,18.32%,IFITM3;IRF1;IL2RB;PTPN1;IRF8;STAT3;MTHFD2;IFITM2;SLAMF7;PSME2;SOCS1;PLSCR1;IRF7;CASP8;IFIT2;MVP;CD40;IRF2;IFIH1;STAT1,CD4 Central Memory,Tofacitinib citrate_vs._Tofacitinib,Hallmark
16,prerank,TNF-alpha Signaling via NF-kB,0.2705585226267139,1.0046851221062199,0.435546875,0.9580792682926829,1.0,12/79,10.99%,TNF;BCL6;TLR2;SLC2A6;IRF1;ATF3;TNFRSF9;DUSP4;TIPARP;ZFP36;JUNB;MYC,CD4 Central Memory,Tofacitinib citrate_vs._Tofacitinib,Hallmark
17,prerank,IL-2/STAT5 Signaling,-0.27727207689210054,-0.9960881594974668,0.45111111111111113,0.910589519650655,0.999,22/62,22.89%,CDC6;SPRED2;IKZF2;ALCAM;IRF4;CTLA4;CSF1;RORA;CCND2;BCL2L1;IL4R;MUC1;CCR4;TNFRSF4;BCL2;ABCB1;CST7;IGF1R;PIM1;IL18R1;PRAF2;IGF2R,CD4 Central Memory,Tofacitinib citrate_vs._Tofacitinib,Hallmark
18,prerank,Cholesterol Homeostasis,0.34554952197977806,0.9932658290854988,0.433852140077821,0.9315040650406504,1.0,5/22,9.72%,ATF3;TNFRSF12A;CLU;PLSCR1;TRIB3,CD4 Central Memory,Tofacitinib citrate_vs._Tofacitinib,Hallmark
19,prerank,Complement,0.2761140787868825,0.9931861490849846,0.44801512287334594,0.8734756097560976,1.0,12/63,12.34%,IRF1;FCER1G;CR1;ITGAM;LCK;CLU;LIPA;PLSCR1;GZMK;PRCP;IRF7;CTSD,CD4 Central Memory,Tofacitinib citrate_vs._Tofacitinib,Hallmark
20,prerank,Mitotic Spindle,0.32112865216114544,0.990021324102737,0.4556213017751479,0.8309720229555237,1.0,7/31,18.25%,AURKA;ARHGEF12;CDK1;TIAM1;KIF23;EPB41L2;ARHGEF2,CD4 Central Memory,Tofacitinib citrate_vs._Tofacitinib,Hallmark
21,prerank,E2F Targets,0.263892246377299,0.9471589691816682,0.5614366729678639,0.9054031165311653,1.0,16/70,14.14%,AURKA;CHEK2;HMMR;MTHFD2;UBE2T;MCM2;RPA2;CHEK1;UBR7;HMGB2;SUV39H1;RFC2;CDK1;MYC;TFRC;JPT1,CD4 Central Memory,Tofacitinib citrate_vs._Tofacitinib,Hallmark
22,prerank,Myogenesis,0.355473680117423,0.9439652285173515,0.5216494845360825,0.8667362002567395,1.0,3/17,7.26%,NOTCH1;SORBS3;CLU,CD4 Central Memory,Tofacitinib citrate_vs._Tofacitinib,Hallmark
23,prerank,Estrogen Response Late,0.2983272285986452,0.9434878991674707,0.5645756457564576,0.8250000000000001,1.0,8/34,11.44%,WFS1;BATF;SLC1A4;MICB;ETFB;ZFP36;GALE;TIAM1,CD4 Central Memory,Tofacitinib citrate_vs._Tofacitinib,Hallmark
24,prerank,Adipogenesis,0.32742002928136427,0.9265493589669987,0.5647773279352226,0.8281068524970965,1.0,7/23,21.09%,BCL6;SCP2;ETFB;DHRS7;VEGFB;STAT5A;CHUK,CD4 Central Memory,Tofacitinib citrate_vs._Tofacitinib,Hallmark
25,prerank,Estrogen Response Early,0.2975365110155891,0.9222527621210813,0.5763358778625954,0.7989190687361419,1.0,6/31,11.44%,WFS1;SLC1A4;TIPARP;MICB;MYC;TIAM1,CD4 Central Memory,Tofacitinib citrate_vs._Tofacitinib,Hallmark
26,prerank,Androgen Response,0.33494753619665685,0.9080355488046015,0.5887096774193549,0.7945387062566277,1.0,8/18,34.93%,INSIG1;MAP7;AKT1;MAF;HMGCS1;RRP12;INPP4B;TMEM50A,CD4 Central Memory,Tofacitinib citrate_vs._Tofacitinib,Hallmark
27,prerank,p53 Pathway,-0.2488837672866686,-0.882316618358612,0.6761133603238867,1.0,1.0,9/53,13.54%,KLF4;ZBTB16;ABCC5;PCNA;FOS;ELP1;CCND2;TXNIP;S100A10,CD4 Central Memory,Tofacitinib citrate_vs._Tofacitinib,Hallmark
28,prerank,Coagulation,0.31961541520872516,0.8515589246016968,0.648,0.8828125,1.0,3/17,7.26%,SH2B2;DUSP14;CLU,CD4 Central Memory,Tofacitinib citrate_vs._Tofacitinib,Hallmark
29,prerank,Allograft Rejection,0.2261844405232088,0.8470332177419682,0.7626811594202898,0.8558536585365853,1.0,19/87,20.42%,TNF;TLR2;DYRK3;IL2RB;IRF8;TLR1;LCK;SOCS1;TLR6;IRF7;ZAP70;ITGB2;IKBKB;CD40;IL2RA;AKT1;STAT1;IL15;ITGAL,CD4 Central Memory,Tofacitinib citrate_vs._Tofacitinib,Hallmark
30,prerank,Interferon Alpha Response,0.2632321875255612,0.8396292057320235,0.7134268537074149,0.8384732645403377,1.0,11/36,19.67%,IFITM3;IRF1;IFITM2;PSME2;PLSCR1;IRF7;CASP8;IFIT2;IRF2;IFIH1;IL15,CD4 Central Memory,Tofacitinib citrate_vs._Tofacitinib,Hallmark
31,prerank,Glycolysis,0.2535897011172894,0.8384596164442142,0.7381889763779528,0.8093947606142728,1.0,5/40,10.92%,AURKA;DDIT4;HMMR;GALE;CDK1,CD4 Central Memory,Tofacitinib citrate_vs._Tofacitinib,Hallmark
32,prerank,Fatty Acid Metabolism,-0.2674101498851226,-0.7792040873283036,0.7709611451942741,1.0,1.0,11/22,35.08%,ACAT2;HADH;S100A10;UGDH;PCBD1;CBR1;HSD17B10;CBR3;NSDHL;UBE2L6;ACAA1,CD4 Central Memory,Tofacitinib citrate_vs._Tofacitinib,Hallmark
33,prerank,Epithelial Mesenchymal Transition,0.2498536946804012,0.7765593900973492,0.8023483365949119,0.8853440766550522,1.0,7/31,19.82%,TNFRSF12A;TPM1;IL32;ITGA2;CALU;IL15;NT5E,CD4 Central Memory,Tofacitinib citrate_vs._Tofacitinib,Hallmark
34,prerank,Hypoxia,0.22386373376424468,0.7500986609896906,0.8768939393939394,0.890611858704794,1.0,5/46,8.83%,ATF3;TGFB3;DDIT4;TIPARP;ZFP36,CD4 Central Memory,Tofacitinib citrate_vs._Tofacitinib,Hallmark
35,prerank,Oxidative Phosphorylation,-0.21817775141001627,-0.6526597178226071,0.9360824742268041,1.0,1.0,9/24,28.42%,PDHX;SLC25A3;NNT;SDHB;OXA1L;GPI;HSD17B10;SLC25A4;TIMM9,CD4 Central Memory,Tofacitinib citrate_vs._Tofacitinib,Hallmark
36,prerank,Pperoxisome,-0.2105301984742796,-0.597691528712509,0.9557894736842105,0.9770196506550218,1.0,4/20,19.37%,ABCC5;ABCB1;MSH2;FIS1,CD4 Central Memory,Tofacitinib citrate_vs._Tofacitinib,Hallmark
37,prerank,Myc Targets V1,0.13053215194955073,0.3915234727542041,0.9979550102249489,0.9995934959349594,1.0,12/24,39.94%,MCM2;MYC;NOLC1;MCM5;EPRS1;HDAC2;RNPS1;PSMD7;PWP1;VDAC1;HPRT1;HSPD1,CD4 Central Memory,Tofacitinib citrate_vs._Tofacitinib,Hallmark
0,prerank,Apical Junction,-0.5036507454419307,-1.4947982620098315,0.023894862604540025,0.7372922696673062,0.475,12/34,24.14%,PIK3R3;MAPK13;ICAM1;SORBS3;CTNND1;MPZL1;PIK3CB;RSU1;STX4;RASA1;HADH;IKBKG,CD4 Effector Memory,Afatinib_vs._Afatinib dimaleate,Hallmark
1,prerank,Epithelial Mesenchymal Transition,-0.5254269380824458,-1.477739076077721,0.025210084033613446,0.4255260333669388,0.524,8/25,18.46%,IGFBP3;TNFRSF12A;LRP1;THBS1;IL15;SGCB;TPM1;FAS,CD4 Effector Memory,Afatinib_vs._Afatinib dimaleate,Hallmark
2,prerank,KRAS Signaling Up,-0.4760767264584864,-1.4355356863714939,0.03769140164899882,0.42320075449608113,0.66,6/37,7.01%,IGFBP3;LAT2;CLEC4A;DUSP6;IRF8;FCER1G,CD4 Effector Memory,Afatinib_vs._Afatinib dimaleate,Hallmark
3,prerank,Inflammatory Response,-0.4390820927637222,-1.4351558078906614,0.024774774774774775,0.31766886728023674,0.661,18/58,18.85%,ACVR1B;IRAK2;IL18R1;NLRP3;IL18RAP;ICAM1;TNFSF9;HIF1A;LAMP3;IL15RA;IL15;TLR1;RGS1;CD69;IFNAR1;CDKN1A;OSM;SLAMF1,CD4 Effector Memory,Afatinib_vs._Afatinib dimaleate,Hallmark
4,prerank,IL-2/STAT5 Signaling,0.3151635673705279,1.3801291827775448,0.03636363636363636,0.1891068367929918,0.269,14/58,11.14%,CCR4;IL2RA;LTB;CD79B;SELL;TNFRSF9;ITGA6;MYC;TNFRSF18;IL2RB;IGF1R;BATF;CCND3;CST7,CD4 Effector Memory,Afatinib_vs._Afatinib dimaleate,Hallmark
5,prerank,IL-6/JAK/STAT3 Signaling,-0.4365301005544967,-1.3090774107309051,0.11913357400722022,0.7121792578620443,0.964,12/34,18.46%,ACVR1B;IL18R1;TNFRSF12A;TNF;MYD88;IL15RA;IL3RA;TYK2;STAT2;IL7;IFNAR1;FAS,CD4 Effector Memory,Afatinib_vs._Afatinib dimaleate,Hallmark
6,prerank,PI3K/AKT/mTOR  Signaling,-0.40210220266343233,-1.2275780738178634,0.1776765375854214,0.9834140947673095,0.997,16/41,29.44%,PIK3R3;CDK1;MYD88;CDK2;FASLG;STAT2;MKNK1;CDKN1A;NOD1;MAPK9;AKT1;NCK1;CDKN1B;VAV3;CDK4;IRAK4,CD4 Effector Memory,Afatinib_vs._Afatinib dimaleate,Hallmark
7,prerank,Androgen Response,-0.4747821742313133,-1.20915905313738,0.23214285714285715,0.9333822702712747,0.997,8/16,27.73%,CDK6;HMGCR;PTK2B;ARID5B;RAB4A;AKT1;HMGCS1;UBE2J1,CD4 Effector Memory,Afatinib_vs._Afatinib dimaleate,Hallmark
8,prerank,Xenobiotic Metabolism,-0.4057166843550549,-1.1523993191567563,0.2734741784037559,1.0,1.0,10/27,26.09%,IRF8;CAT;SLC35B1;ADH5;NPC1;ABHD6;FAS;CNDP2;CBR1;ARPP19,CD4 Effector Memory,Afatinib_vs._Afatinib dimaleate,Hallmark
9,prerank,Pperoxisome,-0.4290081189814863,-1.147598225464662,0.30214917825537296,0.9987967088360598,1.0,8/20,35.44%,IDE;CAT;CDK7;SMARCC1;ITGB1BP1;SLC25A4;MSH2;FIS1,CD4 Effector Memory,Afatinib_vs._Afatinib dimaleate,Hallmark
10,prerank,mTORC1 Signaling,0.26029820372918466,1.105311493603108,0.25,0.4224909541039802,0.744,15/55,11.29%,CCNF;AURKA;NFKBIB;MCM2;TMEM97;LGMN;ELOVL6;ITGB2;BUB1;HSPD1;TRIB3;G6PD;SQSTM1;GLRX;INSIG1,CD4 Effector Memory,Afatinib_vs._Afatinib dimaleate,Hallmark
11,prerank,Interferon Gamma Response,-0.30356328598343735,-1.0319707501510273,0.4326086956521739,1.0,1.0,16/80,18.46%,ICAM1;IRF8;HERC6;MYD88;HIF1A;IL15RA;IL15;NUP93;STAT2;JAK2;IL7;ARID5B;IRF5;CD69;CDKN1A;FAS,CD4 Effector Memory,Afatinib_vs._Afatinib dimaleate,Hallmark
12,prerank,Glycolysis,-0.31075720063345147,-0.9407060359966706,0.5734430082256169,1.0,1.0,15/38,32.87%,CDK1;IGFBP3;SLC37A4;IER3;ECD;PGAM1;PMM2;COPB2;COG2;ARPP19;GPC1;SLC35A3;HS2ST1;ISG20;DDIT4,CD4 Effector Memory,Afatinib_vs._Afatinib dimaleate,Hallmark
13,prerank,Unfolded Protein Response,-0.3256411555033313,-0.924111533595531,0.5931372549019608,1.0,1.0,5/26,16.51%,FKBP14;CNOT4;POP4;HERPUD1;CNOT2,CD4 Effector Memory,Afatinib_vs._Afatinib dimaleate,Hallmark
14,prerank,DNA Repair,-0.3176354207689605,-0.9187278801386938,0.6019300361881785,1.0,1.0,5/30,13.55%,POLD4;VPS28;RAD51;POLD3;ADA,CD4 Effector Memory,Afatinib_vs._Afatinib dimaleate,Hallmark
15,prerank,Allograft Rejection,-0.26569599897504736,-0.9127919199543354,0.6385927505330491,1.0,1.0,14/86,15.42%,NCF4;TNF;NLRP3;IL18RAP;ICAM1;IRF8;HIF1A;IL15;FASLG;TLR1;IKBKB;JAK2;IL7;ZAP70,CD4 Effector Memory,Afatinib_vs._Afatinib dimaleate,Hallmark
16,prerank,Myogenesis,-0.3382092730360726,-0.8686252423695323,0.6597938144329897,1.0,1.0,5/16,26.64%,IGFBP3;SORBS3;CDKN1A;RB1;CLU,CD4 Effector Memory,Afatinib_vs._Afatinib dimaleate,Hallmark
17,prerank,Apoptosis,-0.26133984049557435,-0.853576984541462,0.7348066298342542,1.0,1.0,28/62,42.45%,TNFRSF12A;TNF;IER3;CDK2;FASLG;PAK1;DNM1L;ERBB2;CD69;CDKN1A;FAS;FEZ1;DFFA;CLU;BID;CDKN1B;ISG20;CASP8;LGALS3;CASP7;IFNGR1;PMAIP1;GADD45B;CASP3;CREBBP;BCL2L1;HMGB2;CDC25B,CD4 Effector Memory,Afatinib_vs._Afatinib dimaleate,Hallmark
18,prerank,Hypoxia,-0.2701679649300279,-0.8509666652978709,0.7203579418344519,1.0,1.0,22/45,43.30%,IGFBP3;SLC37A4;IER3;XPNPEP1;CDKN1A;ZFP36;FOSL2;BCL2;CDKN1B;GPC1;ISG20;PLAUR;DDIT4;RORA;DUSP1;JMJD6;BHLHE40;PIM1;KDM3A;ERO1A;HK1;FOXO3,CD4 Effector Memory,Afatinib_vs._Afatinib dimaleate,Hallmark
19,prerank,Mitotic Spindle,0.21150605362894334,0.8218714440184336,0.7123287671232876,0.7817558560274234,0.978,5/32,7.09%,NET1;AURKA;CENPE;CENPF;BUB1,CD4 Effector Memory,Afatinib_vs._Afatinib dimaleate,Hallmark
20,prerank,G2-M Checkpoint,-0.25494744074616404,-0.8109031354874342,0.7804610318331504,1.0,1.0,9/55,12.38%,CDK1;CHEK1;NDC80;HIF1A;CTCF;MNAT1;SUV39H1;CDC7;TMPO,CD4 Effector Memory,Afatinib_vs._Afatinib dimaleate,Hallmark
21,prerank,p53 Pathway,-0.2531324383022246,-0.8062075259030109,0.7957589285714286,1.0,1.0,10/52,20.17%,ACVR1B;TNFSF9;ABHD4;IER3;ADA;RAD51C;CDKN1A;RRP8;FAS;CCP110,CD4 Effector Memory,Afatinib_vs._Afatinib dimaleate,Hallmark
22,prerank,UV Response Dn,-0.2755144141009227,-0.7879495133685088,0.7881656804733728,1.0,1.0,10/27,36.29%,PIK3R3;MTA1;ERBB2;RUNX1;CDKN1B;TGFBR2;MAPK14;DUSP1;SMAD3;BHLHE40,CD4 Effector Memory,Afatinib_vs._Afatinib dimaleate,Hallmark
23,prerank,Myc Targets V1,-0.2803317052349588,-0.7743169480889219,0.7973462002412546,1.0,1.0,14/24,43.22%,RRM1;CDK2;TOMM70;SMARCC1;MCM6;MCM5;PSMD7;CDK4;EPRS1;TFDP1;PWP1;HDAC2;VDAC1;USP1,CD4 Effector Memory,Afatinib_vs._Afatinib dimaleate,Hallmark
24,prerank,E2F Targets,-0.22488948441872622,-0.7381665506722472,0.891566265060241,1.0,1.0,23/71,32.63%,CDK1;CHEK1;CTCF;SUV39H1;UBE2T;PAN2;TMPO;POLD3;TIMELESS;RAD51C;CDKN1A;EED;CCP110;ANP32E;MCM6;MCM5;CDKN1B;CDK4;DNMT1;EZH2;CHEK2;TFRC;MSH2,CD4 Effector Memory,Afatinib_vs._Afatinib dimaleate,Hallmark
25,prerank,Complement,-0.21830295252359921,-0.7216301119466895,0.89086859688196,1.0,1.0,25/59,38.71%,LRP1;DUSP6;S100A13;FCER1G;CSRP1;CD46;JAK2;XPNPEP1;PRCP;CBLB;DOCK9;STX4;PIK3CG;CLU;CTSS;CEBPB;PLAUR;LGALS3;CD40LG;CASP7;PIM1;ANXA5;PSMB9;CASP3;PLSCR1,CD4 Effector Memory,Afatinib_vs._Afatinib dimaleate,Hallmark
26,prerank,TNF-alpha Signaling via NF-kB,-0.2150796992268473,-0.7138714393232846,0.9162995594713657,1.0,1.0,23/71,36.29%,TNF;ICAM1;TNFSF9;IER3;IL15RA;DUSP4;BIRC2;REL;DUSP2;CD69;CDKN1A;ZFP36;CD83;FOSL2;EGR2;BCL2A1;TGIF1;CEBPB;PLAUR;IL23A;DUSP1;SMAD3;BHLHE40,CD4 Effector Memory,Afatinib_vs._Afatinib dimaleate,Hallmark
27,prerank,UV Response Up,-0.23981657590373295,-0.7101042968711122,0.8878612716763006,1.0,1.0,4/36,7.32%,ICAM1;PARP2;STK25;CDK2,CD4 Effector Memory,Afatinib_vs._Afatinib dimaleate,Hallmark
28,prerank,Estrogen Response Late,-0.2368199143757056,-0.6764863642170502,0.914004914004914,1.0,1.0,7/29,25.08%,MAPK13;MICB;JAK2;DUSP2;ZFP36;NRIP1;BCL2,CD4 Effector Memory,Afatinib_vs._Afatinib dimaleate,Hallmark
29,prerank,Cholesterol Homeostasis,-0.24878987763705096,-0.6764270071113194,0.8971848225214198,1.0,1.0,11/22,38.71%,TNFRSF12A;HMGCR;ALCAM;HMGCS1;CLU;ACAT2;PLAUR;LGALS3;ANXA5;FDFT1;PLSCR1,CD4 Effector Memory,Afatinib_vs._Afatinib dimaleate,Hallmark
30,prerank,heme Metabolism,-0.2398214046872755,-0.6666009673821736,0.9041916167664671,1.0,1.0,13/23,49.69%,CAT;HEBP1;PPOX;XPO7;TFRC;ARHGEF12;PSMD9;TRAK2;NNT;FOXO3;BNIP3L;SLC11A2;LAMP2,CD4 Effector Memory,Afatinib_vs._Afatinib dimaleate,Hallmark
31,prerank,Interferon Alpha Response,-0.2220434000447793,-0.65973208975074,0.9227166276346604,1.0,1.0,5/34,13.71%,HERC6;LAMP3;IL15;STAT2;IL7,CD4 Effector Memory,Afatinib_vs._Afatinib dimaleate,Hallmark
32,prerank,Fatty Acid Metabolism,-0.2034628204141367,-0.5507764984729177,0.9678217821782178,1.0,1.0,7/22,38.94%,DECR1;HADH;CBR1;HMGCS1;ACAT2;CBR3;HSD17B10,CD4 Effector Memory,Afatinib_vs._Afatinib dimaleate,Hallmark
33,prerank,Adipogenesis,-0.19281913715508708,-0.541714057854877,0.9790123456790123,1.0,1.0,5/25,24.53%,CAT;DECR1;CHUK;HADH;REEP5,CD4 Effector Memory,Afatinib_vs._Afatinib dimaleate,Hallmark
34,prerank,Estrogen Response Early,-0.1588943216708839,-0.4472580360939537,0.9987937273823885,1.0,1.0,9/26,42.13%,MICB;JAK2;NRIP1;BCL2;BHLHE40;PMAIP1;FDFT1;ELF1;SH3BP5,CD4 Effector Memory,Afatinib_vs._Afatinib dimaleate,Hallmark
35,prerank,Oxidative Phosphorylation,-0.14447892527008716,-0.3973598094183397,1.0,0.9995121792578621,1.0,8/24,42.99%,DECR1;TOMM70;OXA1L;SLC25A4;CASP7;HSD17B10;NNT;VDAC1,CD4 Effector Memory,Afatinib_vs._Afatinib dimaleate,Hallmark
0,prerank,IL-2/STAT5 Signaling,0.44000694148833736,1.602033236333149,0.007614213197969543,0.339422028353326,0.219,20/58,20.33%,TIAM1;MYC;IGF1R;CCR4;CTLA4;GADD45B;SELL;CD79B;SOCS1;CCND3;LTB;BCL2;PIM1;ABCB1;BATF;BHLHE40;XBP1;BCL2L1;ALCAM;FLT3LG,CD4 Effector Memory,Baricitinib_vs._Baricitinib phosphate,Hallmark
1,prerank,p53 Pathway,0.41233847533363666,1.4951741262362799,0.018421052631578946,0.3809978189749182,0.419,10/52,10.05%,CDKN2A;CDK5R1;HRAS;APP;PCNA;COQ8A;MAPKAPK3;SOCS1;CCND3;TRIB3,CD4 Effector Memory,Baricitinib_vs._Baricitinib phosphate,Hallmark
2,prerank,Estrogen Response Early,0.46479518040967804,1.4357483517143317,0.06683168316831684,0.3680479825517993,0.528,6/26,11.37%,TIAM1;MYC;IGF1R;PRSS23;PMAIP1;BCL2,CD4 Effector Memory,Baricitinib_vs._Baricitinib phosphate,Hallmark
3,prerank,E2F Targets,0.3529348853059613,1.3649127187641603,0.06356968215158924,0.42973009814612867,0.688,11/71,7.17%,CDKN2A;CDCA8;CENPE;MYC;NCAPD2;ATAD2;LIG1;CDK1;ASF1A;PCNA;MCM4,CD4 Effector Memory,Baricitinib_vs._Baricitinib phosphate,Hallmark
4,prerank,Adipogenesis,-0.43826261260836,-1.302255955698963,0.12664473684210525,1.0,0.902,10/25,21.65%,ELOVL6;DECR1;VEGFB;HADH;DLD;SLC5A6;ECH1;REEP5;SCP2;PGM1,CD4 Effector Memory,Baricitinib_vs._Baricitinib phosphate,Hallmark
5,prerank,Fatty Acid Metabolism,-0.43857874226429616,-1.2633049988079759,0.16981132075471697,1.0,0.942,10/22,26.01%,DECR1;HMGCS1;CRYZ;HADH;DLD;CBR3;BPHL;ECH1;UGDH;ACAT2,CD4 Effector Memory,Baricitinib_vs._Baricitinib phosphate,Hallmark
6,prerank,Complement,0.33456615259231093,1.2450594216169555,0.1282051282051282,0.6425845147219194,0.886,15/59,17.29%,HSPA1A;CDK5R1;LGMN;GZMK;PRKCD;CASP7;GZMB;CBLB;CSRP1;PIM1;LIPA;DUSP6;GZMA;LYN;CD55,CD4 Effector Memory,Baricitinib_vs._Baricitinib phosphate,Hallmark
7,prerank,Allograft Rejection,0.30599356430838304,1.2077885112724427,0.1424731182795699,0.6311341330425301,0.922,20/86,16.04%,CDKN2A;KLRD1;DYRK3;HIF1A;CCR5;TNF;GZMB;NCF4;CD28;SOCS1;CCND3;LTB;NLRP3;PSMB10;ETS1;CD7;TRAT1;IFNG;GZMA;LYN,CD4 Effector Memory,Baricitinib_vs._Baricitinib phosphate,Hallmark
8,prerank,mTORC1 Signaling,-0.33689386336379085,-1.1814967498031097,0.19965576592082615,1.0,0.987,19/55,23.60%,ELOVL6;TMEM97;BUB1;MCM2;HSPD1;HMGCS1;NFKBIB;HSPA4;SLC37A4;CDKN1A;SLC1A4;TBK1;PIK3R3;PLK1;CCNF;PGM1;NAMPT;YKT6;ATP6V1D,CD4 Effector Memory,Baricitinib_vs._Baricitinib phosphate,Hallmark
9,prerank,Oxidative Phosphorylation,-0.4134281351052462,-1.1546126736737026,0.2787456445993031,1.0,0.992,11/24,26.09%,SLC25A4;PDHX;ATP1B1;DECR1;ATP6V0B;DLD;SLC25A3;ECH1;NNT;ATP6V1D;SDHB,CD4 Effector Memory,Baricitinib_vs._Baricitinib phosphate,Hallmark
10,prerank,Apical Junction,-0.3669691915918248,-1.147887338916766,0.2689075630252101,0.8333083270817705,0.995,12/34,20.79%,CTNND1;ITGA3;ICAM1;RASA1;MPZL1;SORBS3;STX4;HADH;MAP4K2;PIK3R3;TGFBI;JAM3,CD4 Effector Memory,Baricitinib_vs._Baricitinib phosphate,Hallmark
11,prerank,PI3K/AKT/mTOR  Signaling,0.315802398079477,1.0916418082888655,0.3293269230769231,0.9096042997351612,0.984,3/41,5.45%,TIAM1;HRAS;CDK1,CD4 Effector Memory,Baricitinib_vs._Baricitinib phosphate,Hallmark
12,prerank,Myogenesis,0.370311103192172,1.0002025416823677,0.4386792452830189,1.0,0.996,4/16,8.49%,IGFBP3;APP;GADD45B;GAA,CD4 Effector Memory,Baricitinib_vs._Baricitinib phosphate,Hallmark
13,prerank,heme Metabolism,-0.3422015210255088,-0.9771723922141559,0.5061728395061729,1.0,1.0,7/23,24.38%,ABCG2;ARHGEF12;XPO7;FBXO7;LRP10;NNT;SLC25A37,CD4 Effector Memory,Baricitinib_vs._Baricitinib phosphate,Hallmark
14,prerank,UV Response Dn,0.31669280072551953,0.9760311916125555,0.46080760095011875,1.0,0.996,3/27,8.33%,MYC;IGF1R;RUNX1,CD4 Effector Memory,Baricitinib_vs._Baricitinib phosphate,Hallmark
15,prerank,Glycolysis,-0.3043600923839951,-0.9659657333566952,0.5008488964346349,1.0,1.0,9/38,16.04%,GALE;SLC25A13;NASP;AGL;SLC37A4;ECD;FKBP4;GNPDA1;DLD,CD4 Effector Memory,Baricitinib_vs._Baricitinib phosphate,Hallmark
16,prerank,Interferon Gamma Response,0.24878598345306227,0.9654280507075887,0.5508021390374331,1.0,0.996,21/80,23.44%,IRF5;CMKLR1;HIF1A;CASP7;ISG15;ISOC1;SLAMF7;SOCS1;PSMB10;PSME2;CD38;PIM1;GZMA;NUP93;ARID5B;TXNIP;PTPN1;RIPK2;KLRK1;CASP8;IFIT2,CD4 Effector Memory,Baricitinib_vs._Baricitinib phosphate,Hallmark
17,prerank,Mitotic Spindle,-0.3118278687597376,-0.9644968297439797,0.5234899328859061,1.0,1.0,8/32,8.96%,TOP2A;ECT2;BUB1;ARHGEF12;ARFIP2;KIF20B;RASA1;NUSAP1,CD4 Effector Memory,Baricitinib_vs._Baricitinib phosphate,Hallmark
18,prerank,Apoptosis,0.25463509919310556,0.960741551938255,0.5405405405405406,0.9287944879547934,0.996,17/62,23.83%,LEF1;APP;GADD45B;GNA15;CASP7;TNF;PMAIP1;HSPB1;WEE1;CD38;TXNIP;GADD45A;BCL2L1;CDC25B;CASP8;CCND2;PRF1,CD4 Effector Memory,Baricitinib_vs._Baricitinib phosphate,Hallmark
19,prerank,Estrogen Response Late,0.3054132653945162,0.9487357030897517,0.5059101654846335,0.8845647037440931,0.997,3/29,5.92%,TIAM1;MAPK13;PRSS23,CD4 Effector Memory,Baricitinib_vs._Baricitinib phosphate,Hallmark
20,prerank,Inflammatory Response,-0.2594012011676475,-0.9222628084337335,0.6134868421052632,1.0,1.0,26/58,33.57%,OSM;IL15;ICAM1;LAMP3;IL15RA;RGS1;CDKN1A;PLAUR;LTA;PSEN1;TNFRSF9;NAMPT;ACVR2A;NFKB1;RAF1;IRF7;RELA;NOD2;ATP2C1;LCK;TLR3;TNFRSF1B;BST2;SLC11A2;IL4R;NFKBIA,CD4 Effector Memory,Baricitinib_vs._Baricitinib phosphate,Hallmark
21,prerank,Cholesterol Homeostasis,0.30752046541657707,0.919046804653889,0.5757575757575758,0.9000922741380757,0.999,2/22,0.70%,LGMN;ALDOC,CD4 Effector Memory,Baricitinib_vs._Baricitinib phosphate,Hallmark
22,prerank,G2-M Checkpoint,-0.25944952684797046,-0.9074412291025085,0.6222596964586846,0.9771192798199551,1.0,20/55,26.17%,TOP2A;BUB1;NASP;TENT4A;CDC6;MCM2;KIF20B;NUSAP1;CTCF;ATF5;TFDP1;PLK1;SMC4;CCNF;ILF3;CHEK1;SMARCC1;CASP8AP2;MCM6;EWSR1,CD4 Effector Memory,Baricitinib_vs._Baricitinib phosphate,Hallmark
23,prerank,Xenobiotic Metabolism,0.28279045745569614,0.9050506111025143,0.6065573770491803,0.8733837046268889,0.999,9/27,18.54%,ABCC2;CAT;ADH5;PSMB10;HPRT1;ALAS1;PGRMC1;SLC35B1;CBR1,CD4 Effector Memory,Baricitinib_vs._Baricitinib phosphate,Hallmark
24,prerank,Unfolded Protein Response,-0.28700793447871853,-0.8609987697520011,0.6569965870307167,1.0,1.0,5/26,18.54%,CEBPB;CNOT2;PDIA6;SLC1A4;TATDN2,CD4 Effector Memory,Baricitinib_vs._Baricitinib phosphate,Hallmark
25,prerank,TNF-alpha Signaling via NF-kB,-0.2354258994833235,-0.857301869435816,0.7559055118110236,0.9274193548387096,1.0,20/71,25.55%,CEBPB;CEBPD;MSC;ICAM1;CD80;IER5;CD83;IL15RA;CDKN1A;PLAUR;NFKB2;KLF9;TNFRSF9;NAMPT;NFKBIE;RELB;FOS;REL;NFKB1;TIPARP,CD4 Effector Memory,Baricitinib_vs._Baricitinib phosphate,Hallmark
26,prerank,Androgen Response,0.3176774444839699,0.8523013127897833,0.6325167037861915,0.9422028353326063,0.999,7/16,24.22%,MAF;CCND3;CDK6;RAB4A;ARID5B;AKT1;PTK2B,CD4 Effector Memory,Baricitinib_vs._Baricitinib phosphate,Hallmark
27,prerank,Epithelial Mesenchymal Transition,-0.27897383570925677,-0.8308814160904211,0.703125,0.9111893357954874,1.0,7/25,20.09%,LRP1;IL15;PLAUR;SGCB;TNFRSF12A;TGFBI;IL32,CD4 Effector Memory,Baricitinib_vs._Baricitinib phosphate,Hallmark
28,prerank,Hypoxia,0.23409095997490292,0.8299225537276493,0.7645631067961165,0.931621455834242,0.999,6/45,14.33%,ALDOC;IGFBP3;GAA;BCL2;ETS1;PIM1,CD4 Effector Memory,Baricitinib_vs._Baricitinib phosphate,Hallmark
29,prerank,UV Response Up,0.24534488381916159,0.8251794670119019,0.7579462102689487,0.8845981140547822,0.999,11/36,20.09%,FOSB;POLG2;PRKCD;CLTB;CCND3;ACAA1;ALAS1;ABCB1;LYN;CREG1;RPN1,CD4 Effector Memory,Baricitinib_vs._Baricitinib phosphate,Hallmark
30,prerank,KRAS Signaling Up,0.227296540032526,0.7697973024487124,0.855072463768116,0.9270871198352114,1.0,11/37,23.99%,CMKLR1;IGFBP3;ETS1;ST6GAL1;ABCB1;DUSP6;CD37;ITGB2;TRIB2;CCND2;PRDM1,CD4 Effector Memory,Baricitinib_vs._Baricitinib phosphate,Hallmark
31,prerank,Myc Targets V1,0.2542117728973369,0.7656990020807972,0.8235294117647058,0.8828129484015382,1.0,5/24,13.16%,MYC;PCNA;MCM4;NOLC1;HPRT1,CD4 Effector Memory,Baricitinib_vs._Baricitinib phosphate,Hallmark
32,prerank,Pperoxisome,-0.26229255873367974,-0.722455638711402,0.8626465661641541,1.0,1.0,7/20,24.07%,TOP2A;SLC25A4;MSH2;ABCC5;ECH1;SCP2;SMARCC1,CD4 Effector Memory,Baricitinib_vs._Baricitinib phosphate,Hallmark
33,prerank,DNA Repair,-0.23200682667127487,-0.7140377040851335,0.8818493150684932,0.9532883220805201,1.0,13/30,33.02%,MPC2;POLA1;POLR1C;GTF2A2;CANT1;RAD51;POLD4;RALA;POLB;PRIM1;POLR2I;RNMT;ADA,CD4 Effector Memory,Baricitinib_vs._Baricitinib phosphate,Hallmark
34,prerank,Interferon Alpha Response,-0.20592003054966884,-0.6520308039511155,0.9397394136807817,0.9453300825206301,1.0,4/34,12.31%,IL15;IL7;LAMP3;LAP3,CD4 Effector Memory,Baricitinib_vs._Baricitinib phosphate,Hallmark
35,prerank,IL-6/JAK/STAT3 Signaling,0.18201462577994112,0.6030990938107305,0.9735576923076923,0.9722600872410033,1.0,7/34,19.16%,TNF;SOCS1;LTB;CD38;PIM1;IL17RA;PTPN1,CD4 Effector Memory,Baricitinib_vs._Baricitinib phosphate,Hallmark
0,prerank,Estrogen Response Early,-0.5748042353536121,-1.8006696337900654,0.005050505050505051,0.06854296782354337,0.051,6/26,9.50%,TIAM1;FKBP4;MICB;RRP12;GAB2;IL6ST,CD4 Effector Memory,Canertinib_vs._Canertinib dihydrochloride,Hallmark
1,prerank,Complement,-0.4507221775732271,-1.6912463168346672,0.0,0.07862281603288798,0.108,12/59,8.10%,HSPA1A;DUSP6;FCER1G;PLAUR;GZMK;CALM3;LIPA;IRF7;CDK5R1;GZMA;CSRP1;ITGAM,CD4 Effector Memory,Canertinib_vs._Canertinib dihydrochloride,Hallmark
2,prerank,p53 Pathway,-0.4198948217793203,-1.581022888065649,0.0029585798816568047,0.10662239439217856,0.198,11/52,12.46%,APP;CDKN2A;TRIB3;CDK5R1;COQ8A;GADD45A;IER5;NOTCH1;ELP1;SESN1;CCND3,CD4 Effector Memory,Canertinib_vs._Canertinib dihydrochloride,Hallmark
3,prerank,IL-6/JAK/STAT3 Signaling,0.4871550738773259,1.5015340100762256,0.03260869565217391,0.5183075671277462,0.457,13/34,23.99%,TNFRSF12A;TNF;IL18R1;STAT2;TYK2;IL4R;IFNAR1;IL7;SOCS1;IL3RA;CD38;IL10RB;FAS,CD4 Effector Memory,Canertinib_vs._Canertinib dihydrochloride,Hallmark
4,prerank,Estrogen Response Late,-0.4561318753065613,-1.4337233891776806,0.06582278481012659,0.2187327061427781,0.453,6/29,9.50%,TIAM1;FKBP4;MICB;LSR;HPRT1;IL6ST,CD4 Effector Memory,Canertinib_vs._Canertinib dihydrochloride,Hallmark
5,prerank,Epithelial Mesenchymal Transition,0.4834167358028635,1.3795804243574594,0.0904836193447738,0.6525630593978845,0.78,6/25,13.24%,TNFRSF12A;THBS1;TGFBI;IL15;LRP1;SGCB,CD4 Effector Memory,Canertinib_vs._Canertinib dihydrochloride,Hallmark
6,prerank,Interferon Gamma Response,0.35718790264562594,1.2690948984222399,0.08913649025069638,0.8858150257662057,0.958,25/80,23.99%,OAS3;PSME2;ST3GAL5;IL15;IRF5;PSMB9;STAT2;ARID5B;HERC6;PTPN6;CD40;HIF1A;IL4R;IFIT1;IFI35;NCOA3;IL7;SOCS1;CMKLR1;CD38;TNFSF10;CASP8;IFNAR2;PSMB10;FAS,CD4 Effector Memory,Canertinib_vs._Canertinib dihydrochloride,Hallmark
7,prerank,Mitotic Spindle,-0.36960655711786156,-1.218350444090904,0.15561959654178675,0.5916198909004664,0.857,6/32,7.71%,TIAM1;AURKA;KIF20B;NET1;NUSAP1;NDC80,CD4 Effector Memory,Canertinib_vs._Canertinib dihydrochloride,Hallmark
8,prerank,Allograft Rejection,0.3290477842627877,1.191233825001287,0.1673525377229081,1.0,0.991,17/86,15.19%,CD80;TLR3;TNF;TLR6;IL12A;DYRK3;NCF4;IFNG;IL18RAP;IL15;CCR5;PTPN6;LYN;CD40;TLR1;HIF1A;IL4R,CD4 Effector Memory,Canertinib_vs._Canertinib dihydrochloride,Hallmark
9,prerank,G2-M Checkpoint,0.3567295068711776,1.1824170428236846,0.20451127819548873,0.8369406021155411,0.994,13/55,14.41%,CDC6;KIF11;BUB1;CENPF;CDK1;NASP;SUV39H1;MNAT1;ILF3;CDC7;TENT4A;HIF1A;JPT1,CD4 Effector Memory,Canertinib_vs._Canertinib dihydrochloride,Hallmark
10,prerank,KRAS Signaling Up,-0.34568817781709615,-1.1658010322855041,0.2257142857142857,0.6323424776662186,0.922,8/37,18.07%,DUSP6;FCER1G;PLAUR;CLEC4A;TNFRSF1B;ITGB2;MAP3K1;ETS1,CD4 Effector Memory,Canertinib_vs._Canertinib dihydrochloride,Hallmark
11,prerank,Interferon Alpha Response,0.374384358802496,1.1331568123605735,0.29067930489731436,0.8788988337401682,0.997,9/34,16.74%,LAMP3;PSME2;IL15;PSMB9;STAT2;HERC6;IL4R;IFI35;IL7,CD4 Effector Memory,Canertinib_vs._Canertinib dihydrochloride,Hallmark
12,prerank,mTORC1 Signaling,-0.3001970623574832,-1.1242509020564966,0.23529411764705882,0.6529821668567816,0.951,12/55,16.90%,MLLT11;TRIB3;AURKA;UNG;HSPD1;HPRT1;TXNRD1;MCM4;G6PD;CCNF;ITGB2;HMGCS1,CD4 Effector Memory,Canertinib_vs._Canertinib dihydrochloride,Hallmark
13,prerank,Cholesterol Homeostasis,-0.358474488195797,-1.0763695336895835,0.3601036269430052,0.7000454581389833,0.981,4/22,3.19%,TRIB3;PLAUR;ALCAM;CXCL16,CD4 Effector Memory,Canertinib_vs._Canertinib dihydrochloride,Hallmark
14,prerank,TNF-alpha Signaling via NF-kB,0.3024488346045084,1.060412875140762,0.3599419448476052,1.0,0.998,11/71,14.25%,CD80;TNF;EGR2;SLC2A6;DUSP4;IL23A;DUSP2;NR4A1;MSC;BIRC2;CEBPB,CD4 Effector Memory,Canertinib_vs._Canertinib dihydrochloride,Hallmark
15,prerank,IL-2/STAT5 Signaling,-0.2812486766190352,-1.037522193751017,0.35514018691588783,0.7336636185557049,0.989,10/58,13.63%,TIAM1;CCR4;SELL;ALCAM;IL2RA;SOCS2;CCND3;TNFRSF1B;IRF4;MYC,CD4 Effector Memory,Canertinib_vs._Canertinib dihydrochloride,Hallmark
16,prerank,Adipogenesis,0.34642626710606883,1.0182335351105865,0.4332298136645963,1.0,0.999,9/25,28.35%,DNAJC15;ELOVL6;VEGFB;ETFB;CHUK;DECR1;DHRS7;NMT1;DLD,CD4 Effector Memory,Canertinib_vs._Canertinib dihydrochloride,Hallmark
17,prerank,Myogenesis,-0.3734817613354347,-1.0129982493942755,0.4509283819628647,0.7278994386908055,0.994,1/16,0.47%,APP,CD4 Effector Memory,Canertinib_vs._Canertinib dihydrochloride,Hallmark
18,prerank,PI3K/AKT/mTOR  Signaling,-0.2837962384161414,-0.9947371080965711,0.47692307692307695,0.7088882340680902,0.996,2/41,1.17%,TIAM1;TRIB3,CD4 Effector Memory,Canertinib_vs._Canertinib dihydrochloride,Hallmark
19,prerank,Hypoxia,-0.27113861083725393,-0.9601324604553594,0.5465116279069767,0.7382928821777742,0.999,10/45,19.08%,MIF;PLAUR;EXT1;TGFB3;DUSP1;MAP3K1;ETS1;NFIL3;IER3;GPC1,CD4 Effector Memory,Canertinib_vs._Canertinib dihydrochloride,Hallmark
20,prerank,Inflammatory Response,0.2797333484250069,0.9450943445484496,0.5682492581602374,1.0,1.0,18/58,23.52%,LAMP3;TLR3;IL18R1;IL18RAP;IL15;RGS1;IRAK2;LYN;CD40;TLR1;HIF1A;IL4R;IFNAR1;NOD2;CMKLR1;C3AR1;TNFSF10;GNA15,CD4 Effector Memory,Canertinib_vs._Canertinib dihydrochloride,Hallmark
21,prerank,Glycolysis,0.3022061972124985,0.9431839373799212,0.5396113602391629,1.0,1.0,6/38,7.71%,CDK1;PMM2;NASP;TGFBI;PGAM1;SPAG4,CD4 Effector Memory,Canertinib_vs._Canertinib dihydrochloride,Hallmark
22,prerank,Unfolded Protein Response,-0.2902854538845689,-0.9180940190310481,0.5803814713896458,0.7857112450360929,1.0,11/26,28.58%,FKBP14;BAG3;EXOSC4;NOLC1;EIF4EBP1;SLC1A4;CKS1B;MTHFD2;POP4;HYOU1;SHC1,CD4 Effector Memory,Canertinib_vs._Canertinib dihydrochloride,Hallmark
23,prerank,UV Response Dn,0.31368666042691196,0.9127916063041045,0.6067588325652842,1.0,1.0,11/27,31.15%,RUNX1;PIK3R3;RXRA;TENT4A;ZMIZ1;MAP2K5;NR3C1;SMAD7;NFKB1;ERBB2;SMAD3,CD4 Effector Memory,Canertinib_vs._Canertinib dihydrochloride,Hallmark
24,prerank,DNA Repair,-0.2819742669171711,-0.9015760002511408,0.6206896551724138,0.7634765029420734,1.0,12/30,19.94%,RAD51;HPRT1;RNMT;GTF2A2;LIG1;POLR1C;RPA3;TP53;POLA1;CANT1;PCNA;RAE1,CD4 Effector Memory,Canertinib_vs._Canertinib dihydrochloride,Hallmark
25,prerank,E2F Targets,-0.2176458886000434,-0.8492055796209925,0.771875,0.8198276543600285,1.0,22/71,20.72%,CDKN2A;AURKA;CHEK2;PAICS;UNG;EZH2;MCM4;LIG1;MYC;ZW10;RPA3;TP53;HMGB2;ATAD2;SMC4;TMPO;HELLS;NOLC1;PCNA;ASF1A;SLBP;MCM5,CD4 Effector Memory,Canertinib_vs._Canertinib dihydrochloride,Hallmark
26,prerank,heme Metabolism,0.30168097737191335,0.8288004245609537,0.7142857142857143,1.0,1.0,2/23,4.44%,ABCG2;PPOX,CD4 Effector Memory,Canertinib_vs._Canertinib dihydrochloride,Hallmark
27,prerank,Oxidative Phosphorylation,0.2850859283424221,0.8167674769248405,0.7346938775510204,1.0,1.0,8/24,24.53%,HSD17B10;TOMM70;SLC25A3;TIMM9;ACAA1;ETFB;DECR1;ALAS1,CD4 Effector Memory,Canertinib_vs._Canertinib dihydrochloride,Hallmark
28,prerank,Myc Targets V1,-0.2557244813940088,-0.7835469349792986,0.7759562841530054,0.8751828207763459,1.0,12/24,25.16%,TFDP1;HSPD1;HPRT1;MCM4;MYC;NOLC1;CDK2;PCNA;MCM5;PSMD7;RRM1;USP1,CD4 Effector Memory,Canertinib_vs._Canertinib dihydrochloride,Hallmark
29,prerank,Xenobiotic Metabolism,0.2663861322755584,0.7826201166236787,0.796875,1.0,1.0,10/27,24.77%,CBR1;BPHL;CNDP2;ADH5;ID2;PSMB10;DHRS7;FAS;ALAS1;NPC1,CD4 Effector Memory,Canertinib_vs._Canertinib dihydrochloride,Hallmark
30,prerank,Apoptosis,0.22069096971435131,0.7573384262154732,0.889055472263868,1.0,1.0,17/62,27.49%,TNFRSF12A;TNF;WEE1;DFFA;LGALS3;BID;PMAIP1;CD38;TNFSF10;CASP8;GNA15;FAS;IGF2R;CFLAR;CD69;SMAD7;FEZ1,CD4 Effector Memory,Canertinib_vs._Canertinib dihydrochloride,Hallmark
31,prerank,UV Response Up,0.24155415225748947,0.7345925697370083,0.8905775075987842,1.0,1.0,12/36,25.31%,PARP2;FEN1;STK25;NR4A1;LYN;BID;POLG2;TFRC;ACAA1;CLTB;ALAS1;RPN1,CD4 Effector Memory,Canertinib_vs._Canertinib dihydrochloride,Hallmark
32,prerank,Fatty Acid Metabolism,0.24861160144821667,0.7031834585480965,0.871499176276771,1.0,1.0,5/22,22.35%,CBR1;HSD17B10;BPHL;ACAA1;DECR1,CD4 Effector Memory,Canertinib_vs._Canertinib dihydrochloride,Hallmark
33,prerank,Androgen Response,0.2594037115230752,0.6774158389300208,0.8877551020408163,0.980291112919266,1.0,3/16,14.88%,ARID5B;PTK2B;ZMIZ1,CD4 Effector Memory,Canertinib_vs._Canertinib dihydrochloride,Hallmark
34,prerank,Apical Junction,0.17271286019094156,0.520761628097885,0.9968944099378882,0.9925484989936191,1.0,11/34,35.75%,TGFBI;PIK3R3;SORBS3;MAP3K20;IKBKG;EVL;PIK3CB;MAP4K2;AKT2;PTPRC;STX4,CD4 Effector Memory,Canertinib_vs._Canertinib dihydrochloride,Hallmark
35,prerank,Pperoxisome,-0.11620352588454674,-0.33509747442049076,1.0,1.0,1.0,8/20,32.79%,SLC25A4;BCL10;SCP2;HSD17B11;FIS1;HRAS;PEX11A;IDE,CD4 Effector Memory,Canertinib_vs._Canertinib dihydrochloride,Hallmark
0,prerank,Myogenesis,0.37079444007972434,1.316108279981056,0.10126582278481013,0.200652528548124,0.109,4/16,3.35%,APP;SORBS3;CDKN1A;CLU,CD4 Effector Memory,Erlotinib_vs._Erlotinib hydrochloride,Hallmark
1,prerank,Estrogen Response Early,-0.4524046840268907,-1.255526007541866,0.14978902953586498,1.0,0.989,8/26,19.94%,PEX11A;TIAM1;MICB;IGF1R;MYC;CANT1;BCL11B;BCL2,CD4 Effector Memory,Erlotinib_vs._Erlotinib hydrochloride,Hallmark
2,prerank,Hypoxia,-0.40570299160362416,-1.208496860522949,0.16700404858299595,1.0,1.0,18/45,34.03%,TGFB3;XPNPEP1;NFIL3;ATF3;DDIT4;CDKN1B;ETS1;PLAUR;IGFBP3;BCL2;GLRX;IER3;FOSL2;ISG20;HK1;JMJD6;DUSP1;GPI,CD4 Effector Memory,Erlotinib_vs._Erlotinib hydrochloride,Hallmark
3,prerank,mTORC1 Signaling,-0.38854852351701363,-1.178562944729032,0.2014098690835851,1.0,1.0,19/55,24.69%,TRIB3;PLK1;MLLT11;UNG;NFIL3;CCNF;NFKBIB;DDIT4;RPN1;MCM4;MTHFD2;AURKA;PIK3R3;ACLY;BUB1;GLRX;RPA1;EBP;TBK1,CD4 Effector Memory,Erlotinib_vs._Erlotinib hydrochloride,Hallmark
4,prerank,Glycolysis,-0.386386050723638,-1.1333211625491113,0.29296066252587993,1.0,1.0,16/38,28.35%,ABCB6;DDIT4;COG2;DLD;COPB2;ME2;PGAM1;NSDHL;IGFBP3;AURKA;GLRX;IER3;SLC25A13;ECD;ISG20;GALE,CD4 Effector Memory,Erlotinib_vs._Erlotinib hydrochloride,Hallmark
5,prerank,IL-2/STAT5 Signaling,-0.3648367829572742,-1.1092437572038785,0.30434782608695654,1.0,1.0,24/58,35.98%,SELL;TIAM1;IL2RA;NFIL3;CCR4;IGF1R;IL18R1;MYC;TNFRSF1B;ALCAM;TNFSF10;BCL2;BATF;CDC6;PRKCH;PRAF2;BCL2L1;ICOS;TNFRSF18;PNP;CCND2;SOCS1;RNH1;TNFRSF9,CD4 Effector Memory,Erlotinib_vs._Erlotinib hydrochloride,Hallmark
6,prerank,UV Response Up,-0.38394113979566025,-1.100711217589873,0.3374233128834356,1.0,1.0,16/36,42.52%,NR4A1;ATF3;LYN;ACAA1;RPN1;CDK2;CLTB;PARP2;PRKACA;IL6ST;BID;EIF5;STK25;YKT6;TFRC;JUNB,CD4 Effector Memory,Erlotinib_vs._Erlotinib hydrochloride,Hallmark
7,prerank,Inflammatory Response,-0.3564620416867716,-1.0872396529086383,0.347165991902834,1.0,1.0,16/58,23.52%,CCR7;SELL;TLR3;IL18R1;SLC11A2;MYC;TNFRSF1B;LYN;IRAK2;PLAUR;CD55;TNFSF10;BST2;TNFSF9;OSM;RGS1,CD4 Effector Memory,Erlotinib_vs._Erlotinib hydrochloride,Hallmark
8,prerank,Epithelial Mesenchymal Transition,-0.38255939396104144,-1.0427745839551494,0.42962962962962964,1.0,1.0,7/25,19.78%,THBS1;ID2;PLAUR;IGFBP3;TPM1;CALU;ITGB1,CD4 Effector Memory,Erlotinib_vs._Erlotinib hydrochloride,Hallmark
9,prerank,E2F Targets,-0.3340613073556956,-1.0352418836164363,0.4186746987951807,1.0,1.0,22/71,23.21%,CHEK2;PLK1;PAICS;CDKN2A;UNG;ATAD2;USP1;MYC;NUP107;CDKN1B;TIMELESS;MCM4;EZH2;WEE1;SUV39H1;CDK4;MTHFD2;AURKA;ZW10;SMC1A;LIG1;RPA1,CD4 Effector Memory,Erlotinib_vs._Erlotinib hydrochloride,Hallmark
10,prerank,TNF-alpha Signaling via NF-kB,-0.3321711113726391,-1.0311385692048445,0.42497482376636453,1.0,1.0,13/71,15.03%,NR4A1;EGR1;TGIF1;NFIL3;ATF3;MYC;MSC;DUSP4;CD80;BCL6;ID2;PLAUR;IL23A,CD4 Effector Memory,Erlotinib_vs._Erlotinib hydrochloride,Hallmark
11,prerank,Cholesterol Homeostasis,-0.38029309410473217,-1.0304741094909788,0.4595744680851064,1.0,1.0,6/22,14.72%,TRIB3;NFIL3;ATF3;ALCAM;NSDHL;PLAUR,CD4 Effector Memory,Erlotinib_vs._Erlotinib hydrochloride,Hallmark
12,prerank,PI3K/AKT/mTOR  Signaling,-0.35644341908852517,-1.0299200886486675,0.4671457905544148,1.0,1.0,11/41,20.56%,TRIB3;TIAM1;NFKBIB;FASLG;CDKN1B;TRAF2;CDK2;NOD1;CDK4;PIK3R3;PAK4,CD4 Effector Memory,Erlotinib_vs._Erlotinib hydrochloride,Hallmark
13,prerank,Myc Targets V1,-0.3779580664526411,-1.0186950218093522,0.4794952681388013,1.0,1.0,12/24,43.93%,USP1;MYC;MCM4;CDK2;CDK4;HDAC2;PWP1;SMARCC1;VDAC1;MCM5;MCM2;RNPS1,CD4 Effector Memory,Erlotinib_vs._Erlotinib hydrochloride,Hallmark
14,prerank,KRAS Signaling Up,-0.34932234541049517,-1.0035120394086252,0.5005224660397074,1.0,1.0,10/37,23.36%,TNFRSF1B;ETS1;LY96;FCER1G;ID2;PLAUR;IGFBP3;GLRX;TRIB2;LAT2,CD4 Effector Memory,Erlotinib_vs._Erlotinib hydrochloride,Hallmark
15,prerank,Xenobiotic Metabolism,-0.359465470862531,-0.9958655447449909,0.4837355718782791,1.0,1.0,6/27,19.47%,ABCC2;ARG2;UGDH;ID2;NPC1;PPARD,CD4 Effector Memory,Erlotinib_vs._Erlotinib hydrochloride,Hallmark
16,prerank,Estrogen Response Late,-0.34880052109011916,-0.9864573476384356,0.5205047318611987,1.0,1.0,13/29,31.07%,TIAM1;MICB;UGDH;ID2;BCL2;BATF;CDC6;DUSP2;ISG20;GALE;JAK2;IL6ST;MAPK13,CD4 Effector Memory,Erlotinib_vs._Erlotinib hydrochloride,Hallmark
17,prerank,Allograft Rejection,-0.3078231519515229,-0.9681240319134475,0.5771543086172345,1.0,1.0,32/86,38.47%,IL12A;CD8A;CDKN2A;IL2RA;TLR3;CD28;FASLG;LYN;ETS1;TRAF2;CD80;KLRD1;TAP2;DYRK3;IKBKB;FYB1;CD40LG;CD96;IL16;CCR5;GZMB;JAK2;LCK;CD4;IL7;CCND2;RIPK2;SOCS1;STAT4;CD7;PSMB10;NCK1,CD4 Effector Memory,Erlotinib_vs._Erlotinib hydrochloride,Hallmark
18,prerank,heme Metabolism,-0.3499202557869455,-0.9528621983347142,0.5557917109458024,1.0,1.0,5/23,13.47%,ABCB6;HEBP1;LRP10;SLC11A2;NNT,CD4 Effector Memory,Erlotinib_vs._Erlotinib hydrochloride,Hallmark
19,prerank,Mitotic Spindle,0.20414526990287582,0.9518079778895298,0.6190476190476191,0.5440456769983687,0.471,5/32,4.05%,TOP2A;CENPE;NET1;HDAC6;ARHGEF12,CD4 Effector Memory,Erlotinib_vs._Erlotinib hydrochloride,Hallmark
20,prerank,Oxidative Phosphorylation,-0.35013464701981845,-0.9490515664677036,0.5721757322175732,1.0,1.0,16/24,52.73%,DLD;ACAA1;SUPV3L1;NNT;HSD17B10;GPI;CASP7;VDAC1;ETFB;TIMM9;ATP6V0B;OXA1L;PDHX;TOMM70;ATP1B1;ATP6V1D,CD4 Effector Memory,Erlotinib_vs._Erlotinib hydrochloride,Hallmark
21,prerank,Interferon Alpha Response,-0.3237924151664818,-0.926752586206537,0.612603305785124,1.0,1.0,13/34,36.92%,SELL;PSME2;TXNIP;IFITM2;BST2;IRF2;ISG20;IFIH1;IL7;RIPK2;MX1;HERC6;LAP3,CD4 Effector Memory,Erlotinib_vs._Erlotinib hydrochloride,Hallmark
22,prerank,p53 Pathway,-0.3067596726658717,-0.9174024618421619,0.6561866125760649,1.0,1.0,20/52,36.45%,TRIB3;CDKN2A;TXNIP;ATF3;DDIT4;ABCC5;CTSD;RAD9A;BLCAP;DNTTIP2;TNFSF9;IER3;TP53;RXRA;RRP8;HRAS;CCND2;CYFIP2;SOCS1;ELP1,CD4 Effector Memory,Erlotinib_vs._Erlotinib hydrochloride,Hallmark
23,prerank,Fatty Acid Metabolism,-0.32001181050168304,-0.8697269077333859,0.708994708994709,1.0,1.0,6/22,17.60%,HADH;DLD;ACAA1;UGDH;NSDHL;HSD17B10,CD4 Effector Memory,Erlotinib_vs._Erlotinib hydrochloride,Hallmark
24,prerank,IL-6/JAK/STAT3 Signaling,-0.29949169613697496,-0.8560186494089075,0.7212435233160622,1.0,1.0,5/34,11.29%,IL17RA;IL2RA;IL18R1;TNFRSF1B;IL10RB,CD4 Effector Memory,Erlotinib_vs._Erlotinib hydrochloride,Hallmark
25,prerank,Interferon Gamma Response,-0.26876517546779305,-0.8373072751195139,0.8165322580645161,1.0,1.0,29/80,38.08%,IRF5;PSME2;KLRK1;TXNIP;CD274;IFITM2;NOD1;MTHFD2;TNFSF10;BST2;SLAMF7;IRF2;ARID5B;ISOC1;ISG20;JAK2;OAS3;IFIH1;IL7;PNP;RIPK2;CASP7;SOCS1;ST3GAL5;MX1;HERC6;STAT4;LAP3;PSMB10,CD4 Effector Memory,Erlotinib_vs._Erlotinib hydrochloride,Hallmark
26,prerank,DNA Repair,-0.2908066170821027,-0.8118516461064366,0.7776628748707343,1.0,1.0,10/30,36.29%,POLA1;RAD51;CANT1;LIG1;RAE1;RFC5;TP53;RPA3;PNP;POLR2K,CD4 Effector Memory,Erlotinib_vs._Erlotinib hydrochloride,Hallmark
27,prerank,Unfolded Protein Response,-0.2924757136679605,-0.8099382700613131,0.784375,1.0,1.0,16/26,53.19%,ATF3;DDIT4;EXOSC4;CNOT4;MTHFD2;ATF6;POP4;DDX10;SLC1A4;HYOU1;BAG3;EIF4EBP1;FKBP14;EIF4G1;EDEM1;SHC1,CD4 Effector Memory,Erlotinib_vs._Erlotinib hydrochloride,Hallmark
28,prerank,UV Response Dn,-0.2847362534934332,-0.7876628465428959,0.8052083333333333,1.0,1.0,4/27,8.80%,IGF1R;ERBB2;MYC;CDKN1B,CD4 Effector Memory,Erlotinib_vs._Erlotinib hydrochloride,Hallmark
29,prerank,Complement,-0.25893733473413183,-0.7873995842087077,0.8588709677419355,0.996039734119909,1.0,23/59,38.24%,F5;XPNPEP1;CTSH;LYN;GATA3;CTSD;FCER1G;PLAUR;CD55;CD40LG;S100A13;IRF2;CALM3;GZMB;CBLB;PIK3CA;JAK2;LCK;CASP7;CD46;LAP3;STX4;CD59,CD4 Effector Memory,Erlotinib_vs._Erlotinib hydrochloride,Hallmark
30,prerank,Apical Junction,-0.270243227762504,-0.7776311369350185,0.8234086242299795,0.9746401889640101,1.0,15/34,41.28%,CD274;HADH;FYB1;PIK3R3;ITGB1;IKBKG;MAP4K2;MPZL1;MAPK13;HRAS;PIK3CB;ITGA3;STX4;MAPK11;MAP3K20,CD4 Effector Memory,Erlotinib_vs._Erlotinib hydrochloride,Hallmark
31,prerank,Adipogenesis,-0.2764826831641255,-0.7629944585509633,0.8121720881427072,0.959914495504304,1.0,17/25,61.06%,HADH;DLD;VEGFB;BCL6;ACLY;DNAJC15;ELOVL6;ETFB;SQOR;GADD45A;IFNGR1;DHRS7;SCP2;STAT5A;PGM1;REEP5;ECH1,CD4 Effector Memory,Erlotinib_vs._Erlotinib hydrochloride,Hallmark
32,prerank,Pperoxisome,-0.26682507284212853,-0.7090715673345697,0.871931696905016,0.9830722619977477,1.0,3/20,12.31%,PEX11A;ACAA1;ABCC5,CD4 Effector Memory,Erlotinib_vs._Erlotinib hydrochloride,Hallmark
33,prerank,Apoptosis,-0.19127652521414612,-0.5898782999241347,0.9787664307381193,1.0,1.0,17/62,34.97%,TXNIP;ERBB2;ATF3;FASLG;CDKN1B;HSPB1;CDK2;WEE1;TNFSF10;EBP;IER3;ISG20;BCL2L1;DNM1L;BID;CCND2;CASP7,CD4 Effector Memory,Erlotinib_vs._Erlotinib hydrochloride,Hallmark
34,prerank,G2-M Checkpoint,-0.19321757453090138,-0.5896187801880779,0.9757330637007078,0.9959635464322875,1.0,12/55,21.65%,PLK1;CCNF;MYC;CDKN1B;EZH2;SUV39H1;CDK4;EWSR1;AURKA;SMC1A;CDC6;BUB1,CD4 Effector Memory,Erlotinib_vs._Erlotinib hydrochloride,Hallmark
35,prerank,Androgen Response,-0.20616308910821807,-0.5268744991778179,0.9813800657174151,0.985391384367631,1.0,7/16,48.99%,CDK6;ARID5B;RAB4A;HMGCS1;RRP12;APPBP2;MAF,CD4 Effector Memory,Erlotinib_vs._Erlotinib hydrochloride,Hallmark
0,prerank,UV Response Up,-0.4624626954155244,-1.5346451687304747,0.035422343324250684,0.42388924207106027,0.287,12/36,15.19%,FOS;ICAM1;FOSB;PARP2;FKBP4;SLC25A4;ALAS1;CASP3;ACAA1;PRKCD;DNAJB1;SQSTM1,CD4 Effector Memory,Gefitinib_vs._Gefitinib hydrochloride,Hallmark
1,prerank,Unfolded Protein Response,0.5222181524919933,1.5335057855457563,0.032534246575342464,0.42187428466785704,0.38,7/26,13.63%,FKBP14;DDIT4;NOLC1;CEBPB;SLC1A4;SHC1;ATF6,CD4 Effector Memory,Gefitinib_vs._Gefitinib hydrochloride,Hallmark
2,prerank,Estrogen Response Late,-0.500546421804857,-1.5303572691029512,0.029023746701846966,0.21794871794871795,0.293,6/29,5.37%,LSR;TIAM1;PTPN6;FOS;CDC6;FKBP4,CD4 Effector Memory,Gefitinib_vs._Gefitinib hydrochloride,Hallmark
3,prerank,KRAS Signaling Up,0.47345317281664545,1.5206559354643177,0.024834437086092714,0.2361626150254086,0.407,10/37,16.51%,LY96;IGFBP3;DUSP6;PLAUR;FCER1G;SATB1;KIF5C;ATG10;PRDM1;TNFRSF1B,CD4 Effector Memory,Gefitinib_vs._Gefitinib hydrochloride,Hallmark
4,prerank,Interferon Alpha Response,0.481853536623217,1.5188403277489297,0.026446280991735537,0.15860153519815656,0.408,16/34,29.60%,PSME2;STAT2;LAMP3;IFIT2;ISG20;IFI35;PLSCR1;BST2;RIPK2;LAP3;OAS1;ISG15;IL7;CASP8;IRF7;PSME1,CD4 Effector Memory,Gefitinib_vs._Gefitinib hydrochloride,Hallmark
5,prerank,Inflammatory Response,0.4191871962912253,1.4225881779204501,0.03470031545741325,0.247470585542279,0.654,21/58,20.79%,TNFSF9;TNFRSF9;TLR1;CD70;LTA;PLAUR;IL18RAP;CXCR6;RGS1;LAMP3;SLAMF1;IRAK2;IL18R1;TLR3;CD69;TNFRSF1B;BST2;RIPK2;MYC;CD40;ACVR2A,CD4 Effector Memory,Gefitinib_vs._Gefitinib hydrochloride,Hallmark
6,prerank,Myc Targets V1,0.4649774018998436,1.322329064011523,0.12186978297161936,0.3870805292313327,0.875,14/24,36.53%,EPRS1;NOLC1;MCM6;CDK4;PWP1;CDK2;MYC;MCM5;PCNA;C1QBP;SMARCC1;TFDP1;TOMM70;HPRT1,CD4 Effector Memory,Gefitinib_vs._Gefitinib hydrochloride,Hallmark
7,prerank,Apical Junction,0.41719977015169074,1.293394602193323,0.1188118811881188,0.38171649193486856,0.915,13/34,22.04%,ITGA3;PIK3R3;ITGB1;MAPK11;CD274;ICAM2;MAP3K20;SHC1;SORBS3;TGFBI;INSIG1;RSU1;MAPK13,CD4 Effector Memory,Gefitinib_vs._Gefitinib hydrochloride,Hallmark
8,prerank,Mitotic Spindle,-0.3977982996035906,-1.2631204404311986,0.14285714285714285,0.8145558145558145,0.836,7/32,9.97%,BUB1;TIAM1;NUSAP1;CKAP5;ECT2;NET1;ARHGEF2,CD4 Effector Memory,Gefitinib_vs._Gefitinib hydrochloride,Hallmark
9,prerank,Fatty Acid Metabolism,0.43860866911581253,1.2356949159619504,0.1825938566552901,0.4495850256048031,0.96,4/22,8.02%,CBR3;BPHL;PCBD1;NSDHL,CD4 Effector Memory,Gefitinib_vs._Gefitinib hydrochloride,Hallmark
10,prerank,Allograft Rejection,-0.30148782528271045,-1.1773257828976202,0.1783625730994152,0.918026418026418,0.939,10/86,8.10%,NCF4;DYRK3;PTPN6;CD28;ICAM1;CD80;TNF;ETS1;GZMA;CDKN2A,CD4 Effector Memory,Gefitinib_vs._Gefitinib hydrochloride,Hallmark
11,prerank,DNA Repair,0.38780041137099064,1.1596571376145164,0.2541528239202658,0.5786636451036946,0.993,18/30,32.55%,POLR1C;RFC5;POLR2K;RPA3;POLA1;RNMT;RAE1;RALA;POLD4;RFC2;LIG1;RBX1;GTF2A2;RPA2;PCNA;MPC2;VPS28;POLB,CD4 Effector Memory,Gefitinib_vs._Gefitinib hydrochloride,Hallmark
12,prerank,UV Response Dn,0.38293088429502614,1.1529616128681075,0.2608695652173913,0.5293483292384542,0.993,11/27,27.26%,PIK3R3;MAP2K5;IGF1R;RUNX1;INSIG1;MYC;ACVR2A;RXRA;SMAD3;NFKB1;AKT3,CD4 Effector Memory,Gefitinib_vs._Gefitinib hydrochloride,Hallmark
13,prerank,p53 Pathway,-0.32201879123782506,-1.145206353665628,0.2233502538071066,0.8465776647594829,0.955,8/52,9.58%,APP;FOS;ABHD4;FOXO3;NOTCH1;CDKN2A;HRAS;IER5,CD4 Effector Memory,Gefitinib_vs._Gefitinib hydrochloride,Hallmark
14,prerank,Myogenesis,-0.4196983668829819,-1.1445831170376377,0.27450980392156865,0.7068823432459795,0.956,4/16,7.48%,APP;GADD45B;NOTCH1;FOXO4,CD4 Effector Memory,Gefitinib_vs._Gefitinib hydrochloride,Hallmark
15,prerank,Estrogen Response Early,-0.37492324251761794,-1.1330834360178448,0.27835051546391754,0.6369489096761823,0.961,5/26,5.69%,TIAM1;FOS;RRP12;FKBP4;SH3BP5,CD4 Effector Memory,Gefitinib_vs._Gefitinib hydrochloride,Hallmark
16,prerank,mTORC1 Signaling,-0.3053332211537516,-1.0928914647519674,0.29336734693877553,0.6660044500953592,0.982,7/55,6.54%,MLLT11;BUB1;CCNF;LGMN;TMEM97;NFKBIB;GSK3B,CD4 Effector Memory,Gefitinib_vs._Gefitinib hydrochloride,Hallmark
17,prerank,Hypoxia,0.33014627651415845,1.0820888069761871,0.3001605136436597,0.6422927253582383,0.999,5/45,3.97%,GAA;IER3;IGFBP3;DDIT4;PLAUR,CD4 Effector Memory,Gefitinib_vs._Gefitinib hydrochloride,Hallmark
18,prerank,Complement,-0.28599307433050347,-1.0587583748330143,0.3557422969187675,0.6817985605864393,0.988,16/59,16.12%,GZMK;LGMN;CASP10;S100A13;GZMA;PIK3CA;RAF1;PIM1;CASP3;STX4;ITGAM;PRKCD;JAK2;CD46;PSEN1;GATA3,CD4 Effector Memory,Gefitinib_vs._Gefitinib hydrochloride,Hallmark
19,prerank,Adipogenesis,0.36769798399590914,1.0510551578909046,0.3972602739726027,0.6587090517869257,1.0,13/25,37.07%,ELOVL6;FAH;SQOR;ACLY;SDHB;TANK;DLD;DNAJC15;DECR1;PGM1;NMT1;HADH;GADD45A,CD4 Effector Memory,Gefitinib_vs._Gefitinib hydrochloride,Hallmark
20,prerank,IL-6/JAK/STAT3 Signaling,0.338168093055137,1.0355271849671164,0.39672131147540984,0.6378855163362787,1.0,8/34,16.51%,CD38;STAT2;IL2RA;IL18R1;IL10RB;SOCS1;PTPN1;TNFRSF1B,CD4 Effector Memory,Gefitinib_vs._Gefitinib hydrochloride,Hallmark
21,prerank,heme Metabolism,-0.34766631147984933,-1.0298097132976027,0.419811320754717,0.6879494243130606,0.996,13/23,29.13%,FOXO3;KLF3;ABCG2;TRAK2;ABCB6;NNT;CAST;FBXO7;SLC25A37;SLC11A2;TFRC;CCND3;BNIP3L,CD4 Effector Memory,Gefitinib_vs._Gefitinib hydrochloride,Hallmark
22,prerank,TNF-alpha Signaling via NF-kB,0.2756127971751427,0.9916857671014911,0.47709320695102686,0.6930648438683049,1.0,25/71,25.47%,NR4A1;IER3;TNFSF9;TNFRSF9;PLAUR;DUSP4;CEBPB;IFIT2;MSC;NFE2L2;CD69;EGR2;RIPK2;NFKBIE;MYC;FUT4;CCL4;FOSL2;IL23A;TANK;REL;SMAD3;BTG1;NFKB1;DUSP2,CD4 Effector Memory,Gefitinib_vs._Gefitinib hydrochloride,Hallmark
23,prerank,Apoptosis,-0.2657929677233246,-0.9742346253034233,0.5068119891008175,0.7625203079748534,0.998,4/62,2.88%,APP;GADD45B;TNF;GNA15,CD4 Effector Memory,Gefitinib_vs._Gefitinib hydrochloride,Hallmark
24,prerank,Cholesterol Homeostasis,0.3464257849343859,0.9608860477895317,0.5378006872852233,0.7156951229880772,1.0,7/22,15.42%,PLAUR;CXCL16;NSDHL;TRIB3;ALCAM;PLSCR1;FDFT1,CD4 Effector Memory,Gefitinib_vs._Gefitinib hydrochloride,Hallmark
25,prerank,Androgen Response,0.369174725046573,0.9573329732161523,0.5337954939341422,0.6759266889468785,1.0,9/16,31.15%,ARID5B;AKT1;INSIG1;CDK6;UBE2J1;MAF;HMGCS1;ZMIZ1;TMEM50A,CD4 Effector Memory,Gefitinib_vs._Gefitinib hydrochloride,Hallmark
26,prerank,IL-2/STAT5 Signaling,-0.25737566173737975,-0.9476876921346014,0.5699481865284974,0.7643215370488098,1.0,9/58,11.92%,TIAM1;GADD45B;CDC6;CCR4;SOCS2;PIM1;CASP3;LTB;TNFSF10,CD4 Effector Memory,Gefitinib_vs._Gefitinib hydrochloride,Hallmark
27,prerank,Epithelial Mesenchymal Transition,0.32432190030005936,0.9404080766793342,0.5580645161290323,0.6680944696241359,1.0,4/25,9.42%,IGFBP3;PLAUR;ITGB1;THBS1,CD4 Effector Memory,Gefitinib_vs._Gefitinib hydrochloride,Hallmark
28,prerank,Interferon Gamma Response,0.2550226109227969,0.9394978634780549,0.5740740740740741,0.6303809808499694,1.0,17/80,17.21%,CD38;PSME2;STAT2;ARID5B;IFIT2;CD274;ISG20;SOCS1;KLRK1;IFI35;PTPN1;CD69;PLSCR1;NUP93;BST2;RIPK2;LAP3,CD4 Effector Memory,Gefitinib_vs._Gefitinib hydrochloride,Hallmark
29,prerank,Glycolysis,-0.28513723772161736,-0.9250770771319095,0.5682926829268292,0.7562390988964416,1.0,12/38,14.88%,SLC25A13;EXT1;COG2;GNPDA1;FKBP4;STMN1;ME2;NASP;SLC37A4;ARPP19;ABCB6;SPAG4,CD4 Effector Memory,Gefitinib_vs._Gefitinib hydrochloride,Hallmark
30,prerank,PI3K/AKT/mTOR  Signaling,-0.26773885465123703,-0.903055875328955,0.6082725060827251,0.7488824307006126,1.0,6/41,9.50%,TIAM1;RALB;NFKBIB;GSK3B;RAF1;HRAS,CD4 Effector Memory,Gefitinib_vs._Gefitinib hydrochloride,Hallmark
31,prerank,Xenobiotic Metabolism,0.2830430816154116,0.8266565812943631,0.7216494845360825,0.7905431183140289,1.0,2/27,1.40%,ABCC2;BPHL,CD4 Effector Memory,Gefitinib_vs._Gefitinib hydrochloride,Hallmark
32,prerank,Oxidative Phosphorylation,-0.26595553968047014,-0.8188721040020214,0.7320099255583127,0.8651503378776106,1.0,8/24,24.07%,SLC25A4;ALAS1;ACAA1;ATP6V1D;GPI;NNT;VDAC1;BAX,CD4 Effector Memory,Gefitinib_vs._Gefitinib hydrochloride,Hallmark
33,prerank,E2F Targets,-0.2182669441985096,-0.8164753483144787,0.8245614035087719,0.8160318217136399,1.0,17/71,19.94%,PAICS;TIMELESS;CDCA8;DNMT1;STMN1;CDKN2A;NASP;MSH2;CDC25B;TACC3;HELLS;CKS2;AURKA;ASF1A;NCAPD2;UBR7;POLD3,CD4 Effector Memory,Gefitinib_vs._Gefitinib hydrochloride,Hallmark
34,prerank,G2-M Checkpoint,-0.21445321918508303,-0.7789120616973466,0.8969072164948454,0.8273645546372819,1.0,6/55,8.33%,BUB1;CCNF;CDC6;STMN1;NUSAP1;NASP,CD4 Effector Memory,Gefitinib_vs._Gefitinib hydrochloride,Hallmark
35,prerank,Pperoxisome,0.2672989612987858,0.7261958939955949,0.8568965517241379,0.8853179508309298,1.0,3/20,12.38%,PEX11A;CDK7;BCL10,CD4 Effector Memory,Gefitinib_vs._Gefitinib hydrochloride,Hallmark
0,prerank,TNF-alpha Signaling via NF-kB,-0.48693781133379577,-1.8979808510327458,0.0,0.012767500906782735,0.011,37/71,25.55%,SLC2A6;NR4A1;EGR2;TNFSF9;MSC;ICAM1;NAMPT;FOSL2;BCL2A1;DUSP1;CD69;RIPK2;NFKBIE;CEBPB;JUNB;ZFP36;IL23A;TIPARP;BCL6;NFE2L2;CD83;JUN;IL6ST;KLF9;GADD45B;IL15RA;NFKB2;GADD45A;RELA;IER5;NFKB1;CDKN1A;STAT5A;REL;IL7R;EGR1;NFKBIA,CD4 Effector Memory,NVP-BSK805_vs._NVP-BSK805 2HCl,Hallmark
1,prerank,DNA Repair,0.44970893897926845,1.361665478691141,0.08346972176759411,1.0,0.812,15/30,24.30%,RBX1;POLD3;RAD51;ADA;VPS28;FEN1;GTF2A2;TP53;RPA2;HPRT1;RAE1;POLD4;NUDT9;RFC2;DDB2,CD4 Effector Memory,NVP-BSK805_vs._NVP-BSK805 2HCl,Hallmark
2,prerank,UV Response Dn,-0.4257030927533144,-1.3310412982145157,0.11604938271604938,0.7695321001088139,0.707,11/27,23.21%,ERBB2;PIK3R3;DUSP1;ACVR2A;CDKN1B;IGF1R;SMAD7;TENT4A;MTA1;NFKB1;ATP2C1,CD4 Effector Memory,NVP-BSK805_vs._NVP-BSK805 2HCl,Hallmark
3,prerank,G2-M Checkpoint,-0.35783821082316586,-1.3175685357294398,0.09116022099447514,0.5482287510579132,0.73,19/55,16.90%,NUSAP1;PLK1;CDC6;CKS1B;EZH2;CCNF;BUB1;CDK1;CDC25B;MCM2;SMC4;KIF11;STMN1;CDKN1B;CENPE;TENT4A;NASP;CDC7;TOP2A,CD4 Effector Memory,NVP-BSK805_vs._NVP-BSK805 2HCl,Hallmark
4,prerank,IL-6/JAK/STAT3 Signaling,-0.3928045242773023,-1.299013661257275,0.09367088607594937,0.4468625317373957,0.756,13/34,24.14%,IL2RA;TNFRSF12A;IL10RB;TNFRSF1B;PIM1;LTB;PTPN1;JUN;IL6ST;IL15RA;FAS;STAT3;ACVR1B,CD4 Effector Memory,NVP-BSK805_vs._NVP-BSK805 2HCl,Hallmark
5,prerank,Apoptosis,-0.3244142289498811,-1.2340155952082403,0.14749262536873156,0.5134856728327892,0.866,22/62,21.18%,TNFRSF12A;CDK2;ERBB2;CASP2;BID;PMAIP1;CD69;CDC25B;FEZ1;LEF1;CDKN1B;DNM1L;SMAD7;JUN;TOP2A;HSPB1;GADD45B;GADD45A;RELA;FAS;PAK1;CCND2,CD4 Effector Memory,NVP-BSK805_vs._NVP-BSK805 2HCl,Hallmark
6,prerank,Inflammatory Response,-0.3207107935498515,-1.2158067952751708,0.1440922190201729,0.46930238181598355,0.895,24/58,25.55%,OSM;TNFSF9;TLR3;ICAM1;NAMPT;CD69;TNFRSF1B;RIPK2;ACVR2A;LTA;IL15RA;IRAK2;CD55;CD70;IL2RB;RELA;LYN;CCR7;NFKB1;ATP2C1;CDKN1A;ACVR1B;IL7R;NFKBIA,CD4 Effector Memory,NVP-BSK805_vs._NVP-BSK805 2HCl,Hallmark
7,prerank,Apical Junction,-0.36802450994403935,-1.2020307659910987,0.22772277227722773,0.4299497383284108,0.906,7/34,10.59%,MAPK11;PIK3R3;CTNND1;ICAM1;CD274;MPZL1;GNAI2,CD4 Effector Memory,NVP-BSK805_vs._NVP-BSK805 2HCl,Hallmark
8,prerank,Estrogen Response Early,-0.36740705298987497,-1.143835064350408,0.248,0.4902430177729416,0.954,8/26,16.74%,NRIP1;PEX11A;FKBP4;MICB;PMAIP1;IGF1R;TIPARP;IL6ST,CD4 Effector Memory,NVP-BSK805_vs._NVP-BSK805 2HCl,Hallmark
9,prerank,mTORC1 Signaling,-0.30864549475130376,-1.1437802648248738,0.21787709497206703,0.43602950066497403,0.954,12/55,14.10%,LGMN;MLLT11;PLK1;PIK3R3;MTHFD2;NAMPT;CCNF;BUB1;TFRC;MCM2;HMGCR;HMGCS1,CD4 Effector Memory,NVP-BSK805_vs._NVP-BSK805 2HCl,Hallmark
10,prerank,E2F Targets,0.3187279161101325,1.139417504105693,0.23529411764705882,1.0,0.998,15/71,13.01%,CBX5;CHEK2;UNG;UBE2T;POLD3;UBR7;PAICS;TACC3;TIMELESS;NOLC1;EED;TP53;AURKA;MCM4;RPA2,CD4 Effector Memory,NVP-BSK805_vs._NVP-BSK805 2HCl,Hallmark
11,prerank,KRAS Signaling Up,0.34703446820626893,1.1139540496409643,0.30359937402190923,1.0,0.999,4/37,3.04%,LAT2;C3AR1;IRF8;ABCB1,CD4 Effector Memory,NVP-BSK805_vs._NVP-BSK805 2HCl,Hallmark
12,prerank,Epithelial Mesenchymal Transition,-0.3424681069497561,-1.1066553023035663,0.2916666666666667,0.46438882843670654,0.973,10/25,23.44%,TNFRSF12A;IGFBP3;GPC1;JUN;GADD45B;GADD45A;LGALS1;FAS;CD59;LRP1,CD4 Effector Memory,NVP-BSK805_vs._NVP-BSK805 2HCl,Hallmark
13,prerank,Estrogen Response Late,-0.3537434992620118,-1.1066366444827795,0.30952380952380953,0.42217166221518776,0.973,5/29,6.07%,CDC6;NRIP1;ETFB;FKBP4;MICB,CD4 Effector Memory,NVP-BSK805_vs._NVP-BSK805 2HCl,Hallmark
14,prerank,Complement,0.3210397789244073,1.0986581497948693,0.3273542600896861,1.0,1.0,11/59,10.98%,GZMK;CLU;PLSCR1;HSPA1A;USP14;CSRP1;CASP7;PSMB9;XPNPEP1;IRF2;S100A13,CD4 Effector Memory,NVP-BSK805_vs._NVP-BSK805 2HCl,Hallmark
15,prerank,Allograft Rejection,-0.2625531405548679,-1.0514066942022622,0.3343949044585987,0.4894208680933381,0.991,13/86,14.95%,IL12A;IL2RA;CDKN2A;TLR3;ICAM1;KLRD1;AARS1;IRF4;RIPK2;ACVR2A;DYRK3;LTB;MAP3K7,CD4 Effector Memory,NVP-BSK805_vs._NVP-BSK805 2HCl,Hallmark
16,prerank,IL-2/STAT5 Signaling,0.30121205380304583,1.0344078741199856,0.39969135802469136,1.0,1.0,6/58,5.92%,SPRED2;PLSCR1;ALCAM;IRF8;ABCB1;IL18R1,CD4 Effector Memory,NVP-BSK805_vs._NVP-BSK805 2HCl,Hallmark
17,prerank,Interferon Alpha Response,0.3068220875242334,0.9500023873152438,0.534453781512605,1.0,1.0,12/34,25.86%,PLSCR1;CD47;PSMB9;IRF2;TXNIP;IL7;UBE2L6;IFIT2;LAMP3;LAP3;CD74;PSME1,CD4 Effector Memory,NVP-BSK805_vs._NVP-BSK805 2HCl,Hallmark
18,prerank,Myogenesis,0.3653809728307795,0.9488438848589998,0.5221843003412969,1.0,1.0,5/16,21.11%,CLU;APP;NOTCH1;FOXO4;SORBS3,CD4 Effector Memory,NVP-BSK805_vs._NVP-BSK805 2HCl,Hallmark
19,prerank,Cholesterol Homeostasis,0.32725423874384596,0.935382402039036,0.5572139303482587,1.0,1.0,3/22,2.41%,CLU;PLSCR1;ALCAM,CD4 Effector Memory,NVP-BSK805_vs._NVP-BSK805 2HCl,Hallmark
20,prerank,Oxidative Phosphorylation,0.32985905556289175,0.9285306894886075,0.5728643216080402,1.0,1.0,8/24,24.45%,GPI;ACAA1;CASP7;BAX;PDHX;NNT;ALAS1;ECH1,CD4 Effector Memory,NVP-BSK805_vs._NVP-BSK805 2HCl,Hallmark
21,prerank,Unfolded Protein Response,0.3133130834037507,0.9153853671799772,0.5799319727891157,1.0,1.0,6/26,13.24%,DDX10;NOLC1;CNOT4;EIF4G1;POP4;EIF4EBP1,CD4 Effector Memory,NVP-BSK805_vs._NVP-BSK805 2HCl,Hallmark
22,prerank,Pperoxisome,0.3323893903847432,0.9054702621749171,0.5790378006872853,1.0,1.0,11/20,38.01%,ABCB1;ACAA1;FIS1;ABCC5;MSH2;ECH1;CAT;SMARCC1;MVP;HSD17B11;IDE,CD4 Effector Memory,NVP-BSK805_vs._NVP-BSK805 2HCl,Hallmark
23,prerank,Xenobiotic Metabolism,0.3007617393303285,0.8814116962326997,0.6274193548387097,1.0,1.0,10/27,27.10%,IRF8;CBR1;HPRT1;PPARD;UGDH;ARPP19;ALAS1;DHRS7;ECH1;CAT,CD4 Effector Memory,NVP-BSK805_vs._NVP-BSK805 2HCl,Hallmark
24,prerank,Interferon Gamma Response,0.23597759105375876,0.8606597363426368,0.7286356821589205,1.0,1.0,13/80,14.56%,PLSCR1;IRF8;CD40;NUP93;NOD1;CASP7;CD38;PSMB9;IRF2;TXNIP;IL7;UBE2L6;JAK2,CD4 Effector Memory,NVP-BSK805_vs._NVP-BSK805 2HCl,Hallmark
25,prerank,Mitotic Spindle,-0.2622286353204929,-0.858124089311749,0.6921182266009852,0.8679222119918529,1.0,8/32,13.08%,NUSAP1;PLK1;BUB1;ECT2;CDK1;SMC4;KIF11;CENPE,CD4 Effector Memory,NVP-BSK805_vs._NVP-BSK805 2HCl,Hallmark
26,prerank,UV Response Up,-0.25938577066720575,-0.8572172158157219,0.6978609625668449,0.8077516969791182,1.0,5/36,5.53%,NR4A1;CDK2;ICAM1;BID;FKBP4,CD4 Effector Memory,NVP-BSK805_vs._NVP-BSK805 2HCl,Hallmark
27,prerank,PI3K/AKT/mTOR  Signaling,-0.234718632587879,-0.8187809738901637,0.7730870712401056,0.824316285817918,1.0,8/41,16.04%,CDK2;PIK3R3;RALB;CDK1;PAK4;CDKN1B;MAP3K7;MAPK8,CD4 Effector Memory,NVP-BSK805_vs._NVP-BSK805 2HCl,Hallmark
28,prerank,Hypoxia,-0.21793944566757797,-0.7852026636197662,0.8593350383631714,0.8239390642002177,1.0,9/45,13.71%,FOSL2;IGFBP3;DUSP1;GPC1;EXT1;CDKN1B;PIM1;ZFP36;TIPARP,CD4 Effector Memory,NVP-BSK805_vs._NVP-BSK805 2HCl,Hallmark
29,prerank,Glycolysis,0.24095964291530197,0.7659928965253672,0.8389261744966443,1.0,1.0,5/38,12.46%,SPAG4;PGAM1;ME2;SLC37A4;AURKA,CD4 Effector Memory,NVP-BSK805_vs._NVP-BSK805 2HCl,Hallmark
30,prerank,heme Metabolism,0.25549062883851426,0.7326652107499373,0.8511705685618729,1.0,1.0,8/23,27.10%,PPOX;FOXO3;XPO7;NNT;TRAK2;ABCB6;SLC25A37;CAT,CD4 Effector Memory,NVP-BSK805_vs._NVP-BSK805 2HCl,Hallmark
31,prerank,Androgen Response,0.2767639764343392,0.7198398905182015,0.84,1.0,1.0,8/16,35.28%,APPBP2;ZMIZ1;TMEM50A;AKT1;RRP12;CCND3;UBE2J1;RAB4A,CD4 Effector Memory,NVP-BSK805_vs._NVP-BSK805 2HCl,Hallmark
32,prerank,Fatty Acid Metabolism,0.2503985950912781,0.6999817834743455,0.8595890410958904,1.0,1.0,5/22,17.37%,ACAA1;CRYZ;CBR1;UBE2L6;UGDH,CD4 Effector Memory,NVP-BSK805_vs._NVP-BSK805 2HCl,Hallmark
33,prerank,Myc Targets V1,0.24522706954340281,0.6975245856449831,0.8732638888888888,1.0,1.0,5/24,18.93%,HDAC2;NOLC1;MCM4;HPRT1;MCM5,CD4 Effector Memory,NVP-BSK805_vs._NVP-BSK805 2HCl,Hallmark
34,prerank,p53 Pathway,0.2017305394721728,0.6867852528616019,0.9495412844036697,0.9695677410948031,1.0,10/52,16.20%,ADA;BAX;TP53;RXRA;TXNIP;APP;TRIB3;FOXO3;NOTCH1;BLCAP,CD4 Effector Memory,NVP-BSK805_vs._NVP-BSK805 2HCl,Hallmark
35,prerank,Adipogenesis,0.24127665986027821,0.6813312177841514,0.900497512437811,0.9259059194238127,1.0,2/25,6.00%,ELOVL6;SQOR,CD4 Effector Memory,NVP-BSK805_vs._NVP-BSK805 2HCl,Hallmark
0,prerank,TNF-alpha Signaling via NF-kB,0.6308388975054956,2.651499540847355,0.0,0.0,0.0,32/71,13.08%,EGR2;DUSP4;PLAUR;DUSP2;FOSL2;TNFSF9;ZFP36;BCL2A1;DUSP1;ATF3;GADD45A;TNFRSF9;NR4A1;NFIL3;FOS;STAT5A;CEBPB;ID2;NFE2L2;CD69;CDKN1A;EGR1;REL;NAMPT;MYC;BCL6;TIPARP;BTG1;JUNB;CEBPD;NFKB1;GADD45B,CD4 Effector Memory,Ruxolitinib_vs._Ruxolitinib phosphate,Hallmark
1,prerank,Hypoxia,0.6035638730442824,2.3298106772300975,0.0,0.0,0.0,18/45,11.21%,DDIT4;PLAUR;FOSL2;ZFP36;DUSP1;ATF3;NFIL3;FOS;EXT1;CDKN1A;BCL2;IGFBP3;ISG20;ALDOC;TIPARP;JMJD6;BTG1;CDKN1B,CD4 Effector Memory,Ruxolitinib_vs._Ruxolitinib phosphate,Hallmark
2,prerank,Cholesterol Homeostasis,0.6539922817911817,2.0699776719911456,0.0,0.0007189072609633358,0.001,10/22,11.68%,PLAUR;ATF3;CXCL16;NFIL3;ALCAM;CLU;ALDOC;TMEM97;HMGCS1;ANXA5,CD4 Effector Memory,Ruxolitinib_vs._Ruxolitinib phosphate,Hallmark
3,prerank,IL-2/STAT5 Signaling,0.48987495917065094,2.0043776158380147,0.0,0.002695902228612509,0.005,19/58,8.10%,IRF4;TNFRSF9;NFIL3;SPRED2;CDC6;IL3RA;TNFRSF1B;TNFRSF4;CCND2;BCL2;CTLA4;TNFRSF18;SOCS1;IFNGR1;IRF8;IL4R;ITGA6;ALCAM;MYC,CD4 Effector Memory,Ruxolitinib_vs._Ruxolitinib phosphate,Hallmark
4,prerank,Estrogen Response Late,0.5583030888071996,1.9144575600959277,0.0,0.00603882099209202,0.014,9/29,6.85%,DUSP2;ZFP36;TOP2A;FOS;CDC6;SLC1A4;ID2;BCL2;ISG20,CD4 Effector Memory,Ruxolitinib_vs._Ruxolitinib phosphate,Hallmark
5,prerank,Inflammatory Response,0.4518042377378734,1.7966090792472955,0.0,0.011502516175413372,0.032,20/58,9.42%,RGS1;PLAUR;TNFSF9;CD55;TNFRSF9;OSM;GNA15;TNFRSF1B;TLR3;CD69;CDKN1A;LYN;NAMPT;IL4R;NLRP3;IL18RAP;MYC;CXCR6;IRF7;CCR7,CD4 Effector Memory,Ruxolitinib_vs._Ruxolitinib phosphate,Hallmark
6,prerank,Unfolded Protein Response,0.4940953887844541,1.6209918101170893,0.01652892561983471,0.04559926055253158,0.14,8/26,12.69%,DDIT4;ATF3;CEBPB;SLC1A4;BAG3;MTHFD2;CNOT2;EXOSC4,CD4 Effector Memory,Ruxolitinib_vs._Ruxolitinib phosphate,Hallmark
7,prerank,Apoptosis,0.39059941858616737,1.5889509395695316,0.0,0.053109273903666425,0.178,14/62,7.79%,TOP2A;ATF3;SATB1;GADD45A;GNA15;CD69;PAK1;CCND2;CDKN1A;IFNGR1;PMAIP1;ISG20;CLU;HMGB2,CD4 Effector Memory,Ruxolitinib_vs._Ruxolitinib phosphate,Hallmark
8,prerank,Epithelial Mesenchymal Transition,0.47774878570794155,1.5870659266959959,0.027439024390243903,0.04744787922358016,0.179,9/25,15.50%,THBS1;PLAUR;GADD45A;ID2;IGFBP3;TGFB1;GADD45B;GPC1;TGFBI,CD4 Effector Memory,Ruxolitinib_vs._Ruxolitinib phosphate,Hallmark
9,prerank,mTORC1 Signaling,0.3856284921572945,1.5068034078103425,0.017605633802816902,0.07397555715312724,0.278,20/55,17.52%,DDIT4;NFIL3;SLC1A4;INSIG1;CDKN1A;NAMPT;G6PD;MTHFD2;HSPD1;MCM4;MLLT11;TMEM97;HMGCS1;MCM2;PNP;HPRT1;CXCR4;TFRC;GPI;CCNF,CD4 Effector Memory,Ruxolitinib_vs._Ruxolitinib phosphate,Hallmark
10,prerank,heme Metabolism,-0.4758795234064025,-1.4266638570706163,0.05763688760806916,0.6006754583467353,0.688,7/23,16.12%,CCND3;PPOX;ABCG2;BLVRA;SLC11A2;FOXO3;LRP10,CD4 Effector Memory,Ruxolitinib_vs._Ruxolitinib phosphate,Hallmark
11,prerank,Androgen Response,0.4797635980940764,1.4113382663633836,0.0856269113149847,0.1235213384746095,0.451,6/16,11.14%,ARID5B;INSIG1;MAF;CDK6;HMGCS1;ZMIZ1,CD4 Effector Memory,Ruxolitinib_vs._Ruxolitinib phosphate,Hallmark
12,prerank,Myc Targets V1,0.4072063519380719,1.348924962079522,0.1377245508982036,0.1667864845434939,0.576,10/24,18.61%,MCM6;MYC;HSPD1;MCM4;MCM2;HPRT1;RRM1;PCNA;SLC25A3;NOLC1,CD4 Effector Memory,Ruxolitinib_vs._Ruxolitinib phosphate,Hallmark
13,prerank,Glycolysis,0.35594833537220666,1.3037221038816866,0.096875,0.2035613559696953,0.668,7/38,7.32%,DDIT4;SPAG4;EXT1;CDK1;IGFBP3;ISG20;G6PD,CD4 Effector Memory,Ruxolitinib_vs._Ruxolitinib phosphate,Hallmark
14,prerank,UV Response Up,0.35515057914675124,1.3016178095618023,0.11764705882352941,0.19102392934168633,0.67,12/36,16.90%,ATF3;NR4A1;FOS;CREG1;LYN;DNAJB1;BTG1;JUNB;SLC25A4;CLTB;TFRC;EIF5,CD4 Effector Memory,Ruxolitinib_vs._Ruxolitinib phosphate,Hallmark
15,prerank,Fatty Acid Metabolism,-0.4409995808391922,-1.2641510754888667,0.16964285714285715,0.8672402701833387,0.957,13/22,44.16%,BPHL;BLVRA;DECR1;CRYZ;PCBD1;UBE2L6;HADH;HSD17B11;ECH1;PSME1;CBR3;HSD17B10;NSDHL,CD4 Effector Memory,Ruxolitinib_vs._Ruxolitinib phosphate,Hallmark
16,prerank,Estrogen Response Early,0.37629277866323985,1.2486336638758808,0.17201166180758018,0.23781452192667146,0.763,6/26,9.81%,FOS;SLC1A4;BCL2;PMAIP1;MYC;TIPARP,CD4 Effector Memory,Ruxolitinib_vs._Ruxolitinib phosphate,Hallmark
17,prerank,p53 Pathway,0.31066567373439685,1.2193499314754308,0.1388888888888889,0.25853702372393966,0.808,8/52,5.92%,DDIT4;TNFSF9;ATF3;GADD45A;FOS;CCND2;CDKN1A;SOCS1,CD4 Effector Memory,Ruxolitinib_vs._Ruxolitinib phosphate,Hallmark
18,prerank,DNA Repair,-0.3761781530327741,-1.1740704866437306,0.23395149786019973,0.9271469926021229,0.995,14/30,35.98%,DDB2;POLD3;PRIM1;TP53;POLD4;NUDT9;ADA;MPC2;VPS28;POLR2I;POLR2K;RBX1;LIG1;RFC2,CD4 Effector Memory,Ruxolitinib_vs._Ruxolitinib phosphate,Hallmark
19,prerank,KRAS Signaling Up,0.3206234696543938,1.16021250211004,0.22044728434504793,0.32287393749735693,0.899,7/37,6.46%,PLAUR;SATB1;TNFRSF1B;ID2;CCND2;IGFBP3;IRF8,CD4 Effector Memory,Ruxolitinib_vs._Ruxolitinib phosphate,Hallmark
20,prerank,Interferon Alpha Response,-0.34884496382431057,-1.1343761293007382,0.28508124076809455,0.829728208427147,0.997,7/34,12.46%,TXNIP;IFIT2;IRF2;CASP8;IL15;CD47;PSME2,CD4 Effector Memory,Ruxolitinib_vs._Ruxolitinib phosphate,Hallmark
21,prerank,UV Response Dn,0.33716623774537446,1.1207040615101505,0.282312925170068,0.35837526959022287,0.929,8/27,14.33%,DUSP1;INSIG1;MYC;ZMIZ1;CDKN1B;NFKB1;RXRA;PRKCE,CD4 Effector Memory,Ruxolitinib_vs._Ruxolitinib phosphate,Hallmark
22,prerank,Interferon Gamma Response,-0.2922103470523899,-1.10753755050328,0.2696011004126547,0.7436796397555484,1.0,16/80,12.46%,TXNIP;CMKLR1;PTPN6;SLAMF7;IFIT2;ICAM1;STAT1;IRF2;CASP8;IL15;NLRC5;IL15RA;TNFSF10;IFNAR2;OAS3;PSME2,CD4 Effector Memory,Ruxolitinib_vs._Ruxolitinib phosphate,Hallmark
23,prerank,Apical Junction,-0.33933664152278553,-1.0920872131143842,0.34992458521870284,0.6582502412351239,1.0,13/34,28.27%,ICAM1;EVL;MAPK13;FYB1;CTNND1;IKBKG;CD274;MAPK11;RSU1;MAP4K2;SORBS3;MAPK14;HADH,CD4 Effector Memory,Ruxolitinib_vs._Ruxolitinib phosphate,Hallmark
24,prerank,Allograft Rejection,-0.2797424039952133,-1.0679097915909337,0.3428184281842818,0.6228001654183706,1.0,18/86,12.38%,PTPN6;CCND3;CSK;TRAF2;IL16;ICAM1;TLR6;STAT1;IL15;CD80;FYB1;ZAP70;CD40LG;CD3G;IKBKB;IFNAR2;LCK;CD47,CD4 Effector Memory,Ruxolitinib_vs._Ruxolitinib phosphate,Hallmark
25,prerank,Complement,0.24018063936003833,0.96288792693923,0.5401459854014599,0.6511029550872148,0.996,11/59,13.63%,PLAUR;CD55;CEBPB;LYN;CLU;IRF7;DUSP6;GZMB;ANXA5;LAP3;CBLB,CD4 Effector Memory,Ruxolitinib_vs._Ruxolitinib phosphate,Hallmark
26,prerank,IL-6/JAK/STAT3 Signaling,0.25228488945325045,0.927160242324446,0.5870206489675516,0.6952192667145938,0.997,8/34,13.94%,IL3RA;TNFRSF1B;SOCS1;IFNGR1;IL4R;TGFB1;CD38;IL12RB1,CD4 Effector Memory,Ruxolitinib_vs._Ruxolitinib phosphate,Hallmark
27,prerank,G2-M Checkpoint,0.2332068243724297,0.9217888779515246,0.6089965397923875,0.6731025983362432,0.998,19/55,18.61%,TOP2A;CDC6;CDK1;MCM6;ABL1;CKS2;MYC;JPT1;CDKN1B;TGFB1;NASP;MCM2;MTF2;NUSAP1;LBR;SMC4;CCNF;HSPA8;NOLC1,CD4 Effector Memory,Ruxolitinib_vs._Ruxolitinib phosphate,Hallmark
28,prerank,Myogenesis,0.30885791728102646,0.9121024165024672,0.581267217630854,0.6619175217306059,0.998,5/16,13.08%,CDKN1A;IGFBP3;CLU;TGFB1;GADD45B,CD4 Effector Memory,Ruxolitinib_vs._Ruxolitinib phosphate,Hallmark
29,prerank,Adipogenesis,0.2739461123549465,0.8944653149428253,0.6300940438871473,0.6666145719376113,0.998,4/25,8.72%,GADD45A;STAT5A;IFNGR1;BCL6,CD4 Effector Memory,Ruxolitinib_vs._Ruxolitinib phosphate,Hallmark
30,prerank,E2F Targets,-0.22897555541901382,-0.8509982145482732,0.7456953642384105,1.0,1.0,17/71,19.55%,PLK1;CBX5;CDC25B;POLD3;TP53;TIPIN;DCK;HELLS;MCM3;TMPO;TACC3;RAD51C;MCM5;PAN2;AURKA;NUP107;CDK4,CD4 Effector Memory,Ruxolitinib_vs._Ruxolitinib phosphate,Hallmark
31,prerank,Xenobiotic Metabolism,-0.28379095494467776,-0.8418071123007633,0.708018154311649,0.9614559879918517,1.0,16/27,41.98%,BPHL;ABCC2;TNFRSF1A;CNDP2;FAS;ALAS1;NPC1;PSMB10;CYFIP2;ADH5;DHRS7;NMT1;ECH1;ABHD6;CAT;SLC35B1,CD4 Effector Memory,Ruxolitinib_vs._Ruxolitinib phosphate,Hallmark
32,prerank,Mitotic Spindle,-0.26109685728377596,-0.8299303279687104,0.7204610951008645,0.8887584432293342,1.0,11/32,27.88%,PLK1;BUB1;ECT2;CENPF;ARHGEF2;NCK2;AURKA;PCM1;NCK1;CKAP5;SMC1A,CD4 Effector Memory,Ruxolitinib_vs._Ruxolitinib phosphate,Hallmark
33,prerank,Pperoxisome,-0.2771029730190407,-0.7868009449487343,0.7791044776119403,0.8777449633030205,1.0,16/20,48.99%,PEX11A;ITGB1BP1;FIS1;MSH2;ABCC5;ABCB1;CDK7;SCP2;HSD17B11;ECH1;IDE;CAT;MVP;HRAS;SMARCC1;BCL10,CD4 Effector Memory,Ruxolitinib_vs._Ruxolitinib phosphate,Hallmark
34,prerank,Oxidative Phosphorylation,0.2246241471049772,0.7486899223483181,0.8696969696969697,0.8747304097771388,1.0,7/24,18.30%,ATP1B1;CYCS;SUPV3L1;SLC25A4;GPI;PDHX;SLC25A3,CD4 Effector Memory,Ruxolitinib_vs._Ruxolitinib phosphate,Hallmark
35,prerank,PI3K/AKT/mTOR  Signaling,-0.21045578715124982,-0.7005742819888723,0.92524682651622,0.9070440656159536,1.0,25/41,51.48%,TRAF2;PIN1;LCK;TBK1;TNFRSF1A;IRAK4;CDK4;NCK1;SMAD2;MAP3K7;NOD1;STAT2;ECSIT;CLTC;GSK3B;MAPK9;CAB39;RALB;HRAS;MKNK1;ATF1;NFKBIB;MAPK1;AKT1;CDK2,CD4 Effector Memory,Ruxolitinib_vs._Ruxolitinib phosphate,Hallmark
0,prerank,Cholesterol Homeostasis,0.515400086271335,1.4950659094859962,0.04814004376367615,0.4021535297320186,0.41,8/22,12.93%,TNFRSF12A;ALCAM;ALDOC;CLU;CXCL16;NSDHL;ECH1;ATF5,CD4 Effector Memory,Tofacitinib citrate_vs._Tofacitinib,Hallmark
1,prerank,Myogenesis,-0.5726074494441301,-1.4870878425911722,0.06614785992217899,0.8641429965586318,0.496,4/16,8.57%,APP;FOXO4;IGFBP3;SORBS3,CD4 Effector Memory,Tofacitinib citrate_vs._Tofacitinib,Hallmark
2,prerank,TNF-alpha Signaling via NF-kB,-0.400652629005505,-1.426770716367417,0.019064124783362217,0.668139092916945,0.635,19/71,14.95%,MYC;NR4A1;ATF3;KLF9;IL23A;IFIT2;CD80;CEBPB;CEBPD;EGR1;REL;BIRC2;FUT4;NFE2L2;TANK;TNFRSF9;TNFSF9;EGR2;GADD45A,CD4 Effector Memory,Tofacitinib citrate_vs._Tofacitinib,Hallmark
3,prerank,IL-2/STAT5 Signaling,-0.41160016882962963,-1.392070928033557,0.058519793459552494,0.5567825774307874,0.712,9/58,5.37%,CCR4;SPRED2;TIAM1;MYC;CD79B;CTLA4;SELL;IL2RA;LTB,CD4 Effector Memory,Tofacitinib citrate_vs._Tofacitinib,Hallmark
4,prerank,Apical Junction,-0.44807121527648675,-1.378232072431178,0.07884615384615384,0.4533360727310083,0.731,7/34,12.15%,MAPK13;EPB41L2;MAPK11;ICAM2;SORBS3;ITGA3;PIK3CB,CD4 Effector Memory,Tofacitinib citrate_vs._Tofacitinib,Hallmark
5,prerank,Glycolysis,0.4164261030701745,1.364526309747434,0.056179775280898875,0.48272941745810904,0.718,12/38,14.41%,CDK1;ABCB6;GPC1;FKBP4;GFPT1;AURKA;PGAM1;ERO1A;NSDHL;EXT1;ECD;TGFBI,CD4 Effector Memory,Tofacitinib citrate_vs._Tofacitinib,Hallmark
6,prerank,Estrogen Response Late,-0.46499341152014045,-1.3556808713048154,0.11173184357541899,0.4164158405670553,0.778,5/29,2.18%,TIAM1;LSR;MAPK13;TOP2A;NRIP1,CD4 Effector Memory,Tofacitinib citrate_vs._Tofacitinib,Hallmark
7,prerank,Epithelial Mesenchymal Transition,0.44847682213996465,1.2939355622562039,0.13963039014373715,0.488536688645575,0.842,8/25,15.34%,TNFRSF12A;GPC1;GADD45B;LRP1;FAS;SGCB;TGFBI;CALU,CD4 Effector Memory,Tofacitinib citrate_vs._Tofacitinib,Hallmark
8,prerank,PI3K/AKT/mTOR  Signaling,0.3763865153340883,1.2020242769772822,0.19369369369369369,0.5812715504204223,0.956,6/41,6.23%,CDK1;IRAK4;PIN1;CLTC;DUSP3;NOD1,CD4 Effector Memory,Tofacitinib citrate_vs._Tofacitinib,Hallmark
9,prerank,Interferon Gamma Response,0.31717268689769473,1.1928762316742458,0.15331807780320367,0.4866493255096485,0.962,16/80,14.17%,PSME2;IFI35;NUP93;CD40;SOCS1;NOD1;RIPK2;IFITM2;BST2;IFIH1;FAS;MVP;ST3GAL5;ICAM1;PTPN6;NAMPT,CD4 Effector Memory,Tofacitinib citrate_vs._Tofacitinib,Hallmark
10,prerank,Estrogen Response Early,-0.41672265189745344,-1.192546801753539,0.22932330827067668,0.833119317889979,0.969,8/26,18.38%,TIAM1;MYC;NRIP1;PEX11A;PMAIP1;IGF1R;BCL11B;CANT1,CD4 Effector Memory,Tofacitinib citrate_vs._Tofacitinib,Hallmark
11,prerank,Inflammatory Response,-0.32982798741287855,-1.125816416394268,0.2603978300180832,0.9507862315916145,0.993,11/58,13.86%,LAMP3;MYC;CCR7;SELL;GNA15;IL15;IFNAR1;RGS1;ACVR2A;TNFRSF9;TNFSF9,CD4 Effector Memory,Tofacitinib citrate_vs._Tofacitinib,Hallmark
12,prerank,Interferon Alpha Response,-0.37171441265477045,-1.1231651183089946,0.289048473967684,0.842570239868509,0.994,9/34,18.46%,LAMP3;SELL;IL15;IFIT2;OAS1;HERC6;MX1;LAP3;ISG15,CD4 Effector Memory,Tofacitinib citrate_vs._Tofacitinib,Hallmark
13,prerank,Mitotic Spindle,-0.36177192464987445,-1.0941957838156755,0.32532347504621073,0.8527744962076463,0.996,9/32,15.50%,TIAM1;TOP2A;EPB41L2;NET1;CENPE;BUB1;NDC80;SMC1A;PLK1,CD4 Effector Memory,Tofacitinib citrate_vs._Tofacitinib,Hallmark
14,prerank,UV Response Up,-0.33991300916542116,-1.0864522049631435,0.3327272727272727,0.7960963583132158,0.996,7/36,17.60%,NR4A1;ATF3;SLC25A4;PRKCD;ABCB1;CASP3;CREG1,CD4 Effector Memory,Tofacitinib citrate_vs._Tofacitinib,Hallmark
15,prerank,Complement,-0.3250555615796306,-1.0811926936499838,0.33455882352941174,0.7394132396957401,0.997,16/59,21.96%,F5;CDK5R1;LGMN;PRKCD;CEBPB;LGALS3;CTSH;CBLB;CASP3;LAP3;PSEN1;USP14;PIK3CG;FCER1G;CSRP1;CD55,CD4 Effector Memory,Tofacitinib citrate_vs._Tofacitinib,Hallmark
16,prerank,E2F Targets,-0.30348261781125757,-1.0689068717133567,0.3352059925093633,0.7110791514715702,0.998,20/71,19.47%,TOP2A;MYC;PAN2;CDKN2A;CHEK2;UNG;CDCA8;CENPE;JPT1;TACC3;NUP107;SMC1A;CKS1B;EED;PLK1;PCNA;SUV39H1;TMPO;CTCF;MCM6,CD4 Effector Memory,Tofacitinib citrate_vs._Tofacitinib,Hallmark
17,prerank,p53 Pathway,-0.30304966617737306,-1.0067827975033472,0.44423791821561337,0.823747416998226,1.0,14/52,21.88%,APP;CDKN2A;CDK5R1;ATF3;TNFSF9;GADD45A;PCNA;FOXO3;IER3;RALGDS;NOTCH1;SESN1;DDB2;FOS,CD4 Effector Memory,Tofacitinib citrate_vs._Tofacitinib,Hallmark
18,prerank,Allograft Rejection,-0.27148561600661375,-0.9878924327492642,0.4778761061946903,0.8165948797722387,1.0,11/86,11.29%,NCF4;CD28;CDKN2A;IL2RA;LTB;IL15;KLRD1;CD8A;CD80;ACVR2A;CD7,CD4 Effector Memory,Tofacitinib citrate_vs._Tofacitinib,Hallmark
19,prerank,Apoptosis,-0.28560787500478435,-0.981197640304241,0.5045372050816697,0.7790025168216139,1.0,18/62,22.12%,APP;TOP2A;ATF3;GNA15;FEZ1;LEF1;LGALS3;PMAIP1;IFNGR1;CASP3;GADD45A;CD38;PSEN1;IER3;TNF;SATB1;HSPB1;PAK1,CD4 Effector Memory,Tofacitinib citrate_vs._Tofacitinib,Hallmark
20,prerank,heme Metabolism,0.32234952912578824,0.9466805192179449,0.5520833333333334,1.0,1.0,3/23,9.42%,ABCG2;ABCB6;XPO7,CD4 Effector Memory,Tofacitinib citrate_vs._Tofacitinib,Hallmark
21,prerank,Hypoxia,0.2756476685162123,0.9146093018249509,0.6247240618101545,1.0,1.0,12/45,23.52%,ALDOC;GPC1;JMJD6;ERO1A;ZFP36;EXT1;TGFBI;BCL2;TES;DDIT4;KDM3A;GPI,CD4 Effector Memory,Tofacitinib citrate_vs._Tofacitinib,Hallmark
22,prerank,mTORC1 Signaling,0.26211019780551204,0.9083245172918769,0.5946547884187082,0.913011917004416,1.0,20/55,28.82%,EPRS1;AURKA;ACLY;MCM2;TXNRD1;CCNF;ERO1A;PIK3R3;NAMPT;ITGB2;TES;DDIT4;GPI;XBP1;SLC1A4;MLLT11;TMEM97;SLC37A4;CORO1A;SQSTM1,CD4 Effector Memory,Tofacitinib citrate_vs._Tofacitinib,Hallmark
23,prerank,Adipogenesis,-0.31570332488643643,-0.8973997887508931,0.6152416356877324,0.9418049206430735,1.0,7/25,15.73%,SLC5A6;ETFB;ELOVL6;TANK;IFNGR1;GADD45A;VEGFB,CD4 Effector Memory,Tofacitinib citrate_vs._Tofacitinib,Hallmark
24,prerank,Unfolded Protein Response,-0.3115435115513151,-0.8919935550785287,0.6238003838771593,0.8996020823450854,1.0,6/26,15.11%,ATF3;CEBPB;ATF6;CKS1B;BAG3;FKBP14,CD4 Effector Memory,Tofacitinib citrate_vs._Tofacitinib,Hallmark
25,prerank,Xenobiotic Metabolism,0.2927196203804458,0.8618178641099804,0.6547368421052632,0.921420361744601,1.0,8/27,18.77%,ABCC2;FAS;ECH1;ABHD6;CNDP2;PSMB10;ADH5;CBR1,CD4 Effector Memory,Tofacitinib citrate_vs._Tofacitinib,Hallmark
26,prerank,G2-M Checkpoint,0.2439404576562684,0.8419075127319078,0.7575757575757576,0.8691307240941261,1.0,10/55,14.02%,CDK1;CDC6;AURKA;MCM2;NOLC1;CDC7;CCNF;ATF5;KIF11;MTF2,CD4 Effector Memory,Tofacitinib citrate_vs._Tofacitinib,Hallmark
27,prerank,Pperoxisome,-0.29547328063049805,-0.7915325961209093,0.762906309751434,1.0,1.0,6/20,14.10%,TOP2A;PEX11A;SLC25A4;IDE;FIS1;ABCB1,CD4 Effector Memory,Tofacitinib citrate_vs._Tofacitinib,Hallmark
28,prerank,IL-6/JAK/STAT3 Signaling,0.24370248397094457,0.7730273117329056,0.8308351177730193,0.9094318663007792,1.0,4/34,10.05%,TNFRSF12A;SOCS1;IL10RB;FAS,CD4 Effector Memory,Tofacitinib citrate_vs._Tofacitinib,Hallmark
29,prerank,Fatty Acid Metabolism,0.262982550773626,0.743673198081218,0.8265524625267666,0.8716956022019237,1.0,9/22,24.30%,CRYZ;NSDHL;ECH1;ACAT2;CBR1;DECR1;HSD17B10;PSME1;BPHL,CD4 Effector Memory,Tofacitinib citrate_vs._Tofacitinib,Hallmark
30,prerank,UV Response Dn,-0.2261922907193677,-0.6606396993357292,0.9271028037383178,1.0,1.0,9/27,28.27%,MYC;ACVR2A;IGF1R;MAP2K5;RUNX1;DMAC2L;NR3C1;ATP2C1;INSIG1,CD4 Effector Memory,Tofacitinib citrate_vs._Tofacitinib,Hallmark
31,prerank,Androgen Response,-0.2375686636951278,-0.615587701019866,0.9426987060998152,1.0,1.0,6/16,28.82%,CDK6;APPBP2;HMGCS1;ARID5B;INSIG1;UBE2J1,CD4 Effector Memory,Tofacitinib citrate_vs._Tofacitinib,Hallmark
32,prerank,KRAS Signaling Up,-0.19626727613413197,-0.5975836396913397,0.9818840579710145,1.0,1.0,9/37,26.09%,ATG10;IGFBP3;MAP3K1;ABCB1;KIF5C;FCER1G;SATB1;GLRX;TRIB2,CD4 Effector Memory,Tofacitinib citrate_vs._Tofacitinib,Hallmark
33,prerank,DNA Repair,-0.1939856954761776,-0.5747351070029111,0.969147005444646,1.0,1.0,9/30,25.31%,RBX1;NUDT9;PCNA;POLR1C;CANT1;DDB2;GTF2A2;RAE1;POLD4,CD4 Effector Memory,Tofacitinib citrate_vs._Tofacitinib,Hallmark
34,prerank,Oxidative Phosphorylation,-0.19751716830882,-0.5681292040094225,0.9774011299435028,1.0,1.0,6/24,24.92%,NNT;SLC25A4;ETFB;SUPV3L1;SLC25A3;TIMM9,CD4 Effector Memory,Tofacitinib citrate_vs._Tofacitinib,Hallmark
35,prerank,Myc Targets V1,-0.19939277768131616,-0.5679214110467421,0.9723320158102767,0.9843854332528635,1.0,5/24,19.47%,MYC;C1QBP;PCNA;TFDP1;MCM6,CD4 Effector Memory,Tofacitinib citrate_vs._Tofacitinib,Hallmark
0,prerank,Epithelial Mesenchymal Transition,0.4298778578791719,1.6094445129284263,0.00819672131147541,0.0910010111223458,0.044,11/25,15.18%,PVR;SGCB;PLAUR;IL15;GADD45B;TPM1;LGALS1;IL32;CD44;LRP1;ITGB1,CD4 Naive,Afatinib_vs._Afatinib dimaleate,Hallmark
1,prerank,Allograft Rejection,0.2936462612728978,1.4864427963524016,0.0,0.09504550050556118,0.088,20/77,11.98%,CCL5;CSF1;CD8A;KLRD1;TRAT1;PRF1;IL15;TNF;GZMB;IRF4;ICAM1;STAT1;CD40;PTPN6;STAT4;IRF8;CD40LG;CD2;LTB;ITGAL,CD4 Naive,Afatinib_vs._Afatinib dimaleate,Hallmark
2,prerank,Unfolded Protein Response,-0.503201715116772,-1.4299995825531475,0.04352678571428571,1.0,0.655,18/27,40.42%,EIF4EBP1;FKBP14;HERPUD1;POP4;CEBPB;EXOSC4;SLC1A4;ERO1A;ATF6;PDIA6;CNOT4;WFS1;BAG3;EIF4G1;CNOT2;SHC1;NOLC1;DDIT4,CD4 Naive,Afatinib_vs._Afatinib dimaleate,Hallmark
3,prerank,Pperoxisome,-0.5314462100659959,-1.3934902741292714,0.06365740740740741,0.7047497956588865,0.77,8/19,16.77%,SLC25A4;MSH2;ISOC1;ABCC5;CDK7;ABCB1;SMARCC1;ACAA1,CD4 Naive,Afatinib_vs._Afatinib dimaleate,Hallmark
4,prerank,UV Response Dn,-0.5004552224965756,-1.388774176070331,0.05921787709497207,0.48678594133139585,0.783,11/27,28.59%,ACVR2A;DMAC2L;MAP2K5;MTA1;ZMIZ1;IGF1R;RUNX1;CDKN1B;MAPK14;INSIG1;MYC,CD4 Naive,Afatinib_vs._Afatinib dimaleate,Hallmark
5,prerank,TNF-alpha Signaling via NF-kB,0.28205788047358976,1.369732779427383,0.0,0.1408830468486687,0.182,12/71,7.11%,EGR1;CCL5;IFIT2;CSF1;FOS;PLAUR;TNF;TNFRSF9;GADD45B;REL;TGIF1;ICAM1,CD4 Naive,Afatinib_vs._Afatinib dimaleate,Hallmark
6,prerank,Interferon Alpha Response,0.3294407006600884,1.3603967816035216,0.03614457831325301,0.10920121334681497,0.188,12/35,15.50%,IFIT2;CSF1;OAS1;IL15;LAMP3;ISG20;MX1;LAP3;IRF1;SELL;PLSCR1;TXNIP,CD4 Naive,Afatinib_vs._Afatinib dimaleate,Hallmark
7,prerank,DNA Repair,-0.4775831079953509,-1.359942509531941,0.07386990077177508,0.47520661157024796,0.853,14/30,28.51%,POLD4;HPRT1;POLA1;NUDT9;RFC5;RBX1;PNP;DDB2;RPA2;VPS28;RNMT;ADA;POLR1C;LIG1,CD4 Naive,Afatinib_vs._Afatinib dimaleate,Hallmark
8,prerank,Oxidative Phosphorylation,-0.4464393341561867,-1.2232046060425839,0.19304152637485972,1.0,0.996,20/24,51.36%,DECR1;SLC25A4;ATP1B1;ACAA1;OXA1L;ATP6V0B;TOMM70;SUPV3L1;SLC25A3;TIMM9;ECH1;PDHX;VDAC1;DLD;CYCS;HSD17B10;BAX;GPI;ALAS1;NNT,CD4 Naive,Afatinib_vs._Afatinib dimaleate,Hallmark
9,prerank,Apical Junction,-0.3991056641658651,-1.157597539199361,0.2524271844660194,1.0,0.999,13/36,26.92%,PTK2;SORBS3;MAPK11;AKT2;CTNND1;MAPK13;ITGA2;GNAI2;CD274;RAC2;PIK3CB;MAPK14;INSIG1,CD4 Naive,Afatinib_vs._Afatinib dimaleate,Hallmark
10,prerank,Myogenesis,-0.46717356344606475,-1.1297194414489797,0.30604982206405695,1.0,1.0,5/15,21.57%,SORBS3;RB1;AKT2;FOXO4;GAA,CD4 Naive,Afatinib_vs._Afatinib dimaleate,Hallmark
11,prerank,E2F Targets,-0.3579273945239787,-1.1260430809125064,0.27692307692307694,1.0,1.0,33/66,40.81%,TIMELESS;PLK1;MSH2;HELLS;EED;PAN2;MCM3;ILF3;SMC1A;NUP107;PAICS;CBX5;CTCF;NCAPD2;STMN1;RPA2;CENPE;CDKN1B;CKS2;TACC3;TFRC;LIG1;MYC;SUV39H1;DNMT1;MCM4;CCP110;TMPO;CDC25B;NOLC1;DCK;PSIP1;MCM6,CD4 Naive,Afatinib_vs._Afatinib dimaleate,Hallmark
12,prerank,Glycolysis,-0.38753446877411246,-1.1234634837317852,0.3274725274725275,1.0,1.0,9/34,22.28%,SLC25A13;GALE;ECD;ABCB6;GLRX;PMM2;SLC35A3;STMN1;IER3,CD4 Naive,Afatinib_vs._Afatinib dimaleate,Hallmark
13,prerank,Myc Targets V1,-0.4144016652010367,-1.1202507248789546,0.33109619686800895,0.9215330124421034,1.0,12/24,40.81%,HPRT1;TFDP1;SMARCC1;CDK2;C1QBP;TOMM70;SLC25A3;MYC;MCM4;NOLC1;VDAC1;MCM6,CD4 Naive,Afatinib_vs._Afatinib dimaleate,Hallmark
14,prerank,IL-6/JAK/STAT3 Signaling,-0.384241026995911,-1.1105185835911973,0.306941431670282,0.8778824481303821,1.0,13/35,28.67%,IL3RA;CD9;IL18R1;IL12RB1;IL4R;TNFRSF1B;MYD88;TLR2;FAS;SOCS1;TYK2;IL15RA;PTPN1,CD4 Naive,Afatinib_vs._Afatinib dimaleate,Hallmark
15,prerank,Interferon Gamma Response,0.23844626195706894,1.0826487930625612,0.21739130434782608,0.37977755308392314,0.572,20/76,12.54%,KLRK1;CCL5;IFIT2;IL15;IRF4;ICAM1;STAT1;CD40;ISG20;PTPN6;STAT4;IRF8;MX1;NFKBIA;NOD1;LAP3;CASP7;SELP;IRF1;BTG1,CD4 Naive,Afatinib_vs._Afatinib dimaleate,Hallmark
16,prerank,Estrogen Response Late,-0.3868709360338073,-1.0810759822247724,0.3623024830699774,0.9174159174159174,1.0,14/29,35.86%,CD9;HPRT1;EGR3;JAK2;GALE;DUSP2;MAPK13;SLC1A4;TIAM1;MEST;BATF;ZFP36;WFS1;UGDH,CD4 Naive,Afatinib_vs._Afatinib dimaleate,Hallmark
17,prerank,heme Metabolism,-0.40088871296721496,-1.073325200431789,0.4100558659217877,0.8757675890543023,1.0,8/21,26.76%,BLVRA;XPO7;ABCB6;PSMD9;SLC25A37;BNIP3L;TFRC;FOXO3,CD4 Naive,Afatinib_vs._Afatinib dimaleate,Hallmark
18,prerank,UV Response Up,-0.3529482059504043,-1.0255378260190713,0.4401294498381877,0.9737664932470127,1.0,10/35,26.60%,FOSB;SLC25A4;ABCB1;BID;ACAA1;POLG2;CDK2;STK25;RAB27A;TFRC,CD4 Naive,Afatinib_vs._Afatinib dimaleate,Hallmark
19,prerank,PI3K/AKT/mTOR  Signaling,-0.34670074724202726,-1.0188983794788171,0.4798728813559322,0.9314322041594769,1.0,20/39,42.09%,IRAK4;CLTC;RAF1;MKNK1;MAP3K7;MYD88;CDK2;TRIB3;MAPK9;CDKN1B;PIN1;TIAM1;AKT1;ECSIT;SMAD2;TRAF2;STAT2;NFKBIB;CAB39;DUSP3,CD4 Naive,Afatinib_vs._Afatinib dimaleate,Hallmark
20,prerank,G2-M Checkpoint,-0.32749737241378774,-0.9990129400480587,0.5085653104925053,0.9339524112251385,1.0,21/48,32.03%,PLK1;TFDP1;MCM3;ILF3;SMC1A;SMARCC1;MNAT1;CTCF;STMN1;RPA2;CENPE;CASP8AP2;CDKN1B;CKS2;MAPK14;CDC7;TACC3;CCNF;MYC;NDC80;SUV39H1,CD4 Naive,Afatinib_vs._Afatinib dimaleate,Hallmark
21,prerank,KRAS Signaling Up,-0.33908777294898884,-0.9912763576480962,0.5069817400644469,0.9010241095802594,1.0,6/36,12.62%,LAT2;AKT2;ABCB1;TNFRSF1B;F2RL1;GLRX,CD4 Naive,Afatinib_vs._Afatinib dimaleate,Hallmark
22,prerank,Fatty Acid Metabolism,-0.3588606806026345,-0.9481720318684564,0.5835214446952596,0.9676686949414223,1.0,14/22,48.08%,DECR1;BLVRA;ACAA1;CRYZ;PCBD1;BPHL;PSME1;ECH1;UGDH;DLD;UBE2L6;CBR1;ACAT2;HSD17B10,CD4 Naive,Afatinib_vs._Afatinib dimaleate,Hallmark
23,prerank,mTORC1 Signaling,-0.296020076125602,-0.9007841499204995,0.6820083682008368,1.0,1.0,21/53,43.77%,CD9;HPRT1;PLK1;MLLT11;PNP;GLRX;SLC1A4;TRIB3;TFRC;INSIG1;CCNF;ERO1A;PSMG1;MCM4;NAMPT;YKT6;HMGCR;DDIT4;NFKBIB;UFM1;NMT1,CD4 Naive,Afatinib_vs._Afatinib dimaleate,Hallmark
24,prerank,Cholesterol Homeostasis,0.22661608724578697,0.8470689396702379,0.7,0.7384563532187395,0.856,3/21,4.63%,ALCAM;PLAUR;ANXA5,CD4 Naive,Afatinib_vs._Afatinib dimaleate,Hallmark
25,prerank,Inflammatory Response,-0.2691481709939303,-0.8198099451537508,0.7710084033613446,1.0,1.0,9/52,15.73%,EDN1;IL18R1;ACVR2A;ADGRE1;IRAK2;IL4R;TNFRSF1B;NLRP3;RAF1,CD4 Naive,Afatinib_vs._Afatinib dimaleate,Hallmark
26,prerank,Androgen Response,-0.304065250443347,-0.7795269147407538,0.7929864253393665,1.0,1.0,10/17,46.65%,ZMIZ1;INSIG1;AKT1;RRP12;ARID5B;CDK6;HMGCR;UBE2J1;APPBP2;PTK2B,CD4 Naive,Afatinib_vs._Afatinib dimaleate,Hallmark
27,prerank,Xenobiotic Metabolism,-0.2806208429469743,-0.7777147684370929,0.7912568306010929,1.0,1.0,9/27,35.86%,PYCR1;HPRT1;PGRMC1;FAS;BPHL;NPC1;SLC35B1;ECH1;UGDH,CD4 Naive,Afatinib_vs._Afatinib dimaleate,Hallmark
28,prerank,p53 Pathway,-0.2502426804997934,-0.7689354630309915,0.845580404685836,1.0,1.0,14/51,28.83%,MAPKAPK3;ABCC5;RB1;DDB2;ABHD4;FAS;TRIB3;IER3;SOCS1;CDK5R1;ADA;FOXO3;BLCAP;CD81,CD4 Naive,Afatinib_vs._Afatinib dimaleate,Hallmark
29,prerank,IL-2/STAT5 Signaling,-0.24207949456595962,-0.7451351127867195,0.8818565400843882,1.0,1.0,17/57,30.59%,IL3RA;IL18R1;IL4R;ABCB1;TNFRSF1B;PNP;PRAF2;RNH1;IGF1R;PRKCH;SOCS1;ICOS;TIAM1;NCOA3;MYC;CD81;BATF,CD4 Naive,Afatinib_vs._Afatinib dimaleate,Hallmark
30,prerank,Adipogenesis,-0.2712256624116023,-0.7329866011035873,0.8537946428571429,1.0,1.0,9/23,43.77%,DECR1;SQOR;CHUK;REEP5;ECH1;SLC5A6;DNAJC15;DLD;NMT1,CD4 Naive,Afatinib_vs._Afatinib dimaleate,Hallmark
31,prerank,Hypoxia,-0.24206730654143127,-0.723646339018328,0.8760869565217392,1.0,1.0,13/43,32.75%,FOSL2;GLRX;XPNPEP1;GAA;CDKN1B;IER3;BNIP3L;FOXO3;ERO1A;HK1;TGFB3;ZFP36;RORA,CD4 Naive,Afatinib_vs._Afatinib dimaleate,Hallmark
32,prerank,Complement,-0.2259603165698502,-0.6886422162727506,0.9297520661157025,1.0,1.0,12/56,24.92%,CTSH;PIK3CA;CR1;JAK2;CEBPB;XPNPEP1;RAF1;PIK3CG;LIPA;GNAI2;CDK5R1;CALM3,CD4 Naive,Afatinib_vs._Afatinib dimaleate,Hallmark
33,prerank,Estrogen Response Early,-0.2416490595308512,-0.6758845528417753,0.9121621621621622,0.9820374430764042,1.0,13/28,43.53%,MINDY1;EGR3;JAK2;SLC1A4;IGF1R;TIAM1;MYC;RRP12;WFS1;GAB2;DYNLT3;TIPARP;BCL11B,CD4 Naive,Afatinib_vs._Afatinib dimaleate,Hallmark
34,prerank,Apoptosis,-0.20745680533859515,-0.6520689650962475,0.952928870292887,0.966463004080559,1.0,10/57,24.84%,PTK2;EGR3;CASP2;DNM1L;BID;CDK2;FAS;CDKN1B;IER3;BNIP3L,CD4 Naive,Afatinib_vs._Afatinib dimaleate,Hallmark
35,prerank,Mitotic Spindle,-0.22186393169105645,-0.6108866246166691,0.9466666666666667,0.9576484121938668,1.0,6/26,20.61%,NCK2;PLK1;PCM1;SMC1A;HDAC6;CENPE,CD4 Naive,Afatinib_vs._Afatinib dimaleate,Hallmark
0,prerank,Interferon Gamma Response,0.4956194141272461,1.841568633015836,0.0,0.04036472812187257,0.033,21/76,11.66%,IFITM2;STAT3;IL2RB;IFITM3;IL15RA;HIF1A;CASP8;SELP;ISG15;PSME2;TNFSF10;KLRK1;CD38;MYD88;TXNIP;ARID5B;IRF4;STAT1;CCL5;IRF1;MVP,CD4 Naive,Baricitinib_vs._Baricitinib phosphate,Hallmark
1,prerank,Interferon Alpha Response,0.5438671193689908,1.7747956002008305,0.002074688796680498,0.04097631491159791,0.067,8/35,8.07%,IFITM2;OAS1;IFITM3;CASP8;ISG15;PSME2;TXNIP;SELL,CD4 Naive,Baricitinib_vs._Baricitinib phosphate,Hallmark
2,prerank,IL-2/STAT5 Signaling,0.47476002539023815,1.658989065388964,0.001968503937007874,0.07542903739945885,0.17,17/57,15.81%,MYC;BATF;IL2RB;IFITM3;TNFRSF9;SELP;IL3RA;TNFSF10;ITGA6;SELL;IRF4;CST7;TIAM1;ABCB1;MUC1;IL2RA;PNP,CD4 Naive,Baricitinib_vs._Baricitinib phosphate,Hallmark
3,prerank,Hypoxia,-0.47395705014921596,-1.61239278546318,0.006355932203389831,0.16165204840679473,0.181,17/43,18.45%,ATF3;FOSL2;GPC1;XPNPEP1;CDKN1A;BNIP3L;FOS;MAP3K1;CDKN1B;JUN;BHLHE40;KDM3A;TIPARP;DUSP1;PLAUR;TNFAIP3;JMJD6,CD4 Naive,Baricitinib_vs._Baricitinib phosphate,Hallmark
4,prerank,Epithelial Mesenchymal Transition,-0.4679841066724313,-1.4212056814697678,0.0691699604743083,0.3788719884534251,0.603,9/25,18.29%,TPM1;ITGB1;GPC1;PLOD3;LGALS1;JUN;PLAUR;TNFAIP3;ITGA5,CD4 Naive,Baricitinib_vs._Baricitinib phosphate,Hallmark
5,prerank,UV Response Up,-0.43160273807622657,-1.402008794737443,0.05894308943089431,0.2870360090300137,0.647,11/35,20.85%,ATF3;NR4A1;PARP2;FOSB;FOS;TFRC;ALAS1;FEN1;CLTB;CASP3;CCND3,CD4 Naive,Baricitinib_vs._Baricitinib phosphate,Hallmark
6,prerank,Myc Targets V1,0.4773560115467272,1.393294885884887,0.07952286282306163,0.3978372067163349,0.704,8/24,16.85%,MYC;HDAC2;HPRT1;C1QBP;CDK2;TFDP1;PWP1;PSMD7,CD4 Naive,Baricitinib_vs._Baricitinib phosphate,Hallmark
7,prerank,Inflammatory Response,0.3926976225943661,1.382880503058322,0.0658682634730539,0.33735127321249864,0.723,12/52,11.50%,MYC;IL2RB;IL15RA;HIF1A;TNFRSF9;ADGRE1;EDN1;TNFSF10;SELL;TLR1;CCL5;IRF1,CD4 Naive,Baricitinib_vs._Baricitinib phosphate,Hallmark
8,prerank,Cholesterol Homeostasis,-0.4572357025100078,-1.306012286897507,0.13805970149253732,0.3866437215499057,0.851,6/21,11.50%,ATF3;CD9;ALCAM;CXCL16;NSDHL;PLSCR1,CD4 Naive,Baricitinib_vs._Baricitinib phosphate,Hallmark
9,prerank,p53 Pathway,-0.3634334832415207,-1.299848707297666,0.09823182711198428,0.3189519262795603,0.862,17/51,21.33%,ATF3;RALGDS;SOCS1;CDKN1A;FOS;IER5;PCNA;ELP1;JUN;CDK5R1;CCP110;CTSD;SESN1;ABCC5;HRAS;CCND3;RXRA,CD4 Naive,Baricitinib_vs._Baricitinib phosphate,Hallmark
10,prerank,Estrogen Response Late,0.4022707748187699,1.2449392641825316,0.1816326530612245,0.5893658030319879,0.934,7/29,10.86%,BATF;EGR3;GALE;ZFP36;TIAM1;ID2;HPRT1,CD4 Naive,Baricitinib_vs._Baricitinib phosphate,Hallmark
11,prerank,KRAS Signaling Up,0.3811588720221075,1.231741569085862,0.1553784860557769,0.540817461199981,0.944,11/36,15.02%,LY96;GLRX;ITGA2;PRDM1;F2RL1;LAT2;ID2;TRIB2;ABCB1;ETS1;CTSS,CD4 Naive,Baricitinib_vs._Baricitinib phosphate,Hallmark
12,prerank,heme Metabolism,-0.4259514536163186,-1.2090116918310139,0.21739130434782608,0.4305540135450206,0.962,10/21,27.32%,KLF3;BNIP3L;PPOX;XPO7;TFRC;FBXO7;SLC11A2;CCND3;ABCB6;TRAK2,CD4 Naive,Baricitinib_vs._Baricitinib phosphate,Hallmark
13,prerank,TNF-alpha Signaling via NF-kB,-0.3028512358448371,-1.1342688527057925,0.2405857740585774,0.5282558010436327,0.988,23/71,16.61%,ATF3;NR4A1;EGR2;REL;TLR2;FOSL2;RIPK2;FOSB;NFKBIE;CDKN1A;FOS;IL23A;IER5;DUSP2;BIRC2;JUN;BHLHE40;TANK;NFE2L2;TIPARP;DUSP1;PLAUR;TNFAIP3,CD4 Naive,Baricitinib_vs._Baricitinib phosphate,Hallmark
14,prerank,Mitotic Spindle,0.3770834343215505,1.132068016632104,0.28937007874015747,0.753780718336484,0.993,7/26,18.13%,PLK1;ECT2;CDK1;TIAM1;NCK2;EPB41L2;ABL1,CD4 Naive,Baricitinib_vs._Baricitinib phosphate,Hallmark
15,prerank,Xenobiotic Metabolism,0.36998963091772036,1.0984690776860557,0.3347107438016529,0.7680170997195349,0.997,6/27,15.73%,PYCR1;ID2;HPRT1;DHRS7;TMEM97;PSMB10,CD4 Naive,Baricitinib_vs._Baricitinib phosphate,Hallmark
16,prerank,IL-6/JAK/STAT3 Signaling,0.3312529248492233,1.0818778424166196,0.30784708249496984,0.7358612253975315,0.999,9/35,15.10%,STAT3;IL15RA;IL3RA;CD38;MYD88;STAT1;IRF1;TNF;IL2RA,CD4 Naive,Baricitinib_vs._Baricitinib phosphate,Hallmark
17,prerank,Estrogen Response Early,0.3509829667955793,1.0645077440224557,0.3405511811023622,0.7150005559879906,1.0,6/28,14.38%,MYC;EGR3;SH3BP5;TIAM1;PEX11A;MUC1,CD4 Naive,Baricitinib_vs._Baricitinib phosphate,Hallmark
18,prerank,Unfolded Protein Response,-0.3468977157044651,-1.0577894362770377,0.390715667311412,0.6398079271677585,0.997,11/27,26.84%,ATF3;SLC1A4;FKBP14;PDIA6;TATDN2;WFS1;HERPUD1;POP4;BAG3;CKS1B;CNOT4,CD4 Naive,Baricitinib_vs._Baricitinib phosphate,Hallmark
19,prerank,Allograft Rejection,0.28052906245347486,1.0441107828769276,0.37957610789980734,0.7089310204232921,1.0,23/77,20.85%,IL2RB;HIF1A;GZMB;CXCR3;ITK;TLR1;IRF4;STAT1;CCL5;ETS1;TNF;CTSS;IL2RA;PSMB10;LCK;PTPRC;CD2;ICAM1;CD79A;CD7;CCL4;TRAF2;CD96,CD4 Naive,Baricitinib_vs._Baricitinib phosphate,Hallmark
20,prerank,Androgen Response,0.37359741096638194,1.0292811363969323,0.3870967741935484,0.6956094056060697,1.0,3/17,12.54%,CDK6;ARID5B;INPP4B,CD4 Naive,Baricitinib_vs._Baricitinib phosphate,Hallmark
21,prerank,Glycolysis,-0.3047349373215976,-0.9839265123960687,0.4794520547945205,0.7489360127308389,1.0,6/34,8.79%,SLC25A13;SPAG4;GPC1;NASP;DLD;NSDHL,CD4 Naive,Baricitinib_vs._Baricitinib phosphate,Hallmark
22,prerank,G2-M Checkpoint,0.2846001426696202,0.983660067812722,0.4827586206896552,0.7542612508141253,1.0,7/48,10.54%,MYC;HIF1A;PLK1;CCNF;ATF5;CDK1;STMN1,CD4 Naive,Baricitinib_vs._Baricitinib phosphate,Hallmark
23,prerank,Myogenesis,-0.3637475571678892,-0.9674949636827368,0.513671875,0.7129787942711223,1.0,4/15,15.10%,ITGB1;CDKN1A;BHLHE40;FOXO4,CD4 Naive,Baricitinib_vs._Baricitinib phosphate,Hallmark
24,prerank,mTORC1 Signaling,0.2701643038770154,0.9478539528840391,0.5450901803607214,0.7901701323251419,1.0,11/53,15.81%,PLK1;GLRX;G6PD;CCNF;TRIB3;TXNRD1;HPRT1;MTHFD2;YKT6;TMEM97;PNP,CD4 Naive,Baricitinib_vs._Baricitinib phosphate,Hallmark
25,prerank,Fatty Acid Metabolism,-0.31771845100573815,-0.9312205786238188,0.5454545454545454,0.7287766080926956,1.0,13/22,37.38%,CRYZ;DLD;NSDHL;LGALS1;DECR1;BPHL;HMGCS1;ACAT2;HSD17B11;HADH;UGDH;HSD17B10;CBR3,CD4 Naive,Baricitinib_vs._Baricitinib phosphate,Hallmark
26,prerank,UV Response Dn,0.30085608035508915,0.912200672832317,0.5785288270377733,0.8218961970421438,1.0,4/27,12.54%,MYC;RUNX1;PRKCE;INPP4B,CD4 Naive,Baricitinib_vs._Baricitinib phosphate,Hallmark
27,prerank,Pperoxisome,0.3298865975270584,0.9053394598623018,0.5935613682092555,0.7886591531975852,1.0,5/19,12.30%,CDK7;MVP;ABCB1;PEX11A;ITGB1BP1,CD4 Naive,Baricitinib_vs._Baricitinib phosphate,Hallmark
28,prerank,Complement,-0.24323070707062747,-0.878723492015769,0.6993736951983298,0.7787276562673476,1.0,17/56,21.17%,CD40LG;CTSL;XPNPEP1;STX4;FCER1G;CTSH;PLSCR1;RAF1;CDK5R1;USP14;PLAUR;TNFAIP3;CTSD;CD46;SRC;CASP3;DOCK9,CD4 Naive,Baricitinib_vs._Baricitinib phosphate,Hallmark
29,prerank,E2F Targets,-0.2312273572027055,-0.8652467708831422,0.75,0.7441733352691496,1.0,12/66,11.42%,UBE2T;EED;HELLS;MCM6;CDKN1A;NASP;CHEK1;ZW10;TIPIN;PAN2;CDKN1B;PCNA,CD4 Naive,Baricitinib_vs._Baricitinib phosphate,Hallmark
30,prerank,Adipogenesis,0.2915016531637036,0.8645992955574511,0.6569037656903766,0.8297873654817944,1.0,1/23,0.16%,BCL6,CD4 Naive,Baricitinib_vs._Baricitinib phosphate,Hallmark
31,prerank,Apoptosis,0.2360378563314806,0.8379664520112392,0.7589453860640302,0.8410927797643781,1.0,10/57,14.78%,EGR3;IFITM3;CASP8;TNFSF10;CD38;TXNIP;IRF1;CDK2;CFLAR;TNF,CD4 Naive,Baricitinib_vs._Baricitinib phosphate,Hallmark
32,prerank,PI3K/AKT/mTOR  Signaling,0.2516123831170958,0.8000140100981745,0.7895833333333333,0.8667407983987546,1.0,8/39,16.21%,RALB;CAB39;MYD88;TRIB3;CDK1;TIAM1;CDK2;LCK,CD4 Naive,Baricitinib_vs._Baricitinib phosphate,Hallmark
33,prerank,Apical Junction,0.23821037323984573,0.7610855263145188,0.8304761904761905,0.8803937453998613,1.0,14/36,26.36%,ITGA2;GNAI1;RAC2;MAPK11;SHC1;PTPRC;ICAM1;EPB41L2;ICAM2;CD274;INSIG1;MPZL1;PIK3CB;GNAI2,CD4 Naive,Baricitinib_vs._Baricitinib phosphate,Hallmark
34,prerank,DNA Repair,0.2161618580551944,0.6709554194659363,0.9274509803921569,0.9311130879573001,1.0,9/30,23.16%,HPRT1;POLA1;POLD3;RFC2;POLR2I;PNP;POLD4;POLR2K;RALA,CD4 Naive,Baricitinib_vs._Baricitinib phosphate,Hallmark
35,prerank,Oxidative Phosphorylation,-0.2048612458055336,-0.6071214301903743,0.950199203187251,0.974519817919396,1.0,7/24,30.11%,DLD;DECR1;ALAS1;PDHX;ETFB;SLC25A3;CASP7,CD4 Naive,Baricitinib_vs._Baricitinib phosphate,Hallmark
0,prerank,DNA Repair,0.5169764887338719,1.617746369733154,0.013595166163141994,0.2555274536999266,0.219,14/30,31.23%,RAD51;POLR1C;RFC5;RNMT;POLR2I;POLD3;CANT1;POLD4;VPS28;RPA2;RBX1;ADA;POLR2K;FEN1,CD4 Naive,Canertinib_vs._Canertinib dihydrochloride,Hallmark
1,prerank,Inflammatory Response,-0.3804581747762178,-1.5073298958290626,0.010344827586206896,0.353125544140693,0.276,19/52,15.81%,TNFRSF9;ICAM1;CCL5;RIPK2;NLRP3;CD40;NFKBIA;ACVR1B;PLAUR;CD69;TNFRSF1B;BST2;NFKB1;SLAMF1;RELA;IL10RA;PSEN1;CSF1;LTA,CD4 Naive,Canertinib_vs._Canertinib dihydrochloride,Hallmark
2,prerank,G2-M Checkpoint,0.43381737406666665,1.4904331251019223,0.02194787379972565,0.40336134453781514,0.546,10/48,10.94%,NDC80;PLK1;CDK1;CDC7;CENPF;MYC;MNAT1;HIF1A;NOLC1;SUV39H1,CD4 Naive,Canertinib_vs._Canertinib dihydrochloride,Hallmark
3,prerank,UV Response Up,-0.3997022660132399,-1.483560907038592,0.02531645569620253,0.21312902664112834,0.321,11/35,16.29%,ATF3;ICAM1;NR4A1;CREG1;FKBP4;NFKBIA;SLC25A4;PRKCD;TAP1;SQSTM1;CCND3,CD4 Naive,Canertinib_vs._Canertinib dihydrochloride,Hallmark
4,prerank,Interferon Alpha Response,0.43874914559654954,1.4267600296908562,0.050445103857566766,0.422289304071143,0.696,11/35,13.90%,IFI35;STAT2;PSME2;IFITM3;IL15;PSMB9;HERC6;PLSCR1;IL4R;MX1;UBE2L6,CD4 Naive,Canertinib_vs._Canertinib dihydrochloride,Hallmark
5,prerank,TNF-alpha Signaling via NF-kB,-0.33570704256728356,-1.4201672667517808,0.02564102564102564,0.21417377677172209,0.435,24/71,16.21%,ATF3;TNFRSF9;GADD45A;ICAM1;NR4A1;CCL5;RIPK2;F2RL1;CCL4;NFKBIA;PLAUR;CD69;IFIT2;REL;IL23A;IFIH1;NFKB1;RELA;IER5;TNF;CSF1;EGR3;TAP1;SQSTM1,CD4 Naive,Canertinib_vs._Canertinib dihydrochloride,Hallmark
6,prerank,Glycolysis,0.4385806043199555,1.4087208701604408,0.06020558002936858,0.36126295178265483,0.745,11/34,19.41%,SLC25A13;CDK1;IER3;GPC1;PGAM1;SLC35A3;AGL;GFPT1;ECD;PMM2;GNPDA1,CD4 Naive,Canertinib_vs._Canertinib dihydrochloride,Hallmark
7,prerank,PI3K/AKT/mTOR  Signaling,0.4183696518518934,1.3671682170344726,0.08199121522693997,0.3847597291343722,0.831,12/39,21.01%,CDK1;STAT2;RALB;VAV3;PIN1;TRIB3;GSK3B;MYD88;IRAK4;RAF1;ECSIT;NFKBIB,CD4 Naive,Canertinib_vs._Canertinib dihydrochloride,Hallmark
8,prerank,Myc Targets V1,0.4525026855109961,1.3291401855168714,0.10534351145038168,0.40678795790160727,0.902,9/24,24.28%,MYC;NOLC1;EPRS1;SLC25A3;C1QBP;USP1;TOMM70;PWP1;RNPS1,CD4 Naive,Canertinib_vs._Canertinib dihydrochloride,Hallmark
9,prerank,Apoptosis,-0.31478211407081774,-1.2601125299312546,0.09863945578231292,0.40614661326832663,0.761,23/57,22.76%,ATF3;GADD45A;CD69;TIMP2;HMGB2;RELA;HSPB1;CREBBP;PSEN1;TNF;BNIP3L;CCND2;EGR3;TAP1;SQSTM1;CD38;PRF1;TXNIP;IGF2R;PMAIP1;EBP;CDKN1B;SPTAN1,CD4 Naive,Canertinib_vs._Canertinib dihydrochloride,Hallmark
10,prerank,Interferon Gamma Response,0.33783713826291867,1.2564646421578596,0.11464088397790055,0.5200060606766979,0.967,26/76,23.48%,FAS;STAT1;IFI35;STAT2;PSME2;IFITM3;IL15;PSMB9;HERC6;CD274;MTHFD2;PLSCR1;IL4R;HIF1A;IL2RB;MX1;JAK2;UBE2L6;MYD88;PSMB10;OAS3;SOCS1;NAMPT;PTPN1;SELP;ARID5B,CD4 Naive,Canertinib_vs._Canertinib dihydrochloride,Hallmark
11,prerank,Allograft Rejection,-0.2959419844917299,-1.2549542930608486,0.08208955223880597,0.33264844158105517,0.767,25/77,18.45%,CD8A;ICAM1;KLRD1;IL16;CCL5;CD4;RIPK2;NLRP3;CCL4;TGFB1;IL12RB1;CD40;CD40LG;IRF8;TRAT1;TNF;CSF1;ITGB2;CCND2;TAP1;CCND3;TRAF2;PRF1;PTPN6;STAT4,CD4 Naive,Canertinib_vs._Canertinib dihydrochloride,Hallmark
12,prerank,Unfolded Protein Response,0.39979046303302673,1.213061598525153,0.2009132420091324,0.5799543118218161,0.987,8/27,12.14%,EIF4EBP1;DDX10;MTHFD2;ATF6;SLC1A4;NOLC1;PDIA5;CEBPB,CD4 Naive,Canertinib_vs._Canertinib dihydrochloride,Hallmark
13,prerank,IL-6/JAK/STAT3 Signaling,0.3692201991090459,1.202291877754641,0.20501474926253688,0.5400995349596149,0.988,13/35,23.00%,FAS;STAT1;STAT2;IL2RA;IL4R;JUN;IL3RA;IL18R1;MYD88;TLR2;SOCS1;ITGA4;PTPN1,CD4 Naive,Canertinib_vs._Canertinib dihydrochloride,Hallmark
14,prerank,UV Response Dn,0.3912294926870059,1.1852301376433678,0.22406015037593985,0.5334747491229501,0.996,9/27,17.49%,DMAC2L;INPP4B;MYC;RUNX1;ACVR2A;BHLHE40;SMAD7;TENT4A;INSIG1,CD4 Naive,Canertinib_vs._Canertinib dihydrochloride,Hallmark
15,prerank,Mitotic Spindle,0.37927221159043834,1.1278838638377946,0.2884333821376281,0.6274707588242712,0.998,8/26,14.94%,NDC80;PLK1;CDK1;NCK2;CENPF;RASA1;HDAC6;PCM1,CD4 Naive,Canertinib_vs._Canertinib dihydrochloride,Hallmark
16,prerank,E2F Targets,0.31059338718505575,1.1126126799535472,0.2868965517241379,0.613282206086318,0.998,27/66,34.19%,TIPIN;PLK1;CDK1;TIMELESS;PAICS;MYC;MTHFD2;NOLC1;SUV39H1;ANP32E;POLD3;USP1;NUP107;RPA2;CBX5;SMC1A;PAN2;MCM3;TACC3;CTCF;UBE2T;RPA1;CCP110;ILF3;MSH2;DNMT1;SMC3,CD4 Naive,Canertinib_vs._Canertinib dihydrochloride,Hallmark
17,prerank,Cholesterol Homeostasis,-0.3471206285346327,-1.0996877922166792,0.3426183844011142,0.5960299495037437,0.958,9/21,21.88%,ATF3;CXCL16;LGMN;PLAUR;ALDOC;NFIL3;ACAT2;ECH1;EBP,CD4 Naive,Canertinib_vs._Canertinib dihydrochloride,Hallmark
18,prerank,Epithelial Mesenchymal Transition,0.36024918285084306,1.0733114878125558,0.3695652173913043,0.660169071362675,1.0,5/25,8.71%,FAS;ID2;IL15;GPC1;JUN,CD4 Naive,Canertinib_vs._Canertinib dihydrochloride,Hallmark
19,prerank,Xenobiotic Metabolism,-0.29467611285674516,-0.9717913113518702,0.4838709677419355,0.860724857590607,0.996,11/27,15.58%,ARG2;TNFRSF1A;ADH5;CAT;DHRS7;NPC1;IRF8;CBR1;ABCC2;ABHD6;SLC35B1,CD4 Naive,Canertinib_vs._Canertinib dihydrochloride,Hallmark
20,prerank,IL-2/STAT5 Signaling,0.2640985012278825,0.9349898712629066,0.5766016713091922,0.9707106143428244,1.0,13/57,16.05%,SOCS2;IFITM3;MYC;ABCB1;IL2RA;PLSCR1;IL4R;IL3RA;BHLHE40;IL2RB;IL18R1;FLT3LG;ITGA6,CD4 Naive,Canertinib_vs._Canertinib dihydrochloride,Hallmark
21,prerank,Complement,0.2507251814085309,0.8860478438287348,0.6905089408528198,1.0,1.0,10/56,14.54%,SRC;PSMB9;CDK5R1;PLSCR1;FCER1G;CTSS;CEBPB;F5;JAK2;LIPA,CD4 Naive,Canertinib_vs._Canertinib dihydrochloride,Hallmark
22,prerank,p53 Pathway,-0.21767473110686544,-0.8650513659707815,0.7533333333333333,1.0,1.0,15/51,20.05%,ATF3;GADD45A;SESN1;TGFB1;ACVR1B;COQ8A;CTSD;RAD51C;IER5;CCND2;TAP1;CCND3;DDB2;TXNIP;S100A10,CD4 Naive,Canertinib_vs._Canertinib dihydrochloride,Hallmark
23,prerank,Estrogen Response Late,0.2777439992118937,0.8546620889536966,0.7,1.0,1.0,6/29,15.89%,ID2;UGDH;FOS;SLC1A4;JAK2;DUSP2,CD4 Naive,Canertinib_vs._Canertinib dihydrochloride,Hallmark
24,prerank,Adipogenesis,-0.25612026440660846,-0.8338308833720114,0.7537993920972644,1.0,1.0,4/23,10.06%,GADD45A;CAT;DHRS7;SLC5A6,CD4 Naive,Canertinib_vs._Canertinib dihydrochloride,Hallmark
25,prerank,Estrogen Response Early,0.27249744646552687,0.8320071158840076,0.7324364723467862,1.0,1.0,8/28,17.33%,MYC;FOS;SLC1A4;BHLHE40;GAB2;SH3BP5;JAK2;CANT1,CD4 Naive,Canertinib_vs._Canertinib dihydrochloride,Hallmark
26,prerank,Myogenesis,0.3076770164263586,0.7992615904509089,0.7496062992125985,1.0,1.0,4/15,12.70%,FOXO4;BHLHE40;NOTCH1;AGL,CD4 Naive,Canertinib_vs._Canertinib dihydrochloride,Hallmark
27,prerank,Apical Junction,0.24311444721156714,0.7898886086472762,0.7818448023426061,1.0,1.0,4/36,5.75%,SRC;GNAI1;ITGA3;CD274,CD4 Naive,Canertinib_vs._Canertinib dihydrochloride,Hallmark
28,prerank,KRAS Signaling Up,-0.2179464508793843,-0.7890536633261037,0.8338192419825073,0.9876022984502872,1.0,9/36,17.01%,F2RL1;CLEC4A;PLAUR;TNFRSF1B;IRF8;IL10RA;ITGB2;CCND2;PECAM1,CD4 Naive,Canertinib_vs._Canertinib dihydrochloride,Hallmark
29,prerank,Oxidative Phosphorylation,-0.23758277481077994,-0.7739986668488574,0.8023952095808383,0.9220394788912984,1.0,1/24,0.72%,ATP1B1,CD4 Naive,Canertinib_vs._Canertinib dihydrochloride,Hallmark
30,prerank,mTORC1 Signaling,0.21017699040796264,0.7295784602915452,0.9048951048951049,1.0,1.0,13/53,23.64%,PLK1;MTHFD2;SLC1A4;TRIB3;BHLHE40;EPRS1;GSK3B;INSIG1;TMEM97;NFKBIB;NAMPT;HMGCR;NMT1,CD4 Naive,Canertinib_vs._Canertinib dihydrochloride,Hallmark
31,prerank,Fatty Acid Metabolism,0.23514618233298087,0.6771842219738612,0.8986384266263238,1.0,1.0,7/22,29.31%,UGDH;HSD17B10;UBE2L6;BPHL;DECR1;CRYZ;PSME1,CD4 Naive,Canertinib_vs._Canertinib dihydrochloride,Hallmark
32,prerank,Pperoxisome,-0.21876443748724578,-0.6714028955624127,0.9230769230769231,0.9448894306111788,1.0,4/19,13.34%,CAT;CDK7;SLC25A4;PEX11A,CD4 Naive,Canertinib_vs._Canertinib dihydrochloride,Hallmark
33,prerank,Androgen Response,0.22905679361686476,0.6253452701068722,0.9362745098039216,1.0,1.0,5/17,26.04%,INPP4B;INSIG1;HMGCR;ARID5B;RAB4A,CD4 Naive,Canertinib_vs._Canertinib dihydrochloride,Hallmark
34,prerank,Hypoxia,0.1845608688874205,0.6055161733680793,0.9681620839363242,1.0,1.0,13/43,29.07%,IER3;GPC1;FOS;JUN;BHLHE40;FOSL2;HK1;KDM3A;FOXO3;ISG20;TIPARP;RORA;XPNPEP1,CD4 Naive,Canertinib_vs._Canertinib dihydrochloride,Hallmark
35,prerank,heme Metabolism,0.16278247900576484,0.4567572112893662,1.0,0.9981235212531615,1.0,6/21,29.71%,PPOX;TRAK2;FOXO3;LRP10;PSMD9;ABCB6,CD4 Naive,Canertinib_vs._Canertinib dihydrochloride,Hallmark
0,prerank,IL-6/JAK/STAT3 Signaling,-0.5589355730842549,-1.60117588606032,0.006091370558375634,0.12592592592592594,0.117,20/35,25.00%,IL3RA;IL18R1;SOCS1;CD38;TYK2;PTPN1;FAS;IRF1;JUN;TGFB1;CSF1;ITGA4;IL15RA;IL17RA;TNF;MYD88;STAT1;ACVR1B;TNFRSF1B;TNFRSF1A,CD4 Naive,Erlotinib_vs._Erlotinib hydrochloride,Hallmark
1,prerank,TNF-alpha Signaling via NF-kB,-0.49755586323279566,-1.5220389608792997,0.002012072434607646,0.16790123456790124,0.284,26/71,24.20%,CCL5;NR4A1;CCL4;EGR2;PLAUR;ATF3;ID2;IER3;FOS;IFIT2;RIPK2;IRF1;EDN1;FOSB;JUN;CSF1;GADD45A;BCL6;F2RL1;IL15RA;ZFP36;ICAM1;TNF;REL;CD69;EGR1,CD4 Naive,Erlotinib_vs._Erlotinib hydrochloride,Hallmark
2,prerank,Allograft Rejection,-0.4913206613019465,-1.507990413102774,0.0010050251256281408,0.13763996554694227,0.335,17/77,11.90%,CCL5;KLRD1;GZMB;NLRP3;CD8A;CCL4;PRF1;CD79A;CXCR3;SOCS1;RIPK2;FAS;ZAP70;CCND3;ITGAL;TGFB1;CSF1,CD4 Naive,Erlotinib_vs._Erlotinib hydrochloride,Hallmark
3,prerank,KRAS Signaling Up,-0.5226828860042392,-1.491608518070414,0.016293279022403257,0.12006890611541775,0.381,16/36,25.08%,PLAUR;PRDM1;GLRX;ID2;LAT2;CLEC4A;ERO1A;AKT2;IRF8;F2RL1;TRIB2;ITGB2;LY96;IL10RA;TNFRSF1B;ATG10,CD4 Naive,Erlotinib_vs._Erlotinib hydrochloride,Hallmark
4,prerank,Epithelial Mesenchymal Transition,-0.5469371865221333,-1.4889949522588704,0.017653167185877467,0.10015503875968992,0.395,9/25,13.42%,PLAUR;ID2;PVR;COL1A1;FAS;LRP1;JUN;TGFB1;GADD45A,CD4 Naive,Erlotinib_vs._Erlotinib hydrochloride,Hallmark
5,prerank,Inflammatory Response,-0.4821955910323391,-1.4239465247967167,0.012145748987854251,0.17636137429419083,0.656,22/52,27.08%,CCL5;NLRP3;PLAUR;TNFSF10;IL18R1;RIPK2;PVR;IRF1;EDN1;ATP2C1;CSF1;ADGRE1;RGS1;IL15RA;LCK;ICAM1;CD69;IL10RA;ACVR1B;TNFRSF1B;HIF1A;BST2,CD4 Naive,Erlotinib_vs._Erlotinib hydrochloride,Hallmark
6,prerank,Interferon Gamma Response,-0.4598864356534697,-1.4013274282791257,0.010050251256281407,0.18867970960994218,0.734,26/76,23.64%,CCL5;KLRK1;TNFSF10;CD274;SOCS1;CD38;IFIT2;RIPK2;PTPN1;FAS;IRF1;MX1;HERC6;IFI35;PSMB9;IRF8;ARID5B;IL15RA;UBE2L6;OAS3;ICAM1;PSMB10;MYD88;STAT1;CD69;IL10RA,CD4 Naive,Erlotinib_vs._Erlotinib hydrochloride,Hallmark
7,prerank,G2-M Checkpoint,0.23240195426718474,1.3228837692972957,0.0,0.1811965811965812,0.094,7/48,4.39%,CCNF;JPT1;NDC80;CHEK1;CKS1B;CKS2;RPA2,CD4 Naive,Erlotinib_vs._Erlotinib hydrochloride,Hallmark
8,prerank,Hypoxia,-0.4507952456030073,-1.3135210041567291,0.0696969696969697,0.3587424633936262,0.924,20/43,33.95%,PLAUR;ATF3;GLRX;IER3;DDIT4;FOS;TGFB3;S100A4;ERO1A;JUN;GAA;ZFP36;BCL2;HK1;FOXO3;PGM1;XPNPEP1;BHLHE40;TIPARP;BNIP3L,CD4 Naive,Erlotinib_vs._Erlotinib hydrochloride,Hallmark
9,prerank,UV Response Up,-0.4597981826013352,-1.3122832608196302,0.08709016393442623,0.32224455290777426,0.925,14/35,29.07%,NR4A1;ATF3;FOS;CDK2;IRF1;POLG2;CCND3;FOSB;ACAA1;ICAM1;STK25;TFRC;YKT6;ALAS1,CD4 Naive,Erlotinib_vs._Erlotinib hydrochloride,Hallmark
10,prerank,p53 Pathway,-0.44100641618657443,-1.3091751050234492,0.06464646464646465,0.29675567039908124,0.93,13/51,13.42%,RXRA;ATF3;IER3;DDIT4;SOCS1;FOS;FAS;S100A4;ELP1;CCND3;JUN;TGFB1;GADD45A,CD4 Naive,Erlotinib_vs._Erlotinib hydrochloride,Hallmark
11,prerank,Estrogen Response Late,-0.4616597722496586,-1.2924851390780006,0.10914760914760915,0.31157570537415497,0.953,9/29,20.05%,MAPK13;SLC1A4;ID2;FOS;BATF;ETFB;TIAM1;ZFP36;BCL2,CD4 Naive,Erlotinib_vs._Erlotinib hydrochloride,Hallmark
12,prerank,IL-2/STAT5 Signaling,-0.4105321530302775,-1.2377837980055544,0.11099899091826437,0.42097329888027557,0.989,28/57,36.58%,CST7;IL3RA;TNFSF10;IL18R1;SOCS1;BATF;CCND3;CSF1;BCL2L1;IRF8;TIAM1;CCR4;BCL2;ICOS;IL10RA;TNFRSF1B;SOCS2;CTLA4;IFNGR1;FLT3LG;IGF2R;PRAF2;PRKCH;BHLHE40;IGF1R;IRF4;IFITM3;NFIL3,CD4 Naive,Erlotinib_vs._Erlotinib hydrochloride,Hallmark
13,prerank,Interferon Alpha Response,-0.4231591676978778,-1.2047925061925138,0.1952479338842975,0.4844806643256256,0.995,10/35,17.65%,IFIT2;RIPK2;IRF1;MX1;HERC6;IFI35;CSF1;PSMB9;OAS1;UBE2L6,CD4 Naive,Erlotinib_vs._Erlotinib hydrochloride,Hallmark
14,prerank,Xenobiotic Metabolism,-0.43891720158213143,-1.196577971242384,0.2,0.4757434067511587,0.998,6/27,8.47%,NPC1;ID2;PPARD;PYCR1;FAS;ABCC2,CD4 Naive,Erlotinib_vs._Erlotinib hydrochloride,Hallmark
15,prerank,Complement,-0.39986280594871937,-1.1936005706611246,0.15890688259109312,0.45222700736912624,0.998,12/56,17.97%,CCL5;GZMB;PLAUR;DPP4;IRF1;TIMP2;LRP1;PIK3CG;PSMB9;SRC;CBLB;LCK,CD4 Naive,Erlotinib_vs._Erlotinib hydrochloride,Hallmark
16,prerank,DNA Repair,0.2446808510638297,1.1767038780160508,0.21875,0.19145299145299147,0.191,30/30,76.12%,RPA2;PCNA;POLD3;FEN1;HPRT1;ADA;LIG1;POLR2I;RBX1;RFC5;POLR2K;RAD51;POLD4;RALA;NUDT9;POLR1C;RNMT;RAE1;TP53;POLB;DDB2;POLA1;PNP;PRIM1;RPA3;MPC2;GTF2A2;RFC2;CANT1;VPS28,CD4 Naive,Erlotinib_vs._Erlotinib hydrochloride,Hallmark
17,prerank,Apoptosis,-0.39268367744635807,-1.1669878777386455,0.20484359233097882,0.4971755670399082,0.999,13/57,13.50%,PRF1;TNFSF10;ATF3;IER3;CD38;FAS;CDK2;IRF1;TIMP2;JUN;HSPB1;GADD45A;BCL2L1,CD4 Naive,Erlotinib_vs._Erlotinib hydrochloride,Hallmark
18,prerank,Myogenesis,-0.46978554278686585,-1.1624630526730906,0.27675675675675676,0.48050531151306347,0.999,8/15,31.95%,COL1A1;TGFB1;AKT2;GAA;AGL;RB1;FOXO4;BHLHE40,CD4 Naive,Erlotinib_vs._Erlotinib hydrochloride,Hallmark
19,prerank,Unfolded Protein Response,-0.4211146115886927,-1.1591227161951694,0.2743455497382199,0.46324688167926753,0.999,9/27,19.97%,PDIA5;SLC1A4;ATF3;DDIT4;ERO1A;BAG3;EXOSC4;ATF6;CNOT2,CD4 Naive,Erlotinib_vs._Erlotinib hydrochloride,Hallmark
20,prerank,heme Metabolism,-0.4151774882732165,-1.0914909324950917,0.3646055437100213,0.6257249497559575,1.0,11/21,34.74%,HEBP1;CCND3;LRP10;PPOX;XPO7;NNT;TFRC;FOXO3;BNIP3L;SLC11A2;LAMP2,CD4 Naive,Erlotinib_vs._Erlotinib hydrochloride,Hallmark
21,prerank,Apical Junction,-0.3771245513267245,-1.0808604368241304,0.3698770491803279,0.6226500143554408,1.0,22/36,51.52%,MAPK13;CD274;GNAI1;ITGA3;SRC;AKT2;ICAM2;ICAM1;AKT3;PECAM1;HRAS;RASA1;SHC1;IKBKG;ITGA2;PTK2;STX4;RAC2;SORBS3;MPZL1;RSU1;MAPK11,CD4 Naive,Erlotinib_vs._Erlotinib hydrochloride,Hallmark
22,prerank,Glycolysis,-0.3677818994226466,-1.04455451405466,0.43523316062176165,0.6949865332294273,1.0,9/34,22.76%,GLRX;IER3;DDIT4;COPB2;ERO1A;GNPDA1;AGL;G6PD;ME2,CD4 Naive,Erlotinib_vs._Erlotinib hydrochloride,Hallmark
23,prerank,Androgen Response,-0.41295609673374056,-1.0361387095510484,0.4385026737967914,0.6869130582308877,1.0,5/17,19.17%,MAF;CCND3;PTK2B;ARID5B;HMGCR,CD4 Naive,Erlotinib_vs._Erlotinib hydrochloride,Hallmark
24,prerank,Adipogenesis,-0.3547428456816562,-0.9436985578864566,0.59536354056902,0.8881449025702479,1.0,10/23,30.75%,ETFB;GADD45A;SQOR;BCL6;DECR1;TANK;PGM1;SLC5A6;IFNGR1;DNAJC15,CD4 Naive,Erlotinib_vs._Erlotinib hydrochloride,Hallmark
25,prerank,Cholesterol Homeostasis,-0.3512411453552879,-0.927245001051783,0.6200640341515475,0.8874198487893578,1.0,3/21,4.55%,PLAUR;ATF3;GNAI1,CD4 Naive,Erlotinib_vs._Erlotinib hydrochloride,Hallmark
26,prerank,Estrogen Response Early,-0.327065966252845,-0.9049719566991226,0.6460084033613446,0.8986620729256387,1.0,16/28,50.80%,SLC1A4;FOS;TIAM1;BCL11B;BCL2;CANT1;BHLHE40;TIPARP;FDFT1;IGF1R;NRIP1;JAK2;MYC;IL6ST;MINDY1;EGR3,CD4 Naive,Erlotinib_vs._Erlotinib hydrochloride,Hallmark
27,prerank,UV Response Dn,-0.3259007354039975,-0.8816421841775381,0.6787941787941788,0.9090019655911129,1.0,10/27,33.79%,RXRA;PRKCE;COL1A1;ATP2C1;AKT3;MTA1;DMAC2L;SMAD3;BHLHE40;IGF1R,CD4 Naive,Erlotinib_vs._Erlotinib hydrochloride,Hallmark
28,prerank,mTORC1 Signaling,-0.2790988129828867,-0.8326912370286884,0.7846309403437816,0.962250507757255,1.0,18/53,32.03%,SLC1A4;GLRX;DDIT4;NFKBIB;MLLT11;PLK1;ERO1A;UNG;ITGB2;HMGCR;G6PD;EBP;TFRC;PGM1;YKT6;CORO1A;BHLHE40;EDEM1,CD4 Naive,Erlotinib_vs._Erlotinib hydrochloride,Hallmark
29,prerank,PI3K/AKT/mTOR  Signaling,-0.2543435081897483,-0.7328053627851877,0.8685831622176592,1.0,1.0,12/39,31.15%,NFKBIB;CDK2;TIAM1;LCK;MYD88;RALB;TNFRSF1A;IRAK4;MAPK9;NOD1;PIN1;HRAS,CD4 Naive,Erlotinib_vs._Erlotinib hydrochloride,Hallmark
30,prerank,Mitotic Spindle,-0.2601056458753017,-0.7052110537748242,0.8778947368421053,1.0,1.0,10/26,39.62%,NCK2;PLK1;PCM1;TIAM1;PXN;ARFIP2;RASA1;ECT2;SMC4;CEP57,CD4 Naive,Erlotinib_vs._Erlotinib hydrochloride,Hallmark
31,prerank,Fatty Acid Metabolism,-0.258282494716479,-0.6975306420378189,0.8914893617021277,1.0,1.0,15/22,55.51%,ACAA1;UBE2L6;DECR1;HSD17B10;CBR3;CRYZ;NSDHL;PSME1;S100A10;BLVRA;MIF;BPHL;UGDH;DLD;LGALS1,CD4 Naive,Erlotinib_vs._Erlotinib hydrochloride,Hallmark
32,prerank,Oxidative Phosphorylation,-0.2538076343843736,-0.6847939202704679,0.8944618599791013,0.9978346438461467,1.0,7/24,29.07%,ETFB;ACAA1;DECR1;SUPV3L1;HSD17B10;NNT;ALAS1,CD4 Naive,Erlotinib_vs._Erlotinib hydrochloride,Hallmark
33,prerank,Pperoxisome,-0.24243231256841097,-0.6265810362073675,0.9316702819956616,1.0,1.0,7/19,41.61%,IDE;ACAA1;SMARCC1;BCL10;HRAS;ISOC1;FIS1,CD4 Naive,Erlotinib_vs._Erlotinib hydrochloride,Hallmark
34,prerank,E2F Targets,-0.2053785629409073,-0.6262011324665255,0.972809667673716,0.9738034957673201,1.0,34/66,49.28%,CHEK2;PLK1;MCM3;ZW10;UNG;TACC3;ATAD2;PAN2;EZH2;PAICS;MCM5;TFRC;TMPO;SLBP;CCP110;NUP107;RFC2;RPA3;HELLS;UBE2T;SMC4;NCAPD2;MTHFD2;DNMT1;PSIP1;MYC;MCM6;USP1;SMC1A;ANP32E;TP53;STMN1;CDKN1B;LBR,CD4 Naive,Erlotinib_vs._Erlotinib hydrochloride,Hallmark
35,prerank,Myc Targets V1,-0.2161495262837616,-0.5849113355255557,0.9483667017913593,0.9640539764570772,1.0,14/24,62.94%,CDK2;TFDP1;MCM5;SMARCC1;MYC;MCM6;USP1;PWP1;NOLC1;MCM2;SLC25A3;TOMM70;HDAC2;RRM1,CD4 Naive,Erlotinib_vs._Erlotinib hydrochloride,Hallmark
0,prerank,UV Response Up,-0.5755132510038825,-1.7694448597984394,0.0034965034965034965,0.048634493078937524,0.051,11/35,13.58%,ICAM1;SLC25A4;PARP2;SQSTM1;ACAA1;ALAS1;NR4A1;RAB27A;PRKCD;CREG1;ATF3,CD4 Naive,Gefitinib_vs._Gefitinib hydrochloride,Hallmark
1,prerank,Inflammatory Response,-0.46967726613578836,-1.564006325538113,0.01639344262295082,0.20342312008978675,0.337,9/52,8.47%,NLRP3;IL15;PVR;ICAM1;TNFRSF9;SLAMF1;PLAUR;ITGA5;CD40,CD4 Naive,Gefitinib_vs._Gefitinib hydrochloride,Hallmark
2,prerank,Glycolysis,0.45460927288729214,1.5116030947498251,0.03855421686746988,0.49917898193760263,0.349,5/34,3.99%,GPC1;DDIT4;SLC25A13;IER3;SPAG4,CD4 Naive,Gefitinib_vs._Gefitinib hydrochloride,Hallmark
3,prerank,Oxidative Phosphorylation,-0.5142933933268466,-1.4632494688294126,0.04642857142857143,0.2837012096271356,0.585,5/24,10.22%,SLC25A4;ACAA1;ALAS1;ATP1B1;OXA1L,CD4 Naive,Gefitinib_vs._Gefitinib hydrochloride,Hallmark
4,prerank,Allograft Rejection,-0.3947584833536868,-1.4094101079427686,0.04942339373970346,0.3114478114478114,0.711,18/77,13.82%,NLRP3;IL15;ICAM1;KLRD1;PTPN6;TRAF2;CD8A;DYRK3;IRF4;CD40;ITGB2;IFNAR2;IRF8;CD3G;CTSS;IKBKB;CSK;ZAP70,CD4 Naive,Gefitinib_vs._Gefitinib hydrochloride,Hallmark
5,prerank,Hypoxia,0.4055426558482004,1.4037562305972378,0.05249343832020997,0.5205254515599343,0.608,13/43,19.65%,GPC1;PGM1;DDIT4;NFIL3;IER3;FOSL2;GAA;TIPARP;FOS;CDKN1A;S100A4;ZFP36;KDM3A,CD4 Naive,Gefitinib_vs._Gefitinib hydrochloride,Hallmark
6,prerank,Estrogen Response Early,-0.4540555709641995,-1.340550067393284,0.11317567567567567,0.39225589225589225,0.847,9/28,17.01%,NRIP1;MINDY1;BHLHE40;MUC1;SLC1A4;FDFT1;RRP12;SH3BP5;PMAIP1,CD4 Naive,Gefitinib_vs._Gefitinib hydrochloride,Hallmark
7,prerank,Epithelial Mesenchymal Transition,-0.46646976687108954,-1.3241614152459995,0.10965630114566285,0.3610175832398055,0.88,7/25,8.31%,IL15;PVR;PLAUR;GADD45A;ITGA2;ITGA5;PLOD3,CD4 Naive,Gefitinib_vs._Gefitinib hydrochloride,Hallmark
8,prerank,PI3K/AKT/mTOR  Signaling,-0.41672149753702753,-1.3159432630003367,0.10163934426229508,0.32360643471754585,0.892,8/39,10.94%,GSK3B;PAK4;TRAF2;SQSTM1;NOD1;CDK1;TRIB3;RAF1,CD4 Naive,Gefitinib_vs._Gefitinib hydrochloride,Hallmark
9,prerank,Estrogen Response Late,-0.4386871553047351,-1.2892319319112027,0.12136752136752137,0.32793209876543206,0.928,5/29,10.38%,CD9;NRIP1;PTPN6;GALE;SLC1A4,CD4 Naive,Gefitinib_vs._Gefitinib hydrochloride,Hallmark
10,prerank,Unfolded Protein Response,0.3892142299654362,1.211716221967852,0.21265822784810126,0.9666119321291734,0.918,5/27,10.22%,DDIT4;FKBP14;NOLC1;PDIA6;BAG3,CD4 Naive,Gefitinib_vs._Gefitinib hydrochloride,Hallmark
11,prerank,TNF-alpha Signaling via NF-kB,0.3093431821452138,1.183880652385543,0.15027322404371585,0.8289545703338806,0.94,20/71,17.49%,TNF;EDN1;CCL4;F2RL1;NFIL3;IER3;FOSL2;ID2;EGR2;MYC;NAMPT;NFE2L2;NFKBIE;CCL5;TIPARP;DUSP2;EGR1;REL;FOS;CDKN1A,CD4 Naive,Gefitinib_vs._Gefitinib hydrochloride,Hallmark
12,prerank,Cholesterol Homeostasis,-0.4205539158627851,-1.1609459558066375,0.25045372050816694,0.5341480650122625,0.99,7/21,15.65%,CD9;PLAUR;TRIB3;ALCAM;ATF3;FDFT1;ATF5,CD4 Naive,Gefitinib_vs._Gefitinib hydrochloride,Hallmark
13,prerank,DNA Repair,0.34983079006328677,1.1060792800434374,0.30455635491606714,0.9348659003831419,0.984,4/30,5.27%,POLA1;POLR1C;RNMT;RPA2,CD4 Naive,Gefitinib_vs._Gefitinib hydrochloride,Hallmark
14,prerank,IL-2/STAT5 Signaling,0.2930083046330771,1.0650249506480691,0.3248081841432225,0.9335887611749681,0.997,7/57,5.03%,SELP;IFITM3;NFIL3;CCR4;IKZF2;PLSCR1;SOCS1,CD4 Naive,Gefitinib_vs._Gefitinib hydrochloride,Hallmark
15,prerank,Apical Junction,-0.3299420850580064,-1.0189070584966027,0.4367816091954023,0.8570894126449682,0.999,8/36,15.81%,MAPK11;ICAM1;ITGA2;MPZL1;PIK3CB;CTNND1;MAP4K2;MAPK14,CD4 Naive,Gefitinib_vs._Gefitinib hydrochloride,Hallmark
16,prerank,Myogenesis,0.3654313922645478,1.0074760915776864,0.4513888888888889,0.9952302760184534,1.0,8/15,26.92%,GAA;COL1A1;AKT2;CDKN1A;RB1;SORBS3;AGL;ITGB1,CD4 Naive,Gefitinib_vs._Gefitinib hydrochloride,Hallmark
17,prerank,Complement,-0.29490213509764135,-1.0028465404385214,0.4672,0.8257660782913308,1.0,17/56,21.49%,S100A13;CTSD;CTSL;PLAUR;CDK5R1;RAF1;PRKCD;CTSS;XPNPEP1;PIK3CA;IRF2;CASP10;PSMB9;PSEN1;LAP3;CD59;CEBPB,CD4 Naive,Gefitinib_vs._Gefitinib hydrochloride,Hallmark
18,prerank,Pperoxisome,-0.3626783136441154,-0.9774917313720087,0.5008849557522124,0.8207850105998254,1.0,2/19,5.35%,SLC25A4;ACAA1,CD4 Naive,Gefitinib_vs._Gefitinib hydrochloride,Hallmark
19,prerank,heme Metabolism,0.33180717015580496,0.9718009861462318,0.48364485981308414,0.9923371647509579,1.0,2/21,3.27%,HEBP1;LRP10,CD4 Naive,Gefitinib_vs._Gefitinib hydrochloride,Hallmark
20,prerank,Adipogenesis,0.3148006124562428,0.9564663282008254,0.5091324200913242,0.930122240467068,1.0,3/23,9.50%,PGM1;DHRS7;SQOR,CD4 Naive,Gefitinib_vs._Gefitinib hydrochloride,Hallmark
21,prerank,mTORC1 Signaling,-0.28252459930521046,-0.9497650019018611,0.5376884422110553,0.82455610233388,1.0,9/53,12.86%,CD9;GSK3B;BHLHE40;SQSTM1;MLLT11;ITGB2;SLC1A4;TRIB3;MCM4,CD4 Naive,Gefitinib_vs._Gefitinib hydrochloride,Hallmark
22,prerank,E2F Targets,-0.2597703457872207,-0.9057114695085171,0.6369327073552425,0.8714125380792048,1.0,34/66,36.34%,JPT1;TIMELESS;PAN2;CDK1;EZH2;PSIP1;SMC4;CDC25B;MCM4;STMN1;POLD3;CHEK1;LBR;MCM3;RFC2;RPA3;USP1;MCM2;ANP32E;MSH2;HELLS;CKS1B;EED;DCK;HMGB2;TFRC;UBR7;LIG1;CKS2;ATAD2;TMPO;CBX5;SLBP;CDK4,CD4 Naive,Gefitinib_vs._Gefitinib hydrochloride,Hallmark
23,prerank,Androgen Response,-0.33039635441463105,-0.864693893165121,0.649090909090909,0.906472128694351,1.0,9/17,32.11%,ZMIZ1;CDK6;RRP12;CCND3;AKT1;MAF;UBE2J1;INPP4B;PTK2B,CD4 Naive,Gefitinib_vs._Gefitinib hydrochloride,Hallmark
24,prerank,KRAS Signaling Up,0.25099514326035366,0.8305622420833471,0.7575,1.0,1.0,6/36,12.06%,F2RL1;ID2;LY96;FCER1G;TNFRSF1B;AKT2,CD4 Naive,Gefitinib_vs._Gefitinib hydrochloride,Hallmark
25,prerank,p53 Pathway,-0.23606529494629153,-0.7905515998878083,0.8031746031746032,0.9937920875420875,1.0,17/51,25.00%,CTSD;IER5;SESN1;GADD45A;CDK5R1;ABHD4;TRIB3;RAD9A;ATF3;ABCC5;ACVR1B;CCND3;COQ8A;RXRA;APP;ADA;RALGDS,CD4 Naive,Gefitinib_vs._Gefitinib hydrochloride,Hallmark
26,prerank,Fatty Acid Metabolism,0.2640940491020386,0.7852126265686845,0.7894736842105263,1.0,1.0,1/22,0.72%,CRYZ,CD4 Naive,Gefitinib_vs._Gefitinib hydrochloride,Hallmark
27,prerank,Interferon Alpha Response,0.22709666325728456,0.7594850406178846,0.8703241895261845,1.0,1.0,6/35,9.74%,IFITM3;PLSCR1;MX1;IFITM2;IFI35;TXNIP,CD4 Naive,Gefitinib_vs._Gefitinib hydrochloride,Hallmark
28,prerank,Mitotic Spindle,0.24440731897620943,0.7523628791436008,0.8409638554216867,1.0,1.0,3/26,8.55%,CENPF;NCK2;EPB41L2,CD4 Naive,Gefitinib_vs._Gefitinib hydrochloride,Hallmark
29,prerank,Myc Targets V1,0.2542062628348007,0.7496284328731748,0.8333333333333334,0.9898350144655563,1.0,4/24,14.38%,NOLC1;MYC;RRM1;TFDP1,CD4 Naive,Gefitinib_vs._Gefitinib hydrochloride,Hallmark
30,prerank,Apoptosis,0.20280259250283322,0.7364437297896139,0.9029411764705882,0.9402663747491334,1.0,5/57,9.74%,TNF;IFITM3;IER3;PAK1;TXNIP,CD4 Naive,Gefitinib_vs._Gefitinib hydrochloride,Hallmark
31,prerank,Interferon Gamma Response,-0.20200076255386504,-0.7203688771201091,0.9339622641509434,1.0,1.0,21/76,24.60%,IL15;ICAM1;PTPN6;NOD1;IRF4;CD40;IFNAR2;IRF8;NLRC5;IRF2;PSMB9;CD38;TNFSF10;LAP3;STAT2;IFIH1;NUP93;NCOA3;CD74;IRF7;OAS3,CD4 Naive,Gefitinib_vs._Gefitinib hydrochloride,Hallmark
32,prerank,UV Response Dn,-0.23523706740321199,-0.6845129558987849,0.9072164948453608,1.0,1.0,3/27,5.99%,BHLHE40;ZMIZ1;PIK3CD,CD4 Naive,Gefitinib_vs._Gefitinib hydrochloride,Hallmark
33,prerank,G2-M Checkpoint,-0.20919380609135807,-0.6773168213162304,0.9384615384615385,0.9770216787760648,1.0,14/48,21.96%,JPT1;CDK1;EZH2;SMC4;CASP8AP2;CDC25B;STMN1;ATF5;MAPK14;NDC80;CHEK1;LBR;MCM3;SMARCC1,CD4 Naive,Gefitinib_vs._Gefitinib hydrochloride,Hallmark
34,prerank,Xenobiotic Metabolism,0.2213814603258972,0.6749796078677578,0.9253012048192771,0.9400656814449918,1.0,9/27,26.36%,TMEM97;ID2;DHRS7;PSMB10;ARG2;CBR1;BPHL;CNDP2;FAS,CD4 Naive,Gefitinib_vs._Gefitinib hydrochloride,Hallmark
35,prerank,IL-6/JAK/STAT3 Signaling,-0.2145356335868211,-0.6631327762961369,0.9394957983193277,0.9393471754582866,1.0,1/35,0.32%,CD9,CD4 Naive,Gefitinib_vs._Gefitinib hydrochloride,Hallmark
0,prerank,TNF-alpha Signaling via NF-kB,-0.5351146481281405,-2.00393856535177,0.0,0.007579585649317837,0.006,41/71,22.36%,CSF1;NR4A1;TNF;FOS;ICAM1;EDN1;ATF3;EGR2;PLAUR;BHLHE40;CDKN1A;EGR3;CEBPB;NFKBIE;NAMPT;IER5;FOSL2;KLF9;GADD45A;REL;CCL4;CD83;SQSTM1;BCL2A1;IL23A;DUSP2;IFIH1;TANK;TNFRSF9;NFKBIA;NFKB1;DUSP1;TGIF1;RELA;ZFP36;CD69;TNFAIP3;TNIP1;RELB;BIRC3;TLR2,CD4 Naive,NVP-BSK805_vs._NVP-BSK805 2HCl,Hallmark
1,prerank,Inflammatory Response,-0.4950688219840327,-1.7518058735508908,0.004618937644341801,0.04295098534613441,0.063,18/52,10.06%,CSF1;SLAMF1;ICAM1;IL4R;EDN1;LTA;TNFRSF1B;IRAK2;PLAUR;RGS1;CDKN1A;PSEN1;NAMPT;NLRP3;RAF1;IL18R1;IL10RA;IRF7,CD4 Naive,NVP-BSK805_vs._NVP-BSK805 2HCl,Hallmark
2,prerank,PI3K/AKT/mTOR  Signaling,0.4475873948609098,1.443955613484167,0.05123674911660778,0.7814359381197937,0.614,16/39,25.00%,TRIB3;CDK1;CLTC;PIN1;TBK1;LCK;IRAK4;VAV3;CAB39;RALB;TNFRSF1A;MYD88;TIAM1;ATF1;NCK1;ECSIT,CD4 Naive,NVP-BSK805_vs._NVP-BSK805 2HCl,Hallmark
3,prerank,Myc Targets V1,0.49891558779442574,1.443319899127609,0.05759162303664921,0.3923046410154701,0.616,9/24,19.65%,C1QBP;MYC;HSPD1;MCM2;VDAC1;MCM4;PCNA;MCM5;TFDP1,CD4 Naive,NVP-BSK805_vs._NVP-BSK805 2HCl,Hallmark
4,prerank,Estrogen Response Late,-0.4609088201577712,-1.4327644638051837,0.05399568034557235,0.3356072090281287,0.532,9/29,12.78%,SLC1A4;FOS;CD9;EGR3;BCL2;FDFT1;PTPN6;DUSP2;UGDH,CD4 Naive,NVP-BSK805_vs._NVP-BSK805 2HCl,Hallmark
5,prerank,IL-6/JAK/STAT3 Signaling,-0.43414527607950293,-1.41554666750265,0.05803571428571429,0.28233956543708943,0.577,6/35,3.43%,CSF1;TNF;IL4R;CD9;TNFRSF1B;IL3RA,CD4 Naive,NVP-BSK805_vs._NVP-BSK805 2HCl,Hallmark
6,prerank,Glycolysis,0.4510217485684988,1.3934185992271813,0.0683453237410072,0.3760412534708449,0.737,9/34,13.82%,CDK1;GLRX;ABCB6;SPAG4;IER3;STMN1;MIF;ERO1A;COPB2,CD4 Naive,NVP-BSK805_vs._NVP-BSK805 2HCl,Hallmark
7,prerank,mTORC1 Signaling,-0.3899382150150965,-1.3798086440070005,0.054455445544554455,0.2870136432541688,0.654,13/53,12.38%,CCNF;SLC1A4;MLLT11;CD9;BHLHE40;CDKN1A;NAMPT;INSIG1;NFKBIB;LGMN;SQSTM1;G6PD;HMGCS1,CD4 Naive,NVP-BSK805_vs._NVP-BSK805 2HCl,Hallmark
8,prerank,Hypoxia,-0.3989350480138286,-1.3674166961087073,0.07159353348729793,0.2577059120768065,0.678,8/43,5.99%,FOS;ATF3;PLAUR;BHLHE40;CDKN1A;BCL2;JMJD6;FOSL2,CD4 Naive,NVP-BSK805_vs._NVP-BSK805 2HCl,Hallmark
9,prerank,UV Response Up,-0.41672587420789214,-1.3549754710053648,0.08904109589041095,0.23839601530354437,0.705,11/35,18.29%,NR4A1;FOS;ICAM1;ATF3;ALAS1;SQSTM1;ACAA1;NFKBIA;PARP2;POLG2;FEN1,CD4 Naive,NVP-BSK805_vs._NVP-BSK805 2HCl,Hallmark
10,prerank,Androgen Response,-0.47843739916674777,-1.3362480570640631,0.1309255079006772,0.23528297119757452,0.74,5/17,14.46%,ZMIZ1;MAF;INSIG1;HMGCS1;RRP12,CD4 Naive,NVP-BSK805_vs._NVP-BSK805 2HCl,Hallmark
11,prerank,Pperoxisome,0.48147322335214227,1.3275578137348485,0.11732851985559567,0.4049980166600555,0.85,8/19,26.68%,PEX11A;SCP2;ABCC5;ITGB1BP1;FIS1;BCL10;HSD17B11;ECH1,CD4 Naive,NVP-BSK805_vs._NVP-BSK805 2HCl,Hallmark
12,prerank,Myogenesis,-0.49731652012171845,-1.3257231376912006,0.11666666666666667,0.2223345123799899,0.758,7/15,16.69%,BHLHE40;CDKN1A;ITGB1;COL1A1;AGL;TGFB1;FOXO4,CD4 Naive,NVP-BSK805_vs._NVP-BSK805 2HCl,Hallmark
13,prerank,Complement,0.36954757527353377,1.2815460879682237,0.11284722222222222,0.42380007933359776,0.913,11/56,8.71%,S100A13;CR1;PLSCR1;GZMB;CSRP1;LIPA;F5;IRF2;LCK;LRP1;PSMB9,CD4 Naive,NVP-BSK805_vs._NVP-BSK805 2HCl,Hallmark
14,prerank,IL-2/STAT5 Signaling,-0.35566268193342565,-1.2717928521428796,0.1053864168618267,0.26591712986356747,0.85,12/57,10.54%,CSF1;CCR4;TNFRSF4;IL4R;TNFRSF1B;BHLHE40;IL3RA;BCL2;CD83;IL18R1;IL10RA;IRF4,CD4 Naive,NVP-BSK805_vs._NVP-BSK805 2HCl,Hallmark
15,prerank,UV Response Dn,-0.4044101604785115,-1.2285699310382918,0.18287037037037038,0.3034131103863291,0.907,6/27,7.51%,RXRA;ZMIZ1;BHLHE40;TENT4A;COL1A1;INSIG1,CD4 Naive,NVP-BSK805_vs._NVP-BSK805 2HCl,Hallmark
16,prerank,p53 Pathway,-0.3316013498600041,-1.1882147315380351,0.17752808988764046,0.3424498905170962,0.945,8/51,6.23%,ZBTB16;RXRA;FOS;ATF3;CDKN1A;IER5;ELP1;GADD45A,CD4 Naive,NVP-BSK805_vs._NVP-BSK805 2HCl,Hallmark
17,prerank,KRAS Signaling Up,0.3608926740262105,1.15671704926477,0.25,0.6588655295517651,0.99,10/36,13.98%,F2RL1;GLRX;LY96;ITGA2;TRIB2;PRDM1;PECAM1;ERO1A;FCER1G;CLEC4A,CD4 Naive,NVP-BSK805_vs._NVP-BSK805 2HCl,Hallmark
18,prerank,DNA Repair,0.3641844441776947,1.108003613893653,0.3174311926605505,0.6891822972743242,0.996,8/30,19.81%,DDB2;RPA3;RFC5;POLD4;POLA1;PCNA;MPC2;RPA2,CD4 Naive,NVP-BSK805_vs._NVP-BSK805 2HCl,Hallmark
19,prerank,Interferon Gamma Response,0.30276865833198324,1.1069803779980374,0.2614035087719298,0.6054145180483935,0.996,14/76,9.19%,PLSCR1;STAT1;IL15RA;UBE2L6;IL15;HIF1A;CD274;TNFSF10;RIPK2;IL2RB;IRF2;IFIT2;PSMB9;SOCS1,CD4 Naive,NVP-BSK805_vs._NVP-BSK805 2HCl,Hallmark
20,prerank,Estrogen Response Early,-0.3514605056083552,-1.1031118252594188,0.3002070393374741,0.4629377696583356,0.985,6/28,6.63%,SLC1A4;FOS;BHLHE40;EGR3;BCL2;FDFT1,CD4 Naive,NVP-BSK805_vs._NVP-BSK805 2HCl,Hallmark
21,prerank,heme Metabolism,0.38359764373653976,1.086462960839323,0.33273703041144903,0.5885671470756755,0.997,6/21,22.04%,PPOX;HEBP1;ABCB6;LRP10;FBXO7;LAMP2,CD4 Naive,NVP-BSK805_vs._NVP-BSK805 2HCl,Hallmark
22,prerank,Adipogenesis,0.3681174445309709,1.053750269970496,0.39929947460595444,0.5998413328044426,0.999,7/23,18.53%,HADH;SCP2;BCL6;IFNGR1;ACLY;SDHB;REEP5,CD4 Naive,NVP-BSK805_vs._NVP-BSK805 2HCl,Hallmark
23,prerank,Apoptosis,-0.27882119770626346,-1.0147554118121525,0.44243792325056436,0.6095250126326428,0.997,15/57,19.57%,TNF;ATF3;CDKN1A;PRF1;EGR3;PSEN1;GADD45A;TIMP2;SQSTM1;PAK1;CREBBP;PTK2;RELA;BCL2L1;CD69,CD4 Naive,NVP-BSK805_vs._NVP-BSK805 2HCl,Hallmark
24,prerank,Allograft Rejection,-0.26651093225319755,-1.0097678889183515,0.4170731707317073,0.5805962607377463,0.997,11/77,10.54%,CSF1;TNF;CXCR3;ICAM1;IL4R;PRF1;NLRP3;CCL4;IRF7;PTPN6;IRF4,CD4 Naive,NVP-BSK805_vs._NVP-BSK805 2HCl,Hallmark
25,prerank,Cholesterol Homeostasis,0.35895085781759506,1.008425020967586,0.4565619223659889,0.6407991056939887,0.999,3/21,3.19%,TRIB3;PLSCR1;ATF5,CD4 Naive,NVP-BSK805_vs._NVP-BSK805 2HCl,Hallmark
26,prerank,Epithelial Mesenchymal Transition,-0.3235277962350215,-1.0011707517181978,0.4444444444444444,0.5620736483072258,0.997,11/25,19.97%,PLAUR;GADD45A;ITGB1;COL1A1;PLOD3;SGCB;LGALS1;TPM1;TGFB1;CD59;TNFAIP3,CD4 Naive,NVP-BSK805_vs._NVP-BSK805 2HCl,Hallmark
27,prerank,E2F Targets,0.27566997259395143,0.989415228822046,0.46362098138747887,0.6269337564458548,0.999,21/66,24.28%,CDK1;TIPIN;RPA3;MYC;MCM2;CCP110;CDC25B;STMN1;MCM4;PCNA;MCM5;TIMELESS;TMPO;CKS1B;PAICS;RPA2;RAD51C;TACC3;UNG;NUP107;CHEK1,CD4 Naive,NVP-BSK805_vs._NVP-BSK805 2HCl,Hallmark
28,prerank,Oxidative Phosphorylation,-0.33172683468209363,-0.9798554667538871,0.4954954954954955,0.566536872454894,0.999,6/24,15.50%,ATP1B1;ALAS1;NNT;PDHX;ACAA1;SUPV3L1,CD4 Naive,NVP-BSK805_vs._NVP-BSK805 2HCl,Hallmark
29,prerank,Interferon Alpha Response,0.3048467346679139,0.970826068734168,0.5119705340699816,0.6173374424068593,1.0,7/35,8.71%,PLSCR1;UBE2L6;IL15;RIPK2;IRF2;IFIT2;PSMB9,CD4 Naive,NVP-BSK805_vs._NVP-BSK805 2HCl,Hallmark
30,prerank,G2-M Checkpoint,-0.2791145892349905,-0.9651191692131255,0.5059952038369304,0.5642580427825502,0.999,9/48,10.38%,CCNF;NDC80;CENPE;JPT1;EZH2;TENT4A;CKS2;MTF2;PAFAH1B1,CD4 Naive,NVP-BSK805_vs._NVP-BSK805 2HCl,Hallmark
31,prerank,Fatty Acid Metabolism,0.31405792922812065,0.8835890048213035,0.6335877862595419,0.7414858049526831,1.0,9/22,27.80%,UBE2L6;HADH;PCBD1;MIF;HSD17B10;HSD17B11;ECH1;PSME1;CRYZ,CD4 Naive,NVP-BSK805_vs._NVP-BSK805 2HCl,Hallmark
32,prerank,Apical Junction,0.26177907923882665,0.8478044562117089,0.6986301369863014,0.7565780774824805,1.0,9/36,14.06%,HADH;CD274;ITGA2;MAPK13;AKT3;PECAM1;RAC2;RSU1;GNAI1,CD4 Naive,NVP-BSK805_vs._NVP-BSK805 2HCl,Hallmark
33,prerank,Unfolded Protein Response,-0.25861512177848506,-0.785983003010342,0.8040540540540541,0.8628094997473472,1.0,3/27,4.95%,SLC1A4;ATF3;CEBPB,CD4 Naive,NVP-BSK805_vs._NVP-BSK805 2HCl,Hallmark
34,prerank,Mitotic Spindle,0.2332715902120809,0.6967367767887637,0.916058394160584,0.9175922253074177,1.0,10/26,26.60%,CDK1;ECT2;NCK2;TIAM1;HDAC6;NCK1;PXN;ABL1;ARHGEF2;SMC3,CD4 Naive,NVP-BSK805_vs._NVP-BSK805 2HCl,Hallmark
35,prerank,Xenobiotic Metabolism,-0.22659117124972825,-0.691013051426738,0.9314775160599572,0.9284360788276907,1.0,5/27,12.78%,NPC1;BPHL;ABCC2;ALAS1;UGDH,CD4 Naive,NVP-BSK805_vs._NVP-BSK805 2HCl,Hallmark
0,prerank,Pperoxisome,-0.58006428053781,-1.5349959105466129,0.020214030915576695,0.43235090806259036,0.35,10/19,26.76%,PEX11A;IDE;ABCC5;ECH1;CAT;ACAA1;HRAS;SMARCC1;CDK7;SLC25A4,CD4 Naive,Ruxolitinib_vs._Ruxolitinib phosphate,Hallmark
1,prerank,IL-6/JAK/STAT3 Signaling,-0.45729077058282647,-1.3732495405930274,0.06340378197997776,1.0,0.863,17/35,24.92%,CSF1;STAT2;IL15RA;CD38;ACVR1B;STAT1;STAT3;IL3RA;IL12RB1;FAS;IRF1;TYK2;IL18R1;SOCS1;TNF;TNFRSF1B;IL4R,CD4 Naive,Ruxolitinib_vs._Ruxolitinib phosphate,Hallmark
2,prerank,Glycolysis,-0.4538452476950724,-1.3282529777890848,0.0843644544431946,0.9625672929889607,0.939,11/34,23.56%,CDK1;GALE;SPAG4;DDIT4;GNPDA1;ISG20;PGAM1;G6PD;STMN1;ECD;SLC35A3,CD4 Naive,Ruxolitinib_vs._Ruxolitinib phosphate,Hallmark
3,prerank,UV Response Dn,-0.43920656914109346,-1.2377340007243167,0.19674039580908032,1.0,0.991,7/27,15.97%,MAP2K5;COL1A1;DMAC2L;DUSP1;MTA1;IGF1R;RUNX1,CD4 Naive,Ruxolitinib_vs._Ruxolitinib phosphate,Hallmark
4,prerank,Allograft Rejection,0.2590761567462942,1.2344093000931073,0.061224489795918366,0.5711547676090082,0.426,12/77,7.83%,GZMB;CCL4;CXCR3;ICAM1;KLRD1;CD79A;IL15;IRF4;JAK2;CCL5;RIPK2;TLR2,CD4 Naive,Ruxolitinib_vs._Ruxolitinib phosphate,Hallmark
5,prerank,Adipogenesis,-0.4440525955862528,-1.2155151083281175,0.20046620046620048,1.0,0.993,5/23,9.82%,SQOR;HADH;DNAJC15;ECH1;CAT,CD4 Naive,Ruxolitinib_vs._Ruxolitinib phosphate,Hallmark
6,prerank,Epithelial Mesenchymal Transition,0.32504638545226533,1.2042255941896232,0.1780821917808219,0.33876377575467176,0.489,5/25,3.99%,PVR;ITGB1;IL15;TPM1;CD59,CD4 Naive,Ruxolitinib_vs._Ruxolitinib phosphate,Hallmark
7,prerank,PI3K/AKT/mTOR  Signaling,-0.3971092667991261,-1.1974537284430558,0.20645905420991925,1.0,0.997,10/39,20.61%,CDK1;STAT2;MKNK1;PIN1;CDK2;AKT1;NFKBIB;IRAK4;HRAS;MAP3K7,CD4 Naive,Ruxolitinib_vs._Ruxolitinib phosphate,Hallmark
8,prerank,Estrogen Response Late,-0.3960570179985164,-1.145943634451702,0.29838709677419356,1.0,0.999,8/29,13.50%,WFS1;GALE;MEST;BATF;ISG20;NRIP1;FDFT1;DUSP2,CD4 Naive,Ruxolitinib_vs._Ruxolitinib phosphate,Hallmark
9,prerank,Apical Junction,-0.3787799358385313,-1.1353373632136134,0.3023001095290252,1.0,1.0,13/36,25.16%,SRC;ITGA2;GNAI1;PTK2;HADH;RAC2;EPB41L2;HRAS;AKT2;CTNND1;PECAM1;ITGA3;SHC1,CD4 Naive,Ruxolitinib_vs._Ruxolitinib phosphate,Hallmark
10,prerank,Xenobiotic Metabolism,-0.3847772836591508,-1.0986824782420468,0.3386363636363636,1.0,1.0,15/27,38.82%,IRF8;PYCR1;BPHL;ECH1;CAT;PSMB10;FAS;UGDH;NPC1;CBR1;CNDP2;PPARD;SLC35B1;HPRT1;CYFIP2,CD4 Naive,Ruxolitinib_vs._Ruxolitinib phosphate,Hallmark
11,prerank,Fatty Acid Metabolism,-0.3914657938991778,-1.0720384223957216,0.3795534665099882,1.0,1.0,10/22,36.42%,BPHL;CRYZ;HADH;ECH1;ACAA1;UGDH;CBR1;DECR1;UBE2L6;NSDHL,CD4 Naive,Ruxolitinib_vs._Ruxolitinib phosphate,Hallmark
12,prerank,mTORC1 Signaling,0.2353477130120153,1.058572427032474,0.36619718309859156,0.4750039929723686,0.759,8/53,6.79%,CD9;SLC1A4;UNG;TMEM97;CDKN1A;PLK1;NMT1;HSPA4,CD4 Naive,Ruxolitinib_vs._Ruxolitinib phosphate,Hallmark
13,prerank,Interferon Alpha Response,-0.351100310974643,-1.045793134190235,0.42224744608399545,1.0,1.0,10/35,19.65%,CSF1;IFITM3;HERC6;IFIT2;STAT2;ISG15;ISG20;CASP8;IRF1;IFITM2,CD4 Naive,Ruxolitinib_vs._Ruxolitinib phosphate,Hallmark
14,prerank,Interferon Gamma Response,-0.31486096671174196,-1.0407140800568233,0.43487394957983194,1.0,1.0,24/76,25.64%,IRF8;IFITM3;HERC6;IFIT2;STAT2;IL15RA;CD38;ISG15;STAT1;ISG20;ARID5B;CASP8;STAT3;PSMB10;CASP7;FAS;IRF1;IFITM2;SOCS1;NAMPT;HIF1A;SELP;IL4R;PSMB9,CD4 Naive,Ruxolitinib_vs._Ruxolitinib phosphate,Hallmark
15,prerank,KRAS Signaling Up,-0.33644898882732815,-1.004334513092766,0.47845804988662133,1.0,1.0,12/36,34.58%,ITGA2;IRF8;CLEC4A;LY96;AKT2;TNFRSF1B;PECAM1;FCER1G;ERO1A;ST6GAL1;CTSS;F2RL1,CD4 Naive,Ruxolitinib_vs._Ruxolitinib phosphate,Hallmark
16,prerank,G2-M Checkpoint,-0.3196680616529318,-0.9984160977400163,0.4746494066882416,1.0,1.0,16/48,31.95%,CDK1;NDC80;ATF5;TACC3;MCM6;MCM3;CHEK1;STMN1;MNAT1;MCM2;HIF1A;SMARCC1;CDC7;CASP8AP2;CKS2;TMPO,CD4 Naive,Ruxolitinib_vs._Ruxolitinib phosphate,Hallmark
17,prerank,DNA Repair,-0.33771396461466074,-0.9912194197214093,0.5057870370370371,1.0,1.0,14/30,44.65%,RAD51;MPC2;PRIM1;POLD3;RAE1;NUDT9;ADA;POLB;CANT1;HPRT1;RFC2;RFC5;POLA1;VPS28,CD4 Naive,Ruxolitinib_vs._Ruxolitinib phosphate,Hallmark
18,prerank,Apoptosis,-0.3100902441702732,-0.983580972006191,0.5149572649572649,1.0,1.0,16/57,25.08%,IFITM3;PTK2;CD38;CDK2;BID;BAX;ISG20;CASP8;CASP7;FAS;IRF1;TNF;TIMP2;RELA;PRF1;IGF2R,CD4 Naive,Ruxolitinib_vs._Ruxolitinib phosphate,Hallmark
19,prerank,Hypoxia,-0.3051998188216317,-0.9464906159194986,0.5725534308211474,1.0,1.0,13/43,31.55%,DDIT4;FOSL2;DUSP1;XPNPEP1;ISG20;TGFB3;ZFP36;JMJD6;HK1;ALDOC;GAA;PGM1;ERO1A,CD4 Naive,Ruxolitinib_vs._Ruxolitinib phosphate,Hallmark
20,prerank,Mitotic Spindle,-0.31344240396923523,-0.8842423158956235,0.660486674391657,1.0,1.0,6/26,19.09%,CDK1;NDC80;NCK2;EPB41L2;ARFIP2;PCM1,CD4 Naive,Ruxolitinib_vs._Ruxolitinib phosphate,Hallmark
21,prerank,Complement,-0.274238171325063,-0.8686491767457654,0.7098831030818279,1.0,1.0,18/56,27.96%,SRC;CR1;PIK3CG;CTSD;CTSL;XPNPEP1;S100A13;F5;DOCK9;CASP7;PIK3CA;IRF1;DPP4;TIMP2;PSMB9;LRP1;FCER1G;PRCP,CD4 Naive,Ruxolitinib_vs._Ruxolitinib phosphate,Hallmark
22,prerank,Oxidative Phosphorylation,-0.3125735109887755,-0.8664554936781831,0.6506447831184057,1.0,1.0,14/24,52.80%,ECH1;BAX;ACAA1;CASP7;OXA1L;SLC25A4;DECR1;GPI;TIMM9;SUPV3L1;ATP6V1D;ATP6V0B;PDHX;VDAC1,CD4 Naive,Ruxolitinib_vs._Ruxolitinib phosphate,Hallmark
23,prerank,p53 Pathway,-0.27104690732822895,-0.8535807981258556,0.7312295973884657,1.0,1.0,11/51,21.01%,DDIT4;CTSD;ABCC5;ACVR1B;BAX;IRAK1;HRAS;FAS;RB1;RRP8;SOCS1,CD4 Naive,Ruxolitinib_vs._Ruxolitinib phosphate,Hallmark
24,prerank,Unfolded Protein Response,-0.28819571195568383,-0.8125429422002605,0.7608440797186401,1.0,1.0,3/27,8.71%,WFS1;DDIT4;ATF6,CD4 Naive,Ruxolitinib_vs._Ruxolitinib phosphate,Hallmark
25,prerank,Inflammatory Response,-0.2537465832025484,-0.8055308653290535,0.790547798066595,1.0,1.0,14/52,24.92%,IRAK2;CSF1;EDN1;IL15RA;ACVR1B;TNFRSF9;IRF1;IL18R1;NAMPT;TNFRSF1B;HIF1A;RELA;SLC11A2;IL4R,CD4 Naive,Ruxolitinib_vs._Ruxolitinib phosphate,Hallmark
26,prerank,heme Metabolism,-0.29741278560970685,-0.7970175725636395,0.7865707434052758,1.0,1.0,12/21,49.68%,XPO7;PPOX;CAT;LRP10;SLC11A2;SLC25A37;KLF3;TRAK2;TFRC;NR3C1;BLVRA;ABCB6,CD4 Naive,Ruxolitinib_vs._Ruxolitinib phosphate,Hallmark
27,prerank,IL-2/STAT5 Signaling,-0.2478361557723278,-0.7878753173375908,0.8318872017353579,1.0,1.0,16/57,25.08%,CSF1;IRF8;IFITM3;BATF;IGF1R;RNH1;TNFRSF9;IL3RA;IL18R1;ALCAM;SOCS1;TNFRSF1B;PRAF2;SELP;IL4R;IGF2R,CD4 Naive,Ruxolitinib_vs._Ruxolitinib phosphate,Hallmark
28,prerank,Myogenesis,0.23807932941970114,0.7769081237628358,0.8040201005025126,0.8416387158600862,0.95,3/15,6.95%,ITGB1;CDKN1A;GADD45B,CD4 Naive,Ruxolitinib_vs._Ruxolitinib phosphate,Hallmark
29,prerank,E2F Targets,-0.2355070521514682,-0.7681348649408841,0.8538135593220338,1.0,1.0,24/66,39.06%,CDK1;PAICS;PAN2;POLD3;TACC3;ATAD2;MCM6;MCM3;CHEK1;STMN1;MCM2;DNMT1;CBX5;PSIP1;NCAPD2;CKS2;TMPO;ZW10;RAD51C;HELLS;NUP107;NASP;SMC3;CHEK2,CD4 Naive,Ruxolitinib_vs._Ruxolitinib phosphate,Hallmark
30,prerank,Cholesterol Homeostasis,-0.2821034866241616,-0.7569249370457966,0.7990373044524669,0.9909065730092563,1.0,7/21,19.73%,GNAI1;HMGCR;ECH1;ATF5;FDFT1;CXCL16;ALCAM,CD4 Naive,Ruxolitinib_vs._Ruxolitinib phosphate,Hallmark
31,prerank,Estrogen Response Early,-0.25713000821611914,-0.7404700161183412,0.8347010550996483,0.9773141456670646,1.0,5/28,12.54%,WFS1;PEX11A;NRIP1;IGF1R;FDFT1,CD4 Naive,Ruxolitinib_vs._Ruxolitinib phosphate,Hallmark
32,prerank,TNF-alpha Signaling via NF-kB,-0.21833020219140623,-0.72053687633107,0.9147368421052632,0.9657686081863235,1.0,17/71,24.36%,CSF1;EDN1;IFIT2;IL15RA;FOSL2;DUSP1;NR4A1;NFKBIE;DUSP2;TNFRSF9;IRF1;TNF;ZFP36;NAMPT;BIRC2;RELA;BCL2A1,CD4 Naive,Ruxolitinib_vs._Ruxolitinib phosphate,Hallmark
33,prerank,Myc Targets V1,-0.238895667030813,-0.6522178568921959,0.9017543859649123,0.9952114623263999,1.0,6/24,27.80%,CDK2;EPRS1;MCM6;MCM2;SMARCC1;RRM1,CD4 Naive,Ruxolitinib_vs._Ruxolitinib phosphate,Hallmark
34,prerank,UV Response Up,-0.20888373371478594,-0.6268398764753449,0.9468926553672317,0.9806873260450474,1.0,7/35,18.05%,CDK2;NR4A1;BID;PARP2;ACAA1;POLG2;IRF1,CD4 Naive,Ruxolitinib_vs._Ruxolitinib phosphate,Hallmark
35,prerank,Androgen Response,-0.22659965833066772,-0.5774540446866634,0.9600499375780275,0.9736379061144976,1.0,3/17,13.26%,HMGCR;AKT1;ARID5B,CD4 Naive,Ruxolitinib_vs._Ruxolitinib phosphate,Hallmark
0,prerank,Interferon Gamma Response,0.39308676755104827,1.4307938947021612,0.019769357495881382,1.0,0.624,25/76,15.97%,IL2RB;STAT1;MTHFD2;IRF1;STAT3;ICAM1;SOCS1;IFITM2;CD274;SELP;ARID5B;PLSCR1;MYD88;HIF1A;MVP;FAS;IFIH1;IL15;PTPN1;NUP93;IL15RA;OAS3;PIM1;NAMPT;UBE2L6,CD4 Naive,Tofacitinib citrate_vs._Tofacitinib,Hallmark
1,prerank,Unfolded Protein Response,0.4967758212764219,1.426701856311745,0.06701940035273368,0.6332135154565062,0.638,9/27,12.94%,DDIT4;MTHFD2;EIF4EBP1;NOLC1;WFS1;EIF4G1;PDIA6;PDIA5;EXOSC4,CD4 Naive,Tofacitinib citrate_vs._Tofacitinib,Hallmark
2,prerank,IL-6/JAK/STAT3 Signaling,0.4452858377322049,1.3832588293187504,0.0859106529209622,0.5670740474478793,0.758,13/35,13.34%,STAT1;IRF1;STAT3;SOCS1;MYD88;IL18R1;FAS;TLR2;IL2RA;ITGA4;PTPN1;TNFRSF1A;IL15RA,CD4 Naive,Tofacitinib citrate_vs._Tofacitinib,Hallmark
3,prerank,TNF-alpha Signaling via NF-kB,-0.35099978796442954,-1.3412424631211624,0.03723404255319149,1.0,0.728,16/71,9.03%,IFIT2;EGR2;FOS;CCL4;CCL5;TNFRSF9;TNF;PLAUR;IL23A;EGR3;CEBPB;FOSB;ID2;EGR1;BHLHE40;REL,CD4 Naive,Tofacitinib citrate_vs._Tofacitinib,Hallmark
4,prerank,PI3K/AKT/mTOR  Signaling,0.41232236119699833,1.3148039118017656,0.10553633217993079,0.6507548526240116,0.869,14/39,32.67%,CDK1;RALB;MYD88;ECSIT;TNFRSF1A;CLTC;LCK;MKNK1;TRAF2;DUSP3;CDK2;TRIB3;STAT2;NOD1,CD4 Naive,Tofacitinib citrate_vs._Tofacitinib,Hallmark
5,prerank,G2-M Checkpoint,0.3946664413767376,1.313536244710525,0.09634551495016612,0.5261250898634076,0.871,11/48,14.38%,MYC;PLK1;CDK1;NOLC1;JPT1;HIF1A;CENPE;ATF5;SMC1A;NDC80;TACC3,CD4 Naive,Tofacitinib citrate_vs._Tofacitinib,Hallmark
6,prerank,E2F Targets,0.37378003207268756,1.3116132513819856,0.08507223113964688,0.44361370716510906,0.876,23/66,22.68%,MYC;PLK1;MTHFD2;CDK1;NOLC1;JPT1;CENPE;TP53;TFRC;NUP107;PAICS;RFC2;SMC1A;TACC3;HMGB2;EZH2;POLD3;SLBP;SMC3;LIG1;MCM2;SUV39H1;UNG,CD4 Naive,Tofacitinib citrate_vs._Tofacitinib,Hallmark
7,prerank,Adipogenesis,0.4392578022541892,1.2611987832458675,0.16555183946488294,0.5072609633357297,0.939,10/23,31.39%,BCL6;HADH;REEP5;VEGFB;IFNGR1;TANK;SCP2;ETFB;PGM1;SDHB,CD4 Naive,Tofacitinib citrate_vs._Tofacitinib,Hallmark
8,prerank,Complement,-0.34330243849014264,-1.244163025832126,0.12296983758700696,0.9090188305252725,0.884,20/56,19.17%,CCL5;GZMB;CTSH;CD40LG;PLAUR;LRP1;PIK3CG;APOBEC3G;CEBPB;ANXA5;LGMN;CTSS;PIK3CA;TIMP2;TNFAIP3;CDK5R1;CASP7;PSMB9;FYN;USP14,CD4 Naive,Tofacitinib citrate_vs._Tofacitinib,Hallmark
9,prerank,mTORC1 Signaling,0.36628164455181006,1.2378332837420938,0.14162348877374784,0.502372393961179,0.956,24/53,34.03%,DDIT4;PLK1;MTHFD2;NFIL3;TFRC;GLRX;MLLT11;NAMPT;TXNRD1;ITGB2;CFP;HMGCR;MCM2;UNG;YKT6;PSMG1;PGM1;SLC37A4;TRIB3;HSPA4;INSIG1;ERO1A;PNP;TMEM97,CD4 Naive,Tofacitinib citrate_vs._Tofacitinib,Hallmark
10,prerank,Myc Targets V1,0.4234201481786551,1.2165902986663546,0.19601328903654486,0.49908139627765796,0.971,11/24,33.71%,MYC;NOLC1;C1QBP;PWP1;MCM2;TOMM70;USP1;CDK2;HDAC2;SMARCC1;MCM6,CD4 Naive,Tofacitinib citrate_vs._Tofacitinib,Hallmark
11,prerank,Apical Junction,0.379355906401875,1.1828001076196208,0.2233502538071066,0.5298058950395399,0.987,12/36,26.04%,ICAM1;CD274;HADH;MAPK11;ITGA2;RAC2;GNAI1;RASA1;SHC1;RSU1;CD99;MAP4K2,CD4 Naive,Tofacitinib citrate_vs._Tofacitinib,Hallmark
12,prerank,UV Response Up,0.38395401654016936,1.177021774869664,0.23201438848920863,0.49387621724070324,0.989,14/35,27.48%,IRF1;PARP2;ICAM1;RAB27A;JUNB;TFRC;FKBP4;EIF5;BID;PRKCD;YKT6;ATF3;CLTB;PRKACA,CD4 Naive,Tofacitinib citrate_vs._Tofacitinib,Hallmark
13,prerank,Allograft Rejection,-0.30500130163080147,-1.157555693262183,0.17721518987341772,0.9369012223323423,0.973,22/77,16.13%,CD8A;CCL4;CCL5;GZMB;KLRD1;CD40LG;CD40;TNF;IRF8;CD3G;IL16;PRF1;IFNAR2;CD79A;CD96;CCND3;STAT4;CTSS;ITGAL;TLR1;TRAT1;TGFB1,CD4 Naive,Tofacitinib citrate_vs._Tofacitinib,Hallmark
14,prerank,Androgen Response,0.4338126791286605,1.1455126682614925,0.2838095238095238,0.5233644859813084,0.997,3/17,7.51%,ARID5B;PTK2B;RRP12,CD4 Naive,Tofacitinib citrate_vs._Tofacitinib,Hallmark
15,prerank,Inflammatory Response,0.34019584133628816,1.145344501828542,0.2569558101472995,0.4832826411546757,0.997,15/52,15.89%,IL2RB;MYC;IRF1;ICAM1;PVR;HIF1A;IL18R1;TLR2;ADGRE1;LTA;IL15;IL15RA;ATP2C1;SLC11A2;NAMPT,CD4 Naive,Tofacitinib citrate_vs._Tofacitinib,Hallmark
16,prerank,Mitotic Spindle,0.388230069444609,1.1344374596396247,0.3041958041958042,0.4722604498305432,0.998,9/26,21.57%,PLK1;CDK1;CENPE;NCK2;SMC1A;NDC80;RASA1;SMC3;HDAC6,CD4 Naive,Tofacitinib citrate_vs._Tofacitinib,Hallmark
17,prerank,Apoptosis,-0.30722712712747924,-1.1233483477618451,0.22505800464037123,0.8188305252725471,0.983,11/57,11.90%,TNF;ISG20;EGR3;SMAD7;CD38;TXNIP;PRF1;PAK1;PTK2;PMAIP1;JUN,CD4 Naive,Tofacitinib citrate_vs._Tofacitinib,Hallmark
18,prerank,Estrogen Response Late,-0.35684296653960557,-1.1152478342098964,0.30454545454545456,0.6767888999008919,0.986,7/29,8.79%,FOS;BCL2;ISG20;SLC1A4;EGR3;ID2;MEST,CD4 Naive,Tofacitinib citrate_vs._Tofacitinib,Hallmark
19,prerank,IL-2/STAT5 Signaling,0.3133735511355335,1.072382593468097,0.3481989708404803,0.5662305295950156,1.0,8/57,5.83%,BATF;IL2RB;MYC;SOCS1;SELP;NFIL3;PLSCR1;IL18R1,CD4 Naive,Tofacitinib citrate_vs._Tofacitinib,Hallmark
20,prerank,Interferon Alpha Response,-0.3272979077241449,-1.0686740173091787,0.3677581863979849,0.6878097125867195,0.993,5/35,6.79%,OAS1;IFIT2;ISG20;LAMP3;TXNIP,CD4 Naive,Tofacitinib citrate_vs._Tofacitinib,Hallmark
21,prerank,Estrogen Response Early,-0.3384777716906519,-1.0633613627641048,0.3533487297921478,0.6024635424040775,0.996,7/28,10.70%,FOS;BCL2;SLC1A4;EGR3;BHLHE40;MINDY1;PMAIP1,CD4 Naive,Tofacitinib citrate_vs._Tofacitinib,Hallmark
22,prerank,p53 Pathway,0.31071310345357617,1.0513533542174764,0.3915343915343915,0.5746225736879943,1.0,10/51,11.10%,NOTCH1;DDIT4;SOCS1;DDB2;CTSD;MAPKAPK3;TP53;FAS;IRAK1;BLCAP,CD4 Naive,Tofacitinib citrate_vs._Tofacitinib,Hallmark
23,prerank,Glycolysis,0.3361046498950324,1.0250397814252814,0.4260869565217391,0.5946800862688714,1.0,9/34,17.89%,DDIT4;CDK1;GLRX;FKBP4;PMM2;MIF;GALE;EXT1;ABCB6,CD4 Naive,Tofacitinib citrate_vs._Tofacitinib,Hallmark
24,prerank,Myogenesis,0.39625751414911303,1.0094787494985917,0.443859649122807,0.5929547088425593,1.0,4/15,16.53%,NOTCH1;GAA;RB1;APP,CD4 Naive,Tofacitinib citrate_vs._Tofacitinib,Hallmark
25,prerank,DNA Repair,0.33212912965835795,0.9934621458232316,0.4627659574468085,0.5914714896515192,1.0,19/30,38.98%,DDB2;TP53;RBX1;RFC2;RALA;POLD3;RNMT;LIG1;POLB;VPS28;NUDT9;RAD51;PNP;RPA3;POLR2I;POLR1C;CANT1;RAE1;ADA,CD4 Naive,Tofacitinib citrate_vs._Tofacitinib,Hallmark
26,prerank,Fatty Acid Metabolism,0.34668516973341923,0.9618842694265802,0.5008695652173913,0.6217109992810927,1.0,5/22,15.97%,HADH;PCBD1;CRYZ;MIF;UBE2L6,CD4 Naive,Tofacitinib citrate_vs._Tofacitinib,Hallmark
27,prerank,Epithelial Mesenchymal Transition,-0.2920111204286818,-0.8699093224430626,0.6733780760626398,1.0,1.0,8/25,17.17%,PLAUR;LRP1;ITGA5;ID2;MEST;JUN;TGFB1;TNFAIP3,CD4 Naive,Tofacitinib citrate_vs._Tofacitinib,Hallmark
28,prerank,UV Response Dn,-0.2625532166042527,-0.8174037365129527,0.7373271889400922,1.0,1.0,10/27,22.52%,SMAD7;MAP2K5;BHLHE40;RXRA;NR3C1;TGFBR2;FYN;CDKN1B;SMAD3;NFKB1,CD4 Naive,Tofacitinib citrate_vs._Tofacitinib,Hallmark
29,prerank,Xenobiotic Metabolism,-0.25902549258390206,-0.8013042026222746,0.8,0.958414271555996,1.0,6/27,13.34%,IRF8;ID2;ARG2;ABCC2;NPC1;ABHD6,CD4 Naive,Tofacitinib citrate_vs._Tofacitinib,Hallmark
30,prerank,heme Metabolism,-0.2686826598079416,-0.7864500505945768,0.7441860465116279,0.8957203351653302,1.0,6/21,21.96%,KLF3;CCND3;NR3C1;PPOX;TRAK2;HEBP1,CD4 Naive,Tofacitinib citrate_vs._Tofacitinib,Hallmark
31,prerank,Cholesterol Homeostasis,0.2762494020342103,0.7623843437340303,0.7986230636833046,0.9588716579370785,1.0,8/21,25.16%,NFIL3;PLSCR1;ATF5;GNAI1;HMGCR;FDFT1;ATF3;CXCL16,CD4 Naive,Tofacitinib citrate_vs._Tofacitinib,Hallmark
32,prerank,KRAS Signaling Up,0.2378978013031626,0.7382098713940146,0.8795180722891566,0.9484870269917,1.0,5/36,11.18%,LY96;PRDM1;KIF5C;ITGA2;GLRX,CD4 Naive,Tofacitinib citrate_vs._Tofacitinib,Hallmark
33,prerank,Hypoxia,0.22821162035619472,0.7367139939116233,0.8939130434782608,0.9089488325571218,1.0,10/43,17.65%,DDIT4;NFIL3;HK1;ZFP36;GAA;GLRX;XPNPEP1;MIF;PIM1;EXT1,CD4 Naive,Tofacitinib citrate_vs._Tofacitinib,Hallmark
34,prerank,Pperoxisome,0.2078270553837469,0.563669549590043,0.964765100671141,0.9850946561226935,1.0,8/19,35.22%,MVP;PEX11A;CDK7;SCP2;ITGB1BP1;HSD17B11;SMARCC1;ACAA1,CD4 Naive,Tofacitinib citrate_vs._Tofacitinib,Hallmark
35,prerank,Oxidative Phosphorylation,-0.17890921417791017,-0.5404240615345978,0.9860788863109049,0.9906838453914767,1.0,5/24,17.97%,DECR1;ATP1B1;DLD;OXA1L;CASP7,CD4 Naive,Tofacitinib citrate_vs._Tofacitinib,Hallmark
0,prerank,Apical Junction,0.44405167324857486,1.6046151667717141,0.009259259259259259,0.1647683290943271,0.134,10/41,10.05%,MAPK11;LAMA3;PIK3R3;MPZL1;CD274;MMP9;HADH;ITGA2;PECAM1;MAP3K20,CD8 Central Memory,Afatinib_vs._Afatinib dimaleate,Hallmark
1,prerank,Coagulation,0.5356819507961665,1.5624778136349788,0.05723905723905724,0.114453168196395,0.177,6/18,9.83%,LRP1;CTSH;LGMN;MMP9;ITGA2;PECAM1,CD8 Central Memory,Afatinib_vs._Afatinib dimaleate,Hallmark
2,prerank,Complement,0.36560127507842993,1.442114723395133,0.011627906976744186,0.16255667367024218,0.34,12/63,8.41%,LRP1;HSPA1A;CTSH;CD40LG;LGMN;GZMB;TIMP2;GZMA;CDK5R1;GZMK;CTSD;ITGAM,CD8 Central Memory,Afatinib_vs._Afatinib dimaleate,Hallmark
3,prerank,IL-2/STAT5 Signaling,0.3629921842697555,1.4018794613930945,0.03932584269662921,0.15509233661395555,0.41,11/62,7.45%,CCR4;SPRED2;EOMES;IFITM3;BATF;SELL;ICOS;IL2RA;NFIL3;CD79B;SOCS2,CD8 Central Memory,Afatinib_vs._Afatinib dimaleate,Hallmark
4,prerank,Unfolded Protein Response,-0.4818823158619212,-1.3522262926605346,0.08423913043478261,1.0,0.893,10/29,18.47%,IFIT1;WFS1;PDIA5;EIF4EBP1;VEGFA;CNOT4;SHC1;DDX10;CNOT2;CEBPB,CD8 Central Memory,Afatinib_vs._Afatinib dimaleate,Hallmark
5,prerank,heme Metabolism,-0.5031784884428994,-1.3432200987625225,0.0930888575458392,1.0,0.903,7/23,22.19%,PPOX;SNCA;BNIP3L;LRP10;ABCB6;TFRC;PSMD9,CD8 Central Memory,Afatinib_vs._Afatinib dimaleate,Hallmark
6,prerank,Glycolysis,-0.4449938268183487,-1.3306602722278087,0.09102402022756005,0.8895949166004766,0.923,17/39,25.69%,GPC1;CDK1;PGAM1;SPAG4;VEGFA;COPB2;PMM2;STMN1;ABCB6;IER3;SLC37A4;HS2ST1;DLD;GFPT1;SLC35A3;IGFBP3;ERO1A,CD8 Central Memory,Afatinib_vs._Afatinib dimaleate,Hallmark
7,prerank,Mitotic Spindle,-0.43881969871569126,-1.2932930736239858,0.1310615989515072,0.8506751389992058,0.962,7/32,6.70%,NUSAP1;TOP2A;CDK1;NDC80;RASA1;PCM1;SMC3,CD8 Central Memory,Afatinib_vs._Afatinib dimaleate,Hallmark
8,prerank,Epithelial Mesenchymal Transition,0.36323502088713916,1.2130626789963141,0.16845878136200718,0.34457591507243174,0.775,3/30,1.12%,LRP1;MEST;LAMA3,CD8 Central Memory,Afatinib_vs._Afatinib dimaleate,Hallmark
9,prerank,Hypoxia,-0.3949813639766975,-1.2010989544883035,0.19305019305019305,1.0,0.996,16/46,27.03%,GAA;GPC1;BNIP3L;PLAUR;VEGFA;HK1;PGM1;JMJD6;S100A4;IER3;ZFP36;SLC37A4;FOS;IGFBP3;ERO1A;CDKN1A,CD8 Central Memory,Afatinib_vs._Afatinib dimaleate,Hallmark
10,prerank,PI3K/AKT/mTOR  Signaling,-0.38909368681765655,-1.1664500036984968,0.24508519003931847,1.0,0.999,10/41,13.55%,CDK1;PAK4;MYD88;STAT2;MAP3K7;MKNK1;TRIB3;CDK2;RALB;PIN1,CD8 Central Memory,Afatinib_vs._Afatinib dimaleate,Hallmark
11,prerank,Oxidative Phosphorylation,-0.42058816292796497,-1.1510524496612953,0.2696629213483146,1.0,0.999,9/24,26.14%,PDHX;ACAA1;DECR1;SLC25A4;BAX;CASP7;ATP6V0B;DLD;TOMM70,CD8 Central Memory,Afatinib_vs._Afatinib dimaleate,Hallmark
12,prerank,Pperoxisome,-0.40780300262138935,-1.0775973638521308,0.37695590327169276,1.0,1.0,8/20,26.51%,TOP2A;ABCB1;ACAA1;SLC25A4;IDE;FIS1;ABCC5;SMARCC1,CD8 Central Memory,Afatinib_vs._Afatinib dimaleate,Hallmark
13,prerank,mTORC1 Signaling,0.2830266394200685,1.074436972028744,0.30726256983240224,0.5400125327140698,0.929,8/55,6.92%,PIK3R3;TMEM97;LGMN;TXNRD1;PLK1;MLLT11;GPI;NFIL3,CD8 Central Memory,Afatinib_vs._Afatinib dimaleate,Hallmark
14,prerank,E2F Targets,-0.3240867548538411,-1.0677682457551472,0.35108958837772397,1.0,1.0,25/71,28.52%,TIMELESS;TOP2A;CDK1;MCM3;RAD51C;MCM5;SMC3;NUP107;UBE2T;CBX5;EED;RPA3;STMN1;JPT1;TIPIN;TFRC;USP1;WEE1;DCK;CTCF;CHEK1;PAN2;CDKN1A;MCM4;UNG,CD8 Central Memory,Afatinib_vs._Afatinib dimaleate,Hallmark
15,prerank,Myc Targets V1,-0.3844349860020655,-1.0611069798244441,0.39783491204330174,1.0,1.0,11/25,31.94%,MCM5;TYMS;CDK2;RNPS1;EPRS1;USP1;TOMM70;SMARCC1;MCM4;C1QBP;RRM1,CD8 Central Memory,Afatinib_vs._Afatinib dimaleate,Hallmark
16,prerank,Interferon Alpha Response,0.2975149104731173,1.0511164947590126,0.35390946502057613,0.5132620337751378,0.947,4/35,4.62%,LAMP3;PSME2;IFITM3;SELL,CD8 Central Memory,Afatinib_vs._Afatinib dimaleate,Hallmark
17,prerank,DNA Repair,-0.35042003409205424,-1.0110447840664691,0.4688311688311688,1.0,1.0,8/31,16.31%,RAD51;POLD4;MPC2;TYMS;VPS28;RPA3;ADA;POLA1,CD8 Central Memory,Afatinib_vs._Afatinib dimaleate,Hallmark
18,prerank,IL-6/JAK/STAT3 Signaling,-0.33914242564389324,-1.0090112669894973,0.4604221635883905,1.0,1.0,7/36,17.57%,CD38;MYD88;STAT2;TYK2;IL18R1;FAS;IL12RB1,CD8 Central Memory,Afatinib_vs._Afatinib dimaleate,Hallmark
19,prerank,UV Response Dn,-0.3390957770448213,-0.953846529796845,0.5493910690121786,1.0,1.0,7/29,24.80%,MAP2K5;ACVR2A;COL1A1;ATP2C1;RXRA;DMAC2L;PRKCE,CD8 Central Memory,Afatinib_vs._Afatinib dimaleate,Hallmark
20,prerank,Spermatogenesis,-0.3851754785141013,-0.9482006150199662,0.5547445255474452,1.0,1.0,12/15,36.34%,CDK1;TOPBP1;IDE;MTOR;IL12RB2;PHKG2;PSMG1;BRAF;MAP7;CSNK2A2;EZH2;JAM3,CD8 Central Memory,Afatinib_vs._Afatinib dimaleate,Hallmark
21,prerank,Cholesterol Homeostasis,0.29909310234848013,0.9397383752326581,0.55,0.6970861439787681,0.988,6/24,11.47%,TMEM97;LGMN;NFIL3;HMGCS1;NSDHL;ATF3,CD8 Central Memory,Afatinib_vs._Afatinib dimaleate,Hallmark
22,prerank,Interferon Gamma Response,-0.2780469044814117,-0.9372159360017579,0.5785123966942148,1.0,1.0,22/79,27.03%,CD38;IFIT1;MYD88;STAT2;XCL1;OAS3;JAK2;PTPN6;FAS;HERC6;HIF1A;IL15;NUP93;CASP7;IFI35;IFNAR2;IL4R;ICAM1;SOCS1;TNFSF10;IFITM2;CDKN1A,CD8 Central Memory,Afatinib_vs._Afatinib dimaleate,Hallmark
23,prerank,Fatty Acid Metabolism,-0.3428492230844864,-0.9232847368549533,0.5817923186344239,1.0,1.0,5/22,13.85%,ACAA1;DECR1;CRYZ;PCBD1;BPHL,CD8 Central Memory,Afatinib_vs._Afatinib dimaleate,Hallmark
24,prerank,G2-M Checkpoint,-0.284368601263741,-0.9140689447614814,0.6075949367088608,0.9981209460681051,1.0,15/56,26.51%,NUSAP1;TOP2A;CDK1;NDC80;MCM3;MCM5;CDC7;CCNF;STMN1;JPT1;HIF1A;MTF2;CTCF;CHEK1;SMARCC1,CD8 Central Memory,Afatinib_vs._Afatinib dimaleate,Hallmark
25,prerank,Apoptosis,-0.2687678626905496,-0.893140869223197,0.6604244694132334,0.9915545272108451,1.0,19/66,29.56%,CD38;TOP2A;BNIP3L;PAK1;CDK2;LGALS3;FAS;BAX;CLU;CASP7;PTK2;IER3;WEE1;TNFSF10;IGF2R;CDKN1A;BID;DNM1L;CFLAR,CD8 Central Memory,Afatinib_vs._Afatinib dimaleate,Hallmark
26,prerank,Inflammatory Response,-0.2757050580092339,-0.884886324574983,0.6711822660098522,0.9594698491229281,1.0,14/57,23.01%,ACVR2A;TLR1;OSM;IL18RAP;PLAUR;ATP2C1;IL18R1;TNFSF9;CXCR6;HIF1A;IL15;NLRP3;IL4R;ICAM1,CD8 Central Memory,Afatinib_vs._Afatinib dimaleate,Hallmark
27,prerank,UV Response Up,-0.2970981640204096,-0.8725254374939652,0.6671195652173914,0.9393928929101771,1.0,12/36,27.55%,ABCB1;ACAA1;POLG2;SLC25A4;CDK2;YKT6;STK25;TFRC;ICAM1;FOSB;FOS;BID,CD8 Central Memory,Afatinib_vs._Afatinib dimaleate,Hallmark
28,prerank,KRAS Signaling Up,-0.2875283425253537,-0.8712077994010662,0.6922077922077922,0.8976988868552221,1.0,5/42,6.25%,DUSP6;FCER1G;ABCB1;KIF5C;PLAUR,CD8 Central Memory,Afatinib_vs._Afatinib dimaleate,Hallmark
29,prerank,Myogenesis,-0.32710193385318675,-0.8305489508374523,0.7396694214876033,0.938206180323803,1.0,7/18,27.85%,GAA;COL1A1;SORBS3;CLU;IGFBP3;CDKN1A;FOXO4,CD8 Central Memory,Afatinib_vs._Afatinib dimaleate,Hallmark
30,prerank,Allograft Rejection,-0.24008986747032757,-0.818475042113588,0.7995283018867925,0.9186875291849534,1.0,19/89,23.01%,IL12A;ACVR2A;TLR1;IL18RAP;KLRD1;NCR1;MAP3K7;NCF4;JAK2;DYRK3;PTPN6;FAS;IL12RB1;HIF1A;IL15;NLRP3;IFNAR2;IL4R;ICAM1,CD8 Central Memory,Afatinib_vs._Afatinib dimaleate,Hallmark
31,prerank,Adipogenesis,-0.30019287019523494,-0.8138554693177251,0.720708446866485,0.8884668071047875,1.0,8/24,29.49%,CHUK;DECR1;SQOR;PGM1;BCL6;DLD;ACLY;NMT1,CD8 Central Memory,Afatinib_vs._Afatinib dimaleate,Hallmark
32,prerank,Androgen Response,0.2518672093566318,0.7198462349849977,0.8580441640378549,1.0,0.999,7/17,20.25%,MAF;HMGCS1;ZMIZ1;PTK2B;RAB4A;ARID5B;INSIG1,CD8 Central Memory,Afatinib_vs._Afatinib dimaleate,Hallmark
33,prerank,p53 Pathway,-0.22252598059565873,-0.6978870290260413,0.9196988707653702,1.0,1.0,17/54,27.03%,RAD51C;RAD9A;MAPKAPK3;TRIB3;ADA;TNFSF9;FAS;CD81;BAX;RXRA;S100A4;IER3;ABCC5;FOS;SOCS1;CGRRF1;CDKN1A,CD8 Central Memory,Afatinib_vs._Afatinib dimaleate,Hallmark
34,prerank,Estrogen Response Late,-0.2135559621966809,-0.6327227718097997,0.9451871657754011,1.0,1.0,8/35,24.87%,WFS1;TOP2A;JAK2;PTPN6;MICB;ZFP36;NRIP1;FOS,CD8 Central Memory,Afatinib_vs._Afatinib dimaleate,Hallmark
35,prerank,TNF-alpha Signaling via NF-kB,-0.17010094266364809,-0.5619905670922608,1.0,1.0,1.0,15/75,27.33%,EGR2;PLAUR;VEGFA;TNFSF9;CEBPB;BIRC2;IER3;ZFP36;ICAM1;BCL6;FOSB;SLC2A6;FOS;CDKN1A;DUSP4,CD8 Central Memory,Afatinib_vs._Afatinib dimaleate,Hallmark
36,prerank,Estrogen Response Early,0.16717524131576722,0.5559378104969502,0.9919678714859438,0.989715802278005,1.0,1/30,1.27%,PEX11A,CD8 Central Memory,Afatinib_vs._Afatinib dimaleate,Hallmark
37,prerank,Xenobiotic Metabolism,-0.15147836738653137,-0.4172394979501437,1.0,0.9994819905376938,1.0,7/26,31.50%,ARG2;BPHL;FAS;NPC1;ABHD6;NMT1;ID2,CD8 Central Memory,Afatinib_vs._Afatinib dimaleate,Hallmark
0,prerank,IL-2/STAT5 Signaling,0.5045597357438835,1.7718822381453614,0.0,0.05611697623214588,0.065,27/62,22.56%,CCR4;BATF;IL2RA;MYC;TNFRSF4;SELL;ITGA6;NFIL3;IRF8;IRF4;SPRED2;ICOS;CCND3;RORA;TNFRSF18;IL18R1;BCL2;ALCAM;SOCS1;GADD45B;CDC6;CD81;ABCB1;TNFSF10;IGF2R;CST7;PRAF2,CD8 Central Memory,Baricitinib_vs._Baricitinib phosphate,Hallmark
1,prerank,TNF-alpha Signaling via NF-kB,0.4327446143769717,1.5866730304636638,0.008333333333333333,0.14780105007621522,0.295,13/75,8.12%,CCL4;EGR1;IER3;IFIT2;ICAM1;F2RL1;EGR2;MYC;TNFSF9;EGR3;NFIL3;KLF9;KLF4,CD8 Central Memory,Baricitinib_vs._Baricitinib phosphate,Hallmark
2,prerank,Adipogenesis,-0.5311755534088826,-1.5231634171951698,0.03867403314917127,0.670774387538818,0.412,11/24,25.39%,SCARB1;PGM1;DLD;DECR1;SCP2;SDHB;STAT5A;ACLY;SLC5A6;SQOR;REEP5,CD8 Central Memory,Baricitinib_vs._Baricitinib phosphate,Hallmark
3,prerank,Oxidative Phosphorylation,-0.5164106962620509,-1.4784532389688871,0.04275092936802974,0.4708433972494701,0.526,11/24,28.29%,SUPV3L1;ALAS1;DLD;SLC25A3;PDHX;DECR1;VDAC1;SDHB;ATP6V1D;BAX;OXA1L,CD8 Central Memory,Baricitinib_vs._Baricitinib phosphate,Hallmark
4,prerank,Apoptosis,0.4098125907682935,1.4522891957325226,0.03571428571428571,0.24370048363725327,0.568,23/66,23.98%,IER3;TNFRSF12A;PRF1;FASLG;TXNIP;EGR3;CDC25B;LEF1;HSPB1;APP;CASP8;HMGB2;PTK2;LGALS3;GADD45B;FEZ1;SATB1;TNFSF10;IGF2R;PMAIP1;CD2;ISG20;CD38,CD8 Central Memory,Baricitinib_vs._Baricitinib phosphate,Hallmark
5,prerank,Allograft Rejection,0.3769284705922509,1.4161140249809652,0.028925619834710745,0.22940777959690625,0.66,20/89,11.84%,GZMB;CD4;CCL4;CD40LG;PRF1;STAT1;ICAM1;IFNG;IL2RA;FASLG;CCR5;IL18RAP;IRF8;IRF4;ITGAL;PTPN6;FYB1;NCR1;NLRP3;CCND3,CD8 Central Memory,Baricitinib_vs._Baricitinib phosphate,Hallmark
6,prerank,Coagulation,0.47600455768498623,1.2765656741611704,0.15368421052631578,0.3847569581663185,0.882,6/18,14.07%,THBS1;CTSH;ITGA2;LRP1;DUSP6;LAMP2,CD8 Central Memory,Baricitinib_vs._Baricitinib phosphate,Hallmark
7,prerank,Spermatogenesis,-0.4999500131340181,-1.2711229913720867,0.17399267399267399,1.0,0.924,6/15,13.10%,MAP7;BRAF;CDK1;JAM3;CSNK2A2;TOPBP1,CD8 Central Memory,Baricitinib_vs._Baricitinib phosphate,Hallmark
8,prerank,heme Metabolism,-0.4470308499487776,-1.2683379237292236,0.16283185840707964,0.8576921181051905,0.928,4/23,8.79%,SNCA;ARHGEF12;LRP10;HEBP1,CD8 Central Memory,Baricitinib_vs._Baricitinib phosphate,Hallmark
9,prerank,p53 Pathway,0.3600083344795295,1.2404927629544096,0.14105263157894737,0.3791189145448729,0.919,10/54,11.84%,ZBTB16;IER3;CTSD;TXNIP;TNFSF9;DDB2;S100A4;KLF4;APP;CCND3,CD8 Central Memory,Baricitinib_vs._Baricitinib phosphate,Hallmark
10,prerank,Inflammatory Response,-0.3449561686462452,-1.2178982140462828,0.18007662835249041,0.8858480800512643,0.972,10/57,9.75%,IL15;TLR3;LYN;CD40;RIPK2;IL4R;OSM;IRF7;NOD2;RAF1,CD8 Central Memory,Baricitinib_vs._Baricitinib phosphate,Hallmark
11,prerank,Complement,0.3403045376047945,1.2128822970767468,0.1371308016877637,0.3736238920566815,0.94,6/63,2.68%,GZMB;F5;CD40LG;CTSH;HSPA1A;CTSD,CD8 Central Memory,Baricitinib_vs._Baricitinib phosphate,Hallmark
12,prerank,G2-M Checkpoint,-0.32893267308761714,-1.1408692196903987,0.24015748031496062,1.0,0.99,21/56,25.47%,CHEK1;CCNF;CDK1;CENPE;TOP2A;NDC80;KIF11;ABL1;EWSR1;SMC1A;TFDP1;HMMR;CDK4;MCM6;MAP3K20;MAPK14;PLK1;KIF23;TGFB1;NASP;EZH2,CD8 Central Memory,Baricitinib_vs._Baricitinib phosphate,Hallmark
13,prerank,Unfolded Protein Response,-0.37633788818818653,-1.1389200229498972,0.2784090909090909,0.9082241266398609,0.99,8/29,17.50%,FKBP14;VEGFA;PDIA6;HYOU1;WFS1;DDX10;ATF6;CEBPB,CD8 Central Memory,Baricitinib_vs._Baricitinib phosphate,Hallmark
14,prerank,Hypoxia,-0.32775666950231436,-1.125275686963533,0.26570915619389585,0.840981909597279,0.992,6/46,6.85%,SCARB1;VEGFA;PGM1;TGFB3;JMJD6;FOSL2,CD8 Central Memory,Baricitinib_vs._Baricitinib phosphate,Hallmark
15,prerank,KRAS Signaling Up,0.3435544254401719,1.1243006362048795,0.2629399585921325,0.490035567097612,0.983,10/42,12.06%,TRIB2;PRDM1;LY96;F2RL1;ITGA2;KLF4;IRF8;IKZF1;ST6GAL1;DUSP6,CD8 Central Memory,Baricitinib_vs._Baricitinib phosphate,Hallmark
16,prerank,Glycolysis,-0.35449582681208985,-1.1195383459105634,0.289134438305709,0.7635760174824601,0.992,12/39,18.17%,VEGFA;CDK1;HS2ST1;DLD;SPAG4;GFPT1;COPB2;GALE;AGL;ARPP19;HMMR;ECD,CD8 Central Memory,Baricitinib_vs._Baricitinib phosphate,Hallmark
17,prerank,Myc Targets V1,-0.37492043163457167,-1.1020812216201836,0.3352380952380952,0.7437669443485976,0.996,13/25,33.51%,SLC25A3;PSMD7;VDAC1;TFDP1;CDK4;HSPD1;MCM6;RNPS1;C1QBP;EPRS1;TYMS;HPRT1;RRM1,CD8 Central Memory,Baricitinib_vs._Baricitinib phosphate,Hallmark
18,prerank,Apical Junction,-0.32407766858240183,-1.0750381446811246,0.344294003868472,0.7569200159528943,0.996,10/41,10.72%,GNAI1;MAPK11;GNAI2;MAP4K2;MMP9;STX4;JAM3;CTNND1;MPZL1;AKT2,CD8 Central Memory,Baricitinib_vs._Baricitinib phosphate,Hallmark
19,prerank,Myogenesis,-0.396465224404086,-1.0602755151005188,0.4123134328358209,0.7403756099965495,0.996,9/18,30.68%,COL1A1;AKT2;AGL;RB1;SORBS3;TGFB1;FOXO4;IGFBP3;CLU,CD8 Central Memory,Baricitinib_vs._Baricitinib phosphate,Hallmark
20,prerank,Epithelial Mesenchymal Transition,-0.33535684449051206,-1.0235030356088373,0.43018867924528303,0.7838896451308341,0.999,4/30,2.83%,IL15;VEGFA;COL1A1;TPM1,CD8 Central Memory,Baricitinib_vs._Baricitinib phosphate,Hallmark
21,prerank,PI3K/AKT/mTOR  Signaling,-0.3073966743335279,-1.0072660189605929,0.4454713493530499,0.7685428388341583,0.999,10/41,19.21%,TRIB3;CDK1;RAF1;VAV3;NOD1;IRAK4;LCK;SMAD2;MAPK9;CDK4,CD8 Central Memory,Baricitinib_vs._Baricitinib phosphate,Hallmark
22,prerank,IL-6/JAK/STAT3 Signaling,0.31763746252910335,0.9919861013384218,0.46443514644351463,0.7280277511181367,1.0,3/36,3.13%,TNFRSF12A;STAT1;IL2RA,CD8 Central Memory,Baricitinib_vs._Baricitinib phosphate,Hallmark
23,prerank,Cholesterol Homeostasis,-0.34778610536257815,-0.9865009135081221,0.48613678373382624,0.7677034554147977,1.0,4/24,5.29%,TRIB3;GNAI1;CXCL16;HMGCS1,CD8 Central Memory,Baricitinib_vs._Baricitinib phosphate,Hallmark
24,prerank,Fatty Acid Metabolism,-0.3507885486808895,-0.9850135092073701,0.5036496350364964,0.7232710602849116,1.0,5/22,15.04%,BPHL;HMGCS1;DLD;DECR1;CBR1,CD8 Central Memory,Baricitinib_vs._Baricitinib phosphate,Hallmark
25,prerank,DNA Repair,-0.31523970053048633,-0.9626191451063872,0.5102803738317757,0.7301343369703577,1.0,13/31,32.46%,RAD51;POLB;FEN1;RFC5;RNMT;POLR2K;POLD3;POLR1C;RFC2;RPA3;TYMS;ADA;HPRT1,CD8 Central Memory,Baricitinib_vs._Baricitinib phosphate,Hallmark
26,prerank,Interferon Alpha Response,0.2921259063960679,0.9244627601065537,0.5680851063829787,0.8076892677694348,1.0,4/35,6.63%,OAS1;IFIT2;TXNIP;SELL,CD8 Central Memory,Baricitinib_vs._Baricitinib phosphate,Hallmark
27,prerank,E2F Targets,-0.2488561112170863,-0.9077909153598377,0.6577946768060836,0.8176007623929938,1.0,29/71,34.03%,CHEK1;CDK1;CENPE;TOP2A;CCP110;DNMT1;SMC1A;HELLS;POLD3;ATAD2;HMMR;CDK4;MCM6;PLK1;NASP;RFC2;EZH2;RPA3;SLBP;SMC4;TFRC;ANP32E;JPT1;SUV39H1;PAN2;RPA1;ZW10;TIPIN;CKS2,CD8 Central Memory,Baricitinib_vs._Baricitinib phosphate,Hallmark
28,prerank,Xenobiotic Metabolism,-0.3031222854783151,-0.902165286086482,0.605072463768116,0.7860880574285322,1.0,4/26,6.25%,BPHL;PPARD;SLC35B1;ALAS1,CD8 Central Memory,Baricitinib_vs._Baricitinib phosphate,Hallmark
29,prerank,Mitotic Spindle,-0.2933758163730873,-0.8974958807578474,0.6261682242990654,0.75636614580766,1.0,12/32,22.71%,ARHGEF12;CDK1;CENPE;TOP2A;NDC80;KIF11;ABL1;SMC1A;CKAP5;PCM1;PLK1;KIF23,CD8 Central Memory,Baricitinib_vs._Baricitinib phosphate,Hallmark
30,prerank,UV Response Dn,0.29110159225830673,0.8811123807031036,0.6391752577319587,0.8296115333884204,1.0,7/29,13.40%,MYC;RUNX1;ID1;KIT;PIK3R3;TGFBR2;PIK3CD,CD8 Central Memory,Baricitinib_vs._Baricitinib phosphate,Hallmark
31,prerank,Estrogen Response Late,0.2709407529390419,0.8458281426599706,0.710239651416122,0.8298330792826362,1.0,6/35,8.86%,BATF;EGR3;MAPK13;KLF4;MEST;PTPN6,CD8 Central Memory,Baricitinib_vs._Baricitinib phosphate,Hallmark
32,prerank,Interferon Gamma Response,0.21602330961815583,0.792590080089532,0.8618421052631579,0.8582918239102962,1.0,14/79,16.23%,IFIT2;IFIT1;STAT1;ICAM1;TXNIP;IRF8;IRF4;PTPN6;CASP8;SLAMF7;MTHFD2;HIF1A;CD274;GZMA,CD8 Central Memory,Baricitinib_vs._Baricitinib phosphate,Hallmark
33,prerank,mTORC1 Signaling,-0.21499158235513047,-0.7417216542818105,0.8964879852125693,0.9850643269088578,1.0,12/55,24.05%,TRIB3;CCNF;PGM1;HMGCS1;MLLT11;YKT6;ACLY;HSPD1;ATP6V1D;PLK1;UFM1;HSPA4,CD8 Central Memory,Baricitinib_vs._Baricitinib phosphate,Hallmark
34,prerank,Androgen Response,0.26720255129924225,0.7186450520702539,0.837160751565762,0.8869756675887766,1.0,5/17,14.52%,MAF;PTK2B;CCND3;CDK6;RAB4A,CD8 Central Memory,Baricitinib_vs._Baricitinib phosphate,Hallmark
35,prerank,UV Response Up,-0.2176289855597976,-0.6824389238553928,0.9114391143911439,1.0,1.0,8/36,23.90%,LYN;ALAS1;FEN1;FOSB;YKT6;CLTB;EIF5;CASP3,CD8 Central Memory,Baricitinib_vs._Baricitinib phosphate,Hallmark
36,prerank,Estrogen Response Early,-0.21591356337138212,-0.6525217901132307,0.9384057971014492,0.9867959991513091,1.0,2/30,6.63%,SCARB1;GAB2,CD8 Central Memory,Baricitinib_vs._Baricitinib phosphate,Hallmark
37,prerank,Pperoxisome,-0.22722918274973566,-0.6251375763272711,0.9276190476190476,0.9629812195001726,1.0,5/20,22.41%,TOP2A;ABCC5;SCP2;BCL10;HSD17B11,CD8 Central Memory,Baricitinib_vs._Baricitinib phosphate,Hallmark
0,prerank,KRAS Signaling Up,-0.4940289309376777,-1.5989370496687279,0.012552301255230125,0.28156996587030714,0.218,8/42,7.15%,KLF4;MAP7;IRF8;PRDM1;ENG;ATG10;ITGA2;TRIB2,CD8 Central Memory,Canertinib_vs._Canertinib dihydrochloride,Hallmark
1,prerank,Epithelial Mesenchymal Transition,0.5207361450420975,1.5669400986607613,0.03054989816700611,0.3553615960099751,0.308,5/30,3.72%,THBS1;IL15;SGCB;GPC1;PLOD3,CD8 Central Memory,Canertinib_vs._Canertinib dihydrochloride,Hallmark
2,prerank,IL-2/STAT5 Signaling,-0.4422450993543049,-1.553759803775475,0.011583011583011582,0.20584470989761092,0.302,19/62,17.57%,CDC6;CD79B;IRF8;CCR4;ICOS;TNFSF10;BCL2L1;TIAM1;NFIL3;EOMES;CD83;SELL;ITGA6;IGF1R;CST7;SPRED2;MUC1;NCOA3;IGF2R,CD8 Central Memory,Canertinib_vs._Canertinib dihydrochloride,Hallmark
3,prerank,Myogenesis,0.545465650553078,1.444518952255056,0.06483300589390963,0.44747506234413964,0.597,8/18,25.54%,PSEN2;SORBS3;CDKN1A;FOXO4;AGL;GAA;AKT2;IGFBP3,CD8 Central Memory,Canertinib_vs._Canertinib dihydrochloride,Hallmark
4,prerank,Complement,-0.3998309919377472,-1.3859765717295685,0.05555555555555555,0.45648464163822533,0.687,14/63,14.97%,GZMB;GZMA;HSPA1A;CDK5R1;DPP4;F5;IRF7;ITGAM;IRF2;XPNPEP1;CD40LG;CCL5;USP14;LAMP2,CD8 Central Memory,Canertinib_vs._Canertinib dihydrochloride,Hallmark
5,prerank,Androgen Response,-0.5117356156300887,-1.3429358323132745,0.11063829787234042,0.4404863481228669,0.773,5/17,19.66%,MAP7;MAF;ZMIZ1;PTK2B;CCND3,CD8 Central Memory,Canertinib_vs._Canertinib dihydrochloride,Hallmark
6,prerank,Apical Junction,0.42471812925874247,1.3401106802912988,0.0925553319919517,0.5869700748129676,0.839,6/41,6.70%,MAP3K20;GNAI1;CTNND1;PTK2;SORBS3;SRC,CD8 Central Memory,Canertinib_vs._Canertinib dihydrochloride,Hallmark
7,prerank,Mitotic Spindle,-0.4253940736623952,-1.3117331729304016,0.11798839458413926,0.42939419795221845,0.835,8/32,14.30%,CENPE;NET1;ARHGEF12;CENPF;TIAM1;TOP2A;ARFIP2;ABL1,CD8 Central Memory,Canertinib_vs._Canertinib dihydrochloride,Hallmark
8,prerank,Coagulation,0.4937452630316984,1.3046523824812735,0.14785992217898833,0.5426278054862843,0.903,5/18,11.32%,THBS1;DUSP6;CTSH;LRP1;CD9,CD8 Central Memory,Canertinib_vs._Canertinib dihydrochloride,Hallmark
9,prerank,Allograft Rejection,-0.3437640456108374,-1.279293626190904,0.0911062906724512,0.43444254835039825,0.877,31/89,22.56%,GZMB;CD4;IL11;IRF8;GZMA;CCR5;FASLG;CCL4;RIPK2;CD3D;IL12RB1;IRF7;STAT1;IL16;ITGAL;IFNG;CD40LG;CCL5;CSK;ETS1;TLR1;PRF1;IFNAR2;TRAF2;CCND3;ITGB2;ACVR2A;CD8A;IRF4;CD3E;CFP,CD8 Central Memory,Canertinib_vs._Canertinib dihydrochloride,Hallmark
10,prerank,Interferon Gamma Response,-0.33010630811900576,-1.203318534868886,0.1518987341772152,0.5605497318381277,0.96,12/79,9.83%,IRF8;GZMA;CD38;IFIT2;TNFSF10;RIPK2;IRF7;IRF2;MYD88;IFIT1;STAT1;BST2,CD8 Central Memory,Canertinib_vs._Canertinib dihydrochloride,Hallmark
11,prerank,Estrogen Response Late,-0.38946709818400255,-1.199847849812605,0.20867768595041322,0.49861348122866894,0.964,7/35,11.09%,KLF4;CDC6;EGR3;TIAM1;FDFT1;TOP2A;HPRT1,CD8 Central Memory,Canertinib_vs._Canertinib dihydrochloride,Hallmark
12,prerank,PI3K/AKT/mTOR  Signaling,0.35652495297428083,1.1354439361891624,0.26043737574552683,0.9699501246882792,0.998,12/41,20.55%,PAK4;TRIB3;MKNK1;NCK1;CDKN1A;CDK1;MAP3K7;CLTC;SMAD2;CDK2;NFKBIB;RAF1,CD8 Central Memory,Canertinib_vs._Canertinib dihydrochloride,Hallmark
13,prerank,Glycolysis,0.36595793465146054,1.1333558887000261,0.2729083665338645,0.8137468827930174,0.998,10/39,19.66%,IER3;GPC1;PGAM1;ECD;SLC35A3;CDK1;AGL;DDIT4;DLD;GFPT1,CD8 Central Memory,Canertinib_vs._Canertinib dihydrochloride,Hallmark
14,prerank,Inflammatory Response,0.3297454513931342,1.121053618492775,0.2618110236220472,0.7324991093694335,0.998,10/57,10.35%,IL18RAP;OSM;GNA15;IL15;IRAK2;ACVR1B;IL4R;NLRP3;TLR3;CDKN1A,CD8 Central Memory,Canertinib_vs._Canertinib dihydrochloride,Hallmark
15,prerank,Pperoxisome,0.4147230772250923,1.116809547432856,0.30739299610894943,0.6540289900249376,0.998,4/20,10.13%,PEX11A;CDK7;ITGB1BP1;MVP,CD8 Central Memory,Canertinib_vs._Canertinib dihydrochloride,Hallmark
16,prerank,G2-M Checkpoint,-0.3194118300637395,-1.1021804099483137,0.3106796116504854,0.6886376564277588,0.994,13/56,18.32%,CENPE;CDC6;CHEK1;EZH2;CCNF;CENPF;TOP2A;CKS2;ABL1;CKS1B;NASP;SMARCC1;MAPK14,CD8 Central Memory,Canertinib_vs._Canertinib dihydrochloride,Hallmark
17,prerank,Interferon Alpha Response,-0.35834902435546667,-1.0983648073609757,0.3111111111111111,0.6297994880546075,0.995,7/35,11.91%,IFIT2;LAMP3;RIPK2;IRF7;IRF2;BST2;SELL,CD8 Central Memory,Canertinib_vs._Canertinib dihydrochloride,Hallmark
18,prerank,DNA Repair,0.36137872905408985,1.057439109673852,0.36770428015564205,0.7374272651704074,1.0,7/31,13.92%,VPS28;TYMS;POLD3;RFC5;POLA1;RFC2;RPA2,CD8 Central Memory,Canertinib_vs._Canertinib dihydrochloride,Hallmark
19,prerank,Spermatogenesis,-0.405970236011582,-1.034850614161739,0.39832285115303984,0.7333035991312441,0.999,3/15,6.33%,MAP7;EZH2;IDE,CD8 Central Memory,Canertinib_vs._Canertinib dihydrochloride,Hallmark
20,prerank,TNF-alpha Signaling via NF-kB,-0.2817194089132987,-1.0273712113563558,0.40725806451612906,0.6920150739476678,1.0,12/75,13.78%,KLF4;EGR3;IFIT2;EGR1;CCL4;RIPK2;FOSB;NFIL3;CD83;CCL5;BCL6;IL6ST,CD8 Central Memory,Canertinib_vs._Canertinib dihydrochloride,Hallmark
21,prerank,Cholesterol Homeostasis,0.3484297509950164,1.008729772403405,0.4346153846153846,0.7852556109725686,1.0,8/24,23.75%,GNAI1;TRIB3;CD9;ATF3;ALCAM;TNFRSF12A;LGALS3;LGMN,CD8 Central Memory,Canertinib_vs._Canertinib dihydrochloride,Hallmark
22,prerank,heme Metabolism,-0.34552725226379993,-0.9879199737082583,0.4716599190283401,0.7305887372013652,1.0,9/23,29.34%,LRP10;ARHGEF12;LAMP2;SLC25A37;CCND3;SLC11A2;NNT;BNIP3L;PSMD9,CD8 Central Memory,Canertinib_vs._Canertinib dihydrochloride,Hallmark
23,prerank,Apoptosis,0.27663652572792574,0.9652235039987342,0.5150905432595574,0.8301688959419632,1.0,5/66,3.43%,PSEN2;GNA15;IER3;WEE1;PTK2,CD8 Central Memory,Canertinib_vs._Canertinib dihydrochloride,Hallmark
24,prerank,UV Response Dn,-0.31827614767420365,-0.9441196382942847,0.5349301397205589,0.7801834470989761,1.0,9/29,22.19%,ID1;IGF1R;SMAD7;RUNX1;ZMIZ1;MAPK14;ACVR2A;RXRA;PIK3R3,CD8 Central Memory,Canertinib_vs._Canertinib dihydrochloride,Hallmark
25,prerank,Fatty Acid Metabolism,-0.32684585488075385,-0.9358893365409361,0.5584677419354839,0.7455204778156997,1.0,5/22,15.26%,CBR3;LGALS1;ACAT2;DECR1;PCBD1,CD8 Central Memory,Canertinib_vs._Canertinib dihydrochloride,Hallmark
26,prerank,Estrogen Response Early,-0.28678057961937287,-0.8623599657032658,0.6906187624750499,0.8607081911262798,1.0,7/30,15.79%,KLF4;EGR3;TIAM1;FDFT1;IGF1R;IL6ST;MUC1,CD8 Central Memory,Canertinib_vs._Canertinib dihydrochloride,Hallmark
27,prerank,p53 Pathway,0.24963705792526794,0.8364947396728913,0.7795918367346939,1.0,1.0,9/54,12.21%,IER3;TRIB3;PDGFA;ACVR1B;RAD51C;CCP110;RAD9A;CDKN1A;RALGDS,CD8 Central Memory,Canertinib_vs._Canertinib dihydrochloride,Hallmark
28,prerank,E2F Targets,0.22842094271328564,0.8135629373250041,0.8168224299065421,1.0,1.0,13/71,13.92%,TIMELESS;WEE1;PAICS;RAD51C;POLD3;USP1;CCP110;CDKN1A;MCM3;CDK1;SUV39H1;RFC2;RPA2,CD8 Central Memory,Canertinib_vs._Canertinib dihydrochloride,Hallmark
29,prerank,Xenobiotic Metabolism,-0.2780794057268184,-0.8077022846935337,0.7575757575757576,0.9196822927123068,1.0,6/26,17.65%,IRF8;HPRT1;PGRMC1;ADH5;ALAS1;SLC35B1,CD8 Central Memory,Canertinib_vs._Canertinib dihydrochloride,Hallmark
30,prerank,Myc Targets V1,0.2578046786905564,0.7447180752035877,0.8225806451612904,1.0,1.0,3/25,9.08%,TYMS;USP1;RNPS1,CD8 Central Memory,Canertinib_vs._Canertinib dihydrochloride,Hallmark
31,prerank,mTORC1 Signaling,0.22291821993487693,0.741190082193686,0.8859315589353612,1.0,1.0,11/55,19.73%,TRIB3;RPN1;HSPA4;CDKN1A;CD9;MLLT11;GPI;PSMG1;DDIT4;NFKBIB;MTHFD2,CD8 Central Memory,Canertinib_vs._Canertinib dihydrochloride,Hallmark
32,prerank,Hypoxia,0.2239685302919395,0.7378850474760181,0.9195171026156942,0.9809265897755611,1.0,17/46,31.20%,IER3;GPC1;SCARB1;CDKN1A;GPI;ATF3;DDIT4;GAA;KDM3A;TIPARP;FOXO3;IGFBP3;TES;HK1;DUSP1;FOSL2;EXT1,CD8 Central Memory,Canertinib_vs._Canertinib dihydrochloride,Hallmark
33,prerank,Unfolded Protein Response,-0.23915154697829383,-0.7173153957754026,0.8767395626242545,0.9982935153583617,1.0,5/29,15.41%,PDIA5;BAG3;IFIT1;EIF4EBP1;CKS1B,CD8 Central Memory,Canertinib_vs._Canertinib dihydrochloride,Hallmark
34,prerank,UV Response Up,0.20064051501777022,0.6165951300115784,0.9706457925636007,1.0,1.0,12/36,30.53%,STK25;RPN1;CASP3;ATF3;CDK2;PRKCD;PRKACA;ACAA1;ICAM1;TFRC;LYN;POLG2,CD8 Central Memory,Canertinib_vs._Canertinib dihydrochloride,Hallmark
35,prerank,Oxidative Phosphorylation,0.21541913981050695,0.6135918523998104,0.949290060851927,0.9688279301745636,1.0,6/24,22.11%,SUPV3L1;SDHB;GPI;DLD;PDHX;ACAA1,CD8 Central Memory,Canertinib_vs._Canertinib dihydrochloride,Hallmark
36,prerank,IL-6/JAK/STAT3 Signaling,-0.19329027843052404,-0.6052546666194557,0.9788461538461538,1.0,1.0,4/36,9.53%,CD38;IL12RB1;MYD88;STAT1,CD8 Central Memory,Canertinib_vs._Canertinib dihydrochloride,Hallmark
37,prerank,Adipogenesis,-0.20041987046788545,-0.5662045304688692,0.9754098360655737,0.9852282423208191,1.0,4/24,14.89%,SCP2;SQOR;BCL6;DECR1,CD8 Central Memory,Canertinib_vs._Canertinib dihydrochloride,Hallmark
0,prerank,Pperoxisome,-0.5847430258454247,-1.5261280336636163,0.02360248447204969,0.4381296506108951,0.398,7/20,19.36%,PEX11A;CAT;IDE;SMARCC1;FIS1;HRAS;ACAA1,CD8 Central Memory,Erlotinib_vs._Erlotinib hydrochloride,Hallmark
1,prerank,Coagulation,0.41609069504259905,1.3711986203682782,0.13170731707317074,0.819764177428411,0.342,6/18,5.88%,MMP9;CTSH;CSRP1;CD9;DUSP14;S100A13,CD8 Central Memory,Erlotinib_vs._Erlotinib hydrochloride,Hallmark
2,prerank,Fatty Acid Metabolism,-0.47328548611371085,-1.2725721713335874,0.1654228855721393,1.0,0.989,10/22,29.04%,HSD17B10;LGALS1;UBE2L6;MIF;ACAT2;ACAA1;PCBD1;HMGCS1;BLVRA;DECR1,CD8 Central Memory,Erlotinib_vs._Erlotinib hydrochloride,Hallmark
3,prerank,Myogenesis,0.3969542938856052,1.2384245624127053,0.1875,0.7823320232079356,0.542,3/18,3.65%,IGFBP3;PSEN2;CDKN1A,CD8 Central Memory,Erlotinib_vs._Erlotinib hydrochloride,Hallmark
4,prerank,Inflammatory Response,-0.3912597331892658,-1.237345735761554,0.14076576576576577,1.0,0.991,21/57,31.65%,CD40;TLR3;IL18RAP;ACVR2A;LTA;IRAK2;SLC11A2;ATP2C1;PSEN1;OSM;IRF1;ACVR1B;LYN;ITGA5;HIF1A;MYC;CXCR6;IL18R1;RIPK2;IFNAR1;IL10RA,CD8 Central Memory,Erlotinib_vs._Erlotinib hydrochloride,Hallmark
5,prerank,PI3K/AKT/mTOR  Signaling,-0.407337567963526,-1.2277822927631354,0.1701388888888889,1.0,0.994,20/41,37.83%,PIN1;MYD88;NFKBIB;AKT1;NOD1;FASLG;HRAS;VAV3;PIK3R3;TBK1;DUSP3;IRAK4;MAPK9;MAP3K7;LCK;RALB;ECSIT;TIAM1;CDK2;MKNK1,CD8 Central Memory,Erlotinib_vs._Erlotinib hydrochloride,Hallmark
6,prerank,Allograft Rejection,-0.36029173582307916,-1.2100785853853386,0.15711252653927812,1.0,0.997,22/89,21.22%,CD40;TLR3;GZMB;CFP;NCR1;IL18RAP;CD40LG;ACVR2A;CD28;CCR5;TNF;IRF8;AKT1;CCL4;CD79A;FASLG;TAP2;PTPN6;IL2RA;CD4;PSMB10;LYN,CD8 Central Memory,Erlotinib_vs._Erlotinib hydrochloride,Hallmark
7,prerank,Mitotic Spindle,-0.4144964043591824,-1.1968144019844213,0.23381294964028776,0.9862918618774944,0.998,6/32,9.23%,NUSAP1;ECT2;ARHGEF12;NDC80;NCK2;KIF11,CD8 Central Memory,Erlotinib_vs._Erlotinib hydrochloride,Hallmark
8,prerank,Adipogenesis,-0.43543497932265696,-1.1890731435385165,0.24878048780487805,0.8814036806810178,0.999,5/24,11.17%,CAT;ETFB;NMT1;TANK;SCARB1,CD8 Central Memory,Erlotinib_vs._Erlotinib hydrochloride,Hallmark
9,prerank,KRAS Signaling Up,0.3052192163914203,1.160393106445051,0.19548872180451127,0.7654875538087218,0.672,5/42,3.80%,MMP9;KLF4;IGFBP3;MAP7;LAT2,CD8 Central Memory,Erlotinib_vs._Erlotinib hydrochloride,Hallmark
10,prerank,UV Response Dn,0.32318174723121357,1.1512998905851712,0.26,0.5947033501778027,0.688,3/29,4.39%,ID1;KIT;SMAD7,CD8 Central Memory,Erlotinib_vs._Erlotinib hydrochloride,Hallmark
11,prerank,Cholesterol Homeostasis,0.3233732376148494,1.1103750055624342,0.31645569620253167,0.5633539210181546,0.747,6/24,9.16%,GNAI1;ATF5;CD9;NFIL3;CXCL16;FDFT1,CD8 Central Memory,Erlotinib_vs._Erlotinib hydrochloride,Hallmark
12,prerank,G2-M Checkpoint,-0.35290894278418383,-1.1073042705915492,0.30837988826815643,1.0,1.0,18/56,25.61%,CHEK1;NUSAP1;MCM2;NDC80;SMARCC1;KIF11;TACC3;CCNF;MTF2;MNAT1;EWSR1;HMMR;MAPK14;CDC6;HIF1A;CDC7;CKS2;MYC,CD8 Central Memory,Erlotinib_vs._Erlotinib hydrochloride,Hallmark
13,prerank,Xenobiotic Metabolism,-0.3908501596037465,-1.076466464444247,0.3726190476190476,1.0,1.0,11/26,33.28%,CAT;IRF8;NMT1;HPRT1;PPARD;ABHD6;PSMB10;PGRMC1;CNDP2;ALAS1;NPC1,CD8 Central Memory,Erlotinib_vs._Erlotinib hydrochloride,Hallmark
14,prerank,Hypoxia,0.27248402603271465,1.0663100691782783,0.3389830508474576,0.5708403518622497,0.815,12/46,15.79%,GPC1;VEGFA;IGFBP3;CDKN1A;NFIL3;BHLHE40;ZFP36;TES;ATF3;GPI;PIM1;PLAUR,CD8 Central Memory,Erlotinib_vs._Erlotinib hydrochloride,Hallmark
15,prerank,Estrogen Response Late,-0.3628255614225014,-1.0501309626190305,0.4074074074074074,1.0,1.0,13/35,25.99%,WFS1;ETFB;BATF;MAPK13;EGR3;SCARB1;HPRT1;BCL2;PTPN6;CDC6;IL6ST;FKBP4;MEST,CD8 Central Memory,Erlotinib_vs._Erlotinib hydrochloride,Hallmark
16,prerank,IL-2/STAT5 Signaling,-0.3217699231204753,-1.0306253347101175,0.44529540481400437,1.0,1.0,23/62,32.17%,CD79B;BATF;CCR4;SPRED2;TNFRSF4;IRF8;ALCAM;TNFRSF18;PLSCR1;IKZF2;NT5E;BCL2;IL2RA;PRKCH;CDC6;ICOS;MYC;RNH1;IL18R1;IGF2R;MAPKAPK2;IL10RA;IFITM3,CD8 Central Memory,Erlotinib_vs._Erlotinib hydrochloride,Hallmark
17,prerank,Glycolysis,0.26515897601605776,1.0298729937959727,0.3828125,0.5652255287291784,0.852,5/39,4.54%,GPC1;VEGFA;IGFBP3;SPAG4;HS2ST1,CD8 Central Memory,Erlotinib_vs._Erlotinib hydrochloride,Hallmark
18,prerank,TNF-alpha Signaling via NF-kB,-0.31498353821045866,-1.027594256079501,0.43681917211328974,1.0,1.0,12/75,11.09%,CEBPB;IER3;FOSL1;EGR1;F2RL1;IFIT2;TNF;IL23A;TGIF1;EGR3;TANK;CCL4,CD8 Central Memory,Erlotinib_vs._Erlotinib hydrochloride,Hallmark
19,prerank,Complement,-0.31749302510446187,-1.0264480262825961,0.453551912568306,0.9647030557708207,1.0,7/63,4.32%,SRC;F5;CEBPB;GZMB;DUSP6;LRP1;CD40LG,CD8 Central Memory,Erlotinib_vs._Erlotinib hydrochloride,Hallmark
20,prerank,heme Metabolism,-0.37303394198255735,-1.0161580977087878,0.4520383693045564,0.9272131549131886,1.0,7/23,20.33%,CAT;ARHGEF12;SLC11A2;PPOX;TFRC;ABCB6;LAMP2,CD8 Central Memory,Erlotinib_vs._Erlotinib hydrochloride,Hallmark
21,prerank,Interferon Alpha Response,-0.337704786703829,-0.9981038403680862,0.4855824682814302,0.9166141000908433,1.0,20/35,44.08%,IFIT2;PLSCR1;UBE2L6;PSME2;MX1;IRF1;IRF2;OAS1;IFITM2;PSMB9;RIPK2;IFITM3;ISG20;CASP8;TXNIP;SELL;PSMB8;PSME1;IFIH1;BST2,CD8 Central Memory,Erlotinib_vs._Erlotinib hydrochloride,Hallmark
22,prerank,E2F Targets,-0.3057041844281433,-0.9955319228885137,0.4762419006479482,0.8659705423033347,1.0,10/71,10.20%,CHEK1;CHEK2;MCM2;TIPIN;TIMELESS;PAN2;PAICS;CDCA8;TACC3;HELLS,CD8 Central Memory,Erlotinib_vs._Erlotinib hydrochloride,Hallmark
23,prerank,Oxidative Phosphorylation,-0.35057864325387217,-0.9604447670843467,0.5523465703971119,0.9050073040821806,1.0,14/24,43.11%,ETFB;ATP6V1D;HSD17B10;TOMM70;ACAA1;TIMM9;DECR1;ALAS1;BAX;OXA1L;ATP6V0B;PDHX;DLD;CASP7,CD8 Central Memory,Erlotinib_vs._Erlotinib hydrochloride,Hallmark
24,prerank,Interferon Gamma Response,-0.2734155578376688,-0.9027759430319618,0.6730975348338692,0.994341863068323,1.0,26/79,33.73%,CD40;CD274;MYD88;IFIT2;IRF8;NUP93;PLSCR1;UBE2L6;NOD1;PSME2;MX1;IRF1;PTPN6;IRF2;IFITM2;PSMB10;PSMB9;HIF1A;MTHFD2;RIPK2;ARID5B;IL10RA;IFITM3;SLAMF7;OAS3;ISG20,CD8 Central Memory,Erlotinib_vs._Erlotinib hydrochloride,Hallmark
25,prerank,IL-6/JAK/STAT3 Signaling,-0.3081956959228145,-0.900694069664102,0.648,0.9470622079895822,1.0,15/36,37.97%,MYD88;TNF;IRF1;IL2RA;ACVR1B;IL6ST;IL12RB1;IL18R1;IL10RB;IFNAR1;IL17RA;TNFRSF12A;TYK2;PTPN1;IL3RA,CD8 Central Memory,Erlotinib_vs._Erlotinib hydrochloride,Hallmark
26,prerank,Unfolded Protein Response,-0.3129317758434971,-0.8913872808905606,0.6437718277066357,0.9187004317604189,1.0,5/29,15.34%,WFS1;CEBPB;SHC1;EIF4EBP1;TATDN2,CD8 Central Memory,Erlotinib_vs._Erlotinib hydrochloride,Hallmark
27,prerank,mTORC1 Signaling,-0.2816962404532535,-0.8836733511904651,0.691358024691358,0.8903451021220565,1.0,11/55,18.47%,CFP;MCM2;NFKBIB;ATP6V1D;NMT1;HPRT1;CCNF;TXNRD1;PIK3R3;TFRC;TBK1,CD8 Central Memory,Erlotinib_vs._Erlotinib hydrochloride,Hallmark
28,prerank,Myc Targets V1,-0.30945437465784426,-0.8459127172773124,0.6986634264884569,0.9182327609004891,1.0,11/25,37.08%,MCM2;SMARCC1;HPRT1;TOMM70;PWP1;MYC;EPRS1;MCM6;MCM5;USP1;CDK2,CD8 Central Memory,Erlotinib_vs._Erlotinib hydrochloride,Hallmark
29,prerank,p53 Pathway,0.20680065152618235,0.8397577882714573,0.8035714285714286,0.917789631293281,0.977,6/54,6.11%,PDGFA;KLF4;CDKN1A;RRP8;TNFSF9;CDK5R1,CD8 Central Memory,Erlotinib_vs._Erlotinib hydrochloride,Hallmark
30,prerank,Epithelial Mesenchymal Transition,-0.292132547457305,-0.8368331197732374,0.7245145631067961,0.8931462859683856,1.0,5/30,10.95%,THBS1;LRP1;LGALS1;CALU;NT5E,CD8 Central Memory,Erlotinib_vs._Erlotinib hydrochloride,Hallmark
31,prerank,Apical Junction,-0.267588414370748,-0.8038725534302309,0.7913340935005702,0.907197027691868,1.0,11/41,21.82%,SRC;CD274;CTNND1;SHC1;MAPK13;IKBKG;HRAS;PECAM1;PIK3R3;ITGA3;MAPK14,CD8 Central Memory,Erlotinib_vs._Erlotinib hydrochloride,Hallmark
32,prerank,Estrogen Response Early,-0.277892865126988,-0.7819899650040426,0.7827130852340937,0.9019469026548672,1.0,9/30,25.61%,WFS1;PEX11A;EGR3;SCARB1;SH3BP5;BCL2;IL6ST;FKBP4;MYC,CD8 Central Memory,Erlotinib_vs._Erlotinib hydrochloride,Hallmark
33,prerank,Androgen Response,0.24486081176671992,0.7430189838263438,0.82,0.9622143198785533,0.989,6/17,16.90%,MAP7;CCND3;ZMIZ1;APPBP2;B2M;INSIG1,CD8 Central Memory,Erlotinib_vs._Erlotinib hydrochloride,Hallmark
34,prerank,Spermatogenesis,0.24481707251761556,0.7304466692316576,0.7844827586206896,0.879842784952274,0.99,3/15,9.68%,MAP7;PARP2;MAST2,CD8 Central Memory,Erlotinib_vs._Erlotinib hydrochloride,Hallmark
35,prerank,UV Response Up,-0.2131162953706241,-0.6334913587318046,0.944640753828033,1.0,1.0,14/36,38.94%,POLG2;IRF1;TFRC;ACAA1;LYN;IL6ST;FKBP4;STK25;BID;ALAS1;YKT6;CDK2;NFKBIA;CLTB,CD8 Central Memory,Erlotinib_vs._Erlotinib hydrochloride,Hallmark
36,prerank,Apoptosis,-0.15336149452328524,-0.49367770202442285,0.9988925802879292,1.0,1.0,24/66,43.11%,IER3;HSPB1;TNF;EGR3;PSEN1;FASLG;IRF1;PAK1;WEE1;BID;IGF2R;PMAIP1;IFITM3;BAX;TNFRSF12A;CREBBP;ISG20;SATB1;CDK2;CASP8;TXNIP;LGALS3;HMGB2;CASP7,CD8 Central Memory,Erlotinib_vs._Erlotinib hydrochloride,Hallmark
37,prerank,DNA Repair,-0.13898588873972892,-0.3967690500470106,1.0,0.9992957099549867,1.0,5/31,24.80%,POLA1;HPRT1;RFC5;RAE1;POLD4,CD8 Central Memory,Erlotinib_vs._Erlotinib hydrochloride,Hallmark
0,prerank,Coagulation,-0.5440819685086155,-1.5007168127477275,0.03611738148984198,0.591087735521905,0.367,8/18,10.28%,THBS1;SH2B2;MMP9;PECAM1;CD9;CLU;LAMP2;LGMN,CD8 Central Memory,Gefitinib_vs._Gefitinib hydrochloride,Hallmark
1,prerank,E2F Targets,-0.3566977262595141,-1.3417037230925315,0.07159353348729793,0.921829846260548,0.775,22/71,18.32%,UNG;TIMELESS;CHEK1;CENPE;CDK1;EED;CKS1B;JPT1;RPA3;AURKA;MCM4;ZW10;STMN1;SUV39H1;CDC25B;DCK;DNMT1;SMC3;RPA2;TP53;POLD3;NCAPD2,CD8 Central Memory,Gefitinib_vs._Gefitinib hydrochloride,Hallmark
2,prerank,Fatty Acid Metabolism,-0.44977626104996105,-1.3040184851150296,0.1292372881355932,0.7662697953993759,0.842,8/22,16.46%,BPHL;CRYZ;CBR3;BLVRA;UGDH;HSD17B10;HSD17B11;NSDHL,CD8 Central Memory,Gefitinib_vs._Gefitinib hydrochloride,Hallmark
3,prerank,PI3K/AKT/mTOR  Signaling,-0.38290852198959013,-1.2951750206631276,0.12304250559284116,0.604438793203098,0.853,7/41,9.61%,CLTC;PIK3R3;RALB;NOD1;CDK1;PAK4;TRAF2,CD8 Central Memory,Gefitinib_vs._Gefitinib hydrochloride,Hallmark
4,prerank,Interferon Alpha Response,0.39894381221082104,1.2472772697613577,0.1387900355871886,1.0,0.929,10/35,18.91%,PSME2;CSF1;IFITM3;LAMP3;PLSCR1;IFIT2;OAS1;TXNIP;PSMB8;RIPK2,CD8 Central Memory,Gefitinib_vs._Gefitinib hydrochloride,Hallmark
5,prerank,Inflammatory Response,0.35621022848247824,1.2433220170114516,0.14616755793226383,1.0,0.937,19/57,22.71%,LYN;NOD2;CSF1;RGS1;IL18RAP;GNA15;ACVR2A;TNFSF9;CD40;OSM;LAMP3;ACVR1B;TLR2;RIPK2;CD69;IL2RB;TNFRSF1B;RAF1;NAMPT,CD8 Central Memory,Gefitinib_vs._Gefitinib hydrochloride,Hallmark
6,prerank,Cholesterol Homeostasis,-0.4065244148355473,-1.2002495762908743,0.23333333333333334,0.8061611374407583,0.959,13/24,29.11%,TNFRSF12A;CD9;CLU;LGMN;ATF5;NSDHL;CXCL16;PLAUR;GNAI1;TMEM97;HMGCR;FDFT1;LGALS3,CD8 Central Memory,Gefitinib_vs._Gefitinib hydrochloride,Hallmark
7,prerank,Epithelial Mesenchymal Transition,-0.36061154161674136,-1.15784483874439,0.2570093457943925,0.816437406080222,0.978,5/30,9.98%,THBS1;TNFRSF12A;COL1A1;GADD45B;ITGA5,CD8 Central Memory,Gefitinib_vs._Gefitinib hydrochloride,Hallmark
8,prerank,KRAS Signaling Up,-0.3452401505308278,-1.152228339037537,0.23820224719101124,0.7180094786729858,0.979,7/42,4.62%,CLEC4A;MAP7;IRF8;LY96;FCER1G;MMP9;PECAM1,CD8 Central Memory,Gefitinib_vs._Gefitinib hydrochloride,Hallmark
9,prerank,p53 Pathway,0.33571247317100783,1.1471434014971014,0.21611721611721613,1.0,0.988,18/54,20.92%,PDGFA;DDIT4;RAD51C;FOS;ATF3;ABHD4;KLF4;TNFSF9;MAPKAPK3;CGRRF1;RAD9A;ACVR1B;ABCC5;TXNIP;CYFIP2;FOXO3;HRAS;CCND2,CD8 Central Memory,Gefitinib_vs._Gefitinib hydrochloride,Hallmark
10,prerank,TNF-alpha Signaling via NF-kB,0.31478865389504174,1.1412022010828577,0.23599320882852293,1.0,0.99,16/75,15.64%,CSF1;VEGFA;CCL4;FOS;ATF3;NR4A1;KLF4;ID2;DUSP4;TNFSF9;FOSB;F2RL1;CEBPB;DUSP2;NFIL3;TLR2,CD8 Central Memory,Gefitinib_vs._Gefitinib hydrochloride,Hallmark
11,prerank,Hypoxia,0.34289548992968255,1.127533346865485,0.2727272727272727,0.9328727413276645,0.992,9/46,14.74%,GAA;DDIT4;TGFB3;VEGFA;FOS;ATF3;BNIP3L;CDKN1B;NFIL3,CD8 Central Memory,Gefitinib_vs._Gefitinib hydrochloride,Hallmark
12,prerank,G2-M Checkpoint,-0.3143407015229078,-1.1251754162043754,0.24572649572649571,0.7107921049589643,0.983,13/56,13.03%,CHEK1;CENPE;CENPF;CDK1;NUSAP1;CKS1B;CDC7;JPT1;AURKA;STMN1;SUV39H1;CDC25B;ATF5,CD8 Central Memory,Gefitinib_vs._Gefitinib hydrochloride,Hallmark
13,prerank,Spermatogenesis,-0.438540376332775,-1.1149709765639833,0.3210633946830266,0.6609447848032983,0.986,5/15,9.53%,MAP7;CDK1;PHKG2;IDE;AURKA,CD8 Central Memory,Gefitinib_vs._Gefitinib hydrochloride,Hallmark
14,prerank,UV Response Up,0.3437488020801629,1.1037499043454788,0.30245746691871456,0.8595274905787998,0.996,9/36,17.13%,LYN;PARP2;FOS;ATF3;NR4A1;FOSB;POLG2;EIF5;CASP3,CD8 Central Memory,Gefitinib_vs._Gefitinib hydrochloride,Hallmark
15,prerank,Allograft Rejection,0.2893125037343541,1.08855563763091,0.2774869109947644,0.7842579683337244,0.996,15/89,10.87%,LYN;CCR5;CD40LG;CSF1;IL11;CCL4;NCR1;AARS1;IL18RAP;CD4;FASLG;ACVR2A;ITGB2;CD40;IL2RA,CD8 Central Memory,Gefitinib_vs._Gefitinib hydrochloride,Hallmark
16,prerank,Myogenesis,0.38380655164848637,1.0281468420501707,0.42196531791907516,0.8690755145424679,0.999,2/18,2.98%,PSEN2;GAA,CD8 Central Memory,Gefitinib_vs._Gefitinib hydrochloride,Hallmark
17,prerank,Androgen Response,-0.3742928218281542,-1.025813717294016,0.4363256784968685,0.8571379031325859,0.999,7/17,26.36%,MAP7;CCND3;RRP12;APPBP2;AKT1;PTK2B;HMGCR,CD8 Central Memory,Gefitinib_vs._Gefitinib hydrochloride,Hallmark
18,prerank,IL-2/STAT5 Signaling,0.2981764868996513,1.022878050605744,0.4355716878402904,0.7891207953532816,0.999,16/62,21.00%,CCR4;CD79B;CSF1;CDC6;TNFRSF18;CTLA4;IFITM3;IL2RA;PRKCH;PLSCR1;NFIL3;CASP3;IL2RB;ICOS;CCND2;TNFRSF1B,CD8 Central Memory,Gefitinib_vs._Gefitinib hydrochloride,Hallmark
19,prerank,Complement,0.29059241155732773,1.0066586885477031,0.43386243386243384,0.752507488646246,0.999,15/63,17.13%,LYN;HSPA1A;CD40LG;LIPA;LRP1;F5;GATA3;DUSP6;CEBPB;CASP10;DPP4;PLSCR1;S100A13;ITGAM;CASP3,CD8 Central Memory,Gefitinib_vs._Gefitinib hydrochloride,Hallmark
20,prerank,Xenobiotic Metabolism,-0.3321153369951916,-1.002591432852239,0.452431289640592,0.8540263343176301,0.999,12/26,27.25%,IRF8;BPHL;ARPP19;UGDH;ABHD6;HPRT1;ADH5;NPC1;PPARD;ALAS1;TMEM97;FAS,CD8 Central Memory,Gefitinib_vs._Gefitinib hydrochloride,Hallmark
21,prerank,Estrogen Response Early,-0.31342262521675407,-0.9763929606826466,0.5032119914346895,0.8621546642006704,0.999,5/30,14.00%,WFS1;GAB2;MICB;FKBP4;RRP12,CD8 Central Memory,Gefitinib_vs._Gefitinib hydrochloride,Hallmark
22,prerank,Glycolysis,-0.281840640939652,-0.9329810918044062,0.5635103926096998,0.9226234405982412,1.0,12/39,16.83%,IER3;GFPT1;CDK1;AURKA;ME2;ARPP19;STMN1;FKBP4;GNPDA1;GALE;NSDHL;GLRX,CD8 Central Memory,Gefitinib_vs._Gefitinib hydrochloride,Hallmark
23,prerank,Estrogen Response Late,-0.28998009349922343,-0.9319648439826661,0.5711159737417943,0.8602762686394637,1.0,8/35,15.64%,WFS1;PTPN6;MICB;CD9;UGDH;FKBP4;GALE;HPRT1,CD8 Central Memory,Gefitinib_vs._Gefitinib hydrochloride,Hallmark
24,prerank,Apoptosis,0.257697393248732,0.9115622677864059,0.6106194690265486,0.9402050263969289,1.0,13/66,13.78%,PTK2;PSEN2;TOP2A;CD38;GNA15;ATF3;FASLG;DFFA;PAK1;IFITM3;BNIP3L;CDKN1B;FEZ1,CD8 Central Memory,Gefitinib_vs._Gefitinib hydrochloride,Hallmark
25,prerank,mTORC1 Signaling,-0.2599631808078498,-0.9111618344648255,0.6219239373601789,0.8562478326205063,1.0,20/55,26.81%,UNG;PIK3R3;PGM1;CD9;HSPA4;AURKA;LGMN;CFP;MCM4;TXNRD1;HPRT1;GLRX;UFM1;ACLY;GSK3B;XBP1;ERO1A;TMEM97;HMGCR;CCNF,CD8 Central Memory,Gefitinib_vs._Gefitinib hydrochloride,Hallmark
26,prerank,UV Response Dn,-0.3000006510382244,-0.9096549406726748,0.589010989010989,0.8064493989134204,1.0,6/29,15.56%,PIK3R3;COL1A1;ID1;ATP2C1;SMAD7;PIK3CD,CD8 Central Memory,Gefitinib_vs._Gefitinib hydrochloride,Hallmark
27,prerank,Pperoxisome,0.31704613410411064,0.8694350726309562,0.6666666666666666,0.9641108641736721,1.0,6/20,20.63%,TOP2A;PEX11A;SMARCC1;MVP;ABCC5;HRAS,CD8 Central Memory,Gefitinib_vs._Gefitinib hydrochloride,Hallmark
28,prerank,DNA Repair,-0.27407018738892397,-0.8692986837893171,0.7031578947368421,0.8512548702292152,1.0,11/31,19.96%,POLR1C;MPC2;NUDT9;RPA3;RALA;VPS28;RPA2;HPRT1;TP53;POLD3;GTF2A2,CD8 Central Memory,Gefitinib_vs._Gefitinib hydrochloride,Hallmark
29,prerank,Mitotic Spindle,-0.27184538261179525,-0.8633887638690431,0.7047413793103449,0.8173814202597003,1.0,9/32,18.47%,CENPE;CENPF;CDK1;NUSAP1;AURKA;NCK2;SMC3;ARHGEF2;ECT2,CD8 Central Memory,Gefitinib_vs._Gefitinib hydrochloride,Hallmark
30,prerank,heme Metabolism,-0.29103471819906723,-0.8566724088074105,0.6723768736616702,0.7867541933089572,1.0,10/23,31.35%,HEBP1;BLVRA;LAMP2;CCND3;SLC11A2;PPOX;CAST;KLF3;TFRC;XPO7,CD8 Central Memory,Gefitinib_vs._Gefitinib hydrochloride,Hallmark
31,prerank,Unfolded Protein Response,0.2809579008258338,0.8497387763926906,0.6886446886446886,0.9330370084066094,1.0,8/29,12.66%,DDIT4;VEGFA;ATF3;PDIA5;NOLC1;ATF6;CEBPB;IFIT1,CD8 Central Memory,Gefitinib_vs._Gefitinib hydrochloride,Hallmark
32,prerank,Apical Junction,-0.23613189158464665,-0.788201293544736,0.8434782608695652,0.8642989249797712,1.0,11/41,19.88%,PIK3R3;MMP9;PECAM1;SRC;ICAM1;MAP4K2;PIK3CB;MPZL1;MAPK11;LAMA3;CTNND1,CD8 Central Memory,Gefitinib_vs._Gefitinib hydrochloride,Hallmark
33,prerank,IL-6/JAK/STAT3 Signaling,0.25172995330937487,0.7878988926472195,0.7969924812030075,0.9843704705768673,1.0,9/36,18.54%,CD38;CSF1;IL2RA;MYD88;ACVR1B;TLR2;PTPN1;ITGA4;IL12RB1,CD8 Central Memory,Gefitinib_vs._Gefitinib hydrochloride,Hallmark
34,prerank,Myc Targets V1,0.2678287948396974,0.7721461133591625,0.7985212569316081,0.9440976583888944,1.0,5/25,16.23%,HDAC2;TYMS;NOLC1;C1QBP;SMARCC1,CD8 Central Memory,Gefitinib_vs._Gefitinib hydrochloride,Hallmark
35,prerank,Interferon Gamma Response,0.20733549312922925,0.7553144406749234,0.907103825136612,0.9086536138757368,1.0,22/79,23.38%,PSME2;CD38;XCL1;ARID5B;IFITM3;CD40;MYD88;IFIT1;PLSCR1;PSMB10;MVP;PTPN1;CASP3;IFIT2;TXNIP;PSMB8;RIPK2;CD69;IL2RB;NAMPT;STAT1;UBE2L6,CD8 Central Memory,Gefitinib_vs._Gefitinib hydrochloride,Hallmark
36,prerank,Adipogenesis,-0.20668312155210022,-0.6213955031267151,0.9625,0.9697144838746966,1.0,6/24,20.92%,PGM1;CHUK;SLC5A6;TANK;ACLY;SDHB,CD8 Central Memory,Gefitinib_vs._Gefitinib hydrochloride,Hallmark
37,prerank,Oxidative Phosphorylation,0.18010865151208721,0.5251719356182171,0.9864864864864865,0.9930911199149677,1.0,14/24,36.11%,ETFB;ATP1B1;CYCS;SUPV3L1;GPI;PDHX;NNT;BAX;DECR1;ACAA1;DLD;TOMM70;ECH1;CASP7,CD8 Central Memory,Gefitinib_vs._Gefitinib hydrochloride,Hallmark
0,prerank,TNF-alpha Signaling via NF-kB,-0.5762464839959388,-2.1504644825495154,0.0,0.0,0.0,36/75,20.18%,TNFSF9;EGR2;EGR3;ICAM1;FOS;IFIT2;EGR1;GADD45A;CSF1;RIPK2;IER5;TGIF1;NR4A1;FOSL1;TNF;CD69;BCL2A1;SLC2A6;REL;FOSL2;DUSP4;DUSP1;TLR2;CDKN1A;IRF1;KLF9;NFE2L2;TANK;NFKBIE;ATF3;FOSB;MYC;ZFP36;JUN;ID2;TIPARP,CD8 Central Memory,NVP-BSK805_vs._NVP-BSK805 2HCl,Hallmark
1,prerank,Androgen Response,-0.5808156771981601,-1.587511748778105,0.04603580562659847,0.29099501521331,0.244,8/17,21.59%,MAP7;INSIG1;ZMIZ1;APPBP2;CDK6;CCND3;RAB4A;HMGCR,CD8 Central Memory,NVP-BSK805_vs._NVP-BSK805 2HCl,Hallmark
2,prerank,IL-2/STAT5 Signaling,-0.3834780429956123,-1.3853949835490182,0.05236907730673317,0.7599318098444143,0.654,18/62,18.76%,CD79B;CDC6;IFITM3;IL18R1;CSF1;BCL2;CCR4;TNFRSF18;IKZF2;MAPKAPK2;EOMES;TIAM1;TNFSF10;CST7;IL2RA;ITGA6;CCND3;MYC,CD8 Central Memory,NVP-BSK805_vs._NVP-BSK805 2HCl,Hallmark
3,prerank,Estrogen Response Late,-0.41533020953037886,-1.3342047712815808,0.11483253588516747,0.7580921861850197,0.754,7/35,6.92%,CDC6;EGR3;WFS1;FOS;MEST;BCL2;SLC1A4,CD8 Central Memory,NVP-BSK805_vs._NVP-BSK805 2HCl,Hallmark
4,prerank,Estrogen Response Early,-0.4235850203940351,-1.2811239363823115,0.14432989690721648,0.8111736906842753,0.83,6/30,6.92%,PEX11A;EGR3;WFS1;FOS;BCL2;SLC1A4,CD8 Central Memory,NVP-BSK805_vs._NVP-BSK805 2HCl,Hallmark
5,prerank,Spermatogenesis,-0.4903678638080855,-1.2717910376445667,0.17511520737327188,0.7181221812218123,0.846,4/15,6.33%,CDK1;MAP7;AURKA;IL12RB2,CD8 Central Memory,NVP-BSK805_vs._NVP-BSK805 2HCl,Hallmark
6,prerank,Myogenesis,-0.4585954687564694,-1.2325451383319825,0.18246445497630331,0.7431123935299504,0.889,5/18,15.64%,PSEN2;RB1;GAA;CDKN1A;NOTCH1,CD8 Central Memory,NVP-BSK805_vs._NVP-BSK805 2HCl,Hallmark
7,prerank,UV Response Dn,-0.4044747275563937,-1.2240113531430705,0.20432692307692307,0.6795737036317732,0.896,11/29,18.76%,PIK3R3;KIT;ID1;INSIG1;ZMIZ1;DUSP1;TENT4A;ACVR2A;SMAD7;CDKN1B;MYC,CD8 Central Memory,NVP-BSK805_vs._NVP-BSK805 2HCl,Hallmark
8,prerank,Apical Junction,-0.3678900764128322,-1.2100075525289167,0.17560975609756097,0.6493314055947577,0.914,8/41,12.58%,GNAI1;PIK3R3;MAP3K20;ICAM1;INSIG1;MPZL1;PECAM1;GNAI2,CD8 Central Memory,NVP-BSK805_vs._NVP-BSK805 2HCl,Hallmark
9,prerank,G2-M Checkpoint,-0.33947119907143736,-1.1965532281765914,0.163727959697733,0.6255389395999224,0.927,9/56,6.63%,CDK1;CDC6;CHEK1;MCM2;AURKA;MAP3K20;MCM5;NUSAP1;CDK4,CD8 Central Memory,NVP-BSK805_vs._NVP-BSK805 2HCl,Hallmark
10,prerank,Fatty Acid Metabolism,0.4174442894207087,1.1904444770136218,0.23232323232323232,1.0,0.989,11/22,23.45%,ACAT2;ECH1;HADH;BLVRA;UBE2L6;PSME1;CBR1;NSDHL;HSD17B11;PCBD1;LGALS1,CD8 Central Memory,NVP-BSK805_vs._NVP-BSK805 2HCl,Hallmark
11,prerank,Apoptosis,-0.3305956063706846,-1.1899455431488462,0.16230366492146597,0.5863686388060052,0.932,16/66,16.98%,PSEN2;EGR3;IFITM3;GADD45A;FAS;TNF;CD69;CD38;CDK2;CDKN1A;HMGB2;IRF1;ATF3;TNFSF10;TNFRSF12A;SMAD7,CD8 Central Memory,NVP-BSK805_vs._NVP-BSK805 2HCl,Hallmark
12,prerank,DNA Repair,0.39348025960157756,1.1628774987105615,0.24328859060402686,0.8467166230656676,0.992,8/31,12.58%,RAD51;DDB2;VPS28;RFC5;PCNA;RPA3;POLR2I;POLA1,CD8 Central Memory,NVP-BSK805_vs._NVP-BSK805 2HCl,Hallmark
13,prerank,UV Response Up,-0.3437386633786586,-1.119333172035848,0.2807017543859649,0.7197945663667162,0.974,13/36,19.29%,LYN;ICAM1;FOS;ACAA1;PRKACA;NR4A1;FEN1;CDK2;IRF1;ATF3;FOSB;CCND3;PRKCD,CD8 Central Memory,NVP-BSK805_vs._NVP-BSK805 2HCl,Hallmark
14,prerank,Myc Targets V1,-0.38084962600914773,-1.1129079378202922,0.2942528735632184,0.6865012374820104,0.977,10/25,19.43%,MCM2;MCM5;CDK4;VDAC1;CDK2;TYMS;PSMD7;HSPD1;MYC;NOLC1,CD8 Central Memory,NVP-BSK805_vs._NVP-BSK805 2HCl,Hallmark
15,prerank,Unfolded Protein Response,-0.3557100928429736,-1.0910915019655143,0.31414868105515587,0.6938009229716358,0.981,6/29,6.92%,EIF4EBP1;WFS1;MTHFD2;FKBP14;BAG3;SLC1A4,CD8 Central Memory,NVP-BSK805_vs._NVP-BSK805 2HCl,Hallmark
16,prerank,E2F Targets,-0.28523545899932906,-1.0554323418411293,0.3435897435897436,0.7547139681923134,0.992,7/71,4.32%,CDK1;CDCA8;CHEK1;MCM2;AURKA;MTHFD2;MCM5,CD8 Central Memory,NVP-BSK805_vs._NVP-BSK805 2HCl,Hallmark
17,prerank,IL-6/JAK/STAT3 Signaling,-0.3280298252260955,-1.0438140575737684,0.37922705314009664,0.7420372887939406,0.994,10/36,16.83%,IL18R1;CSF1;FAS;TNF;CD38;TLR2;IRF1;PTPN1;TNFRSF12A;IL2RA,CD8 Central Memory,NVP-BSK805_vs._NVP-BSK805 2HCl,Hallmark
18,prerank,Mitotic Spindle,0.346420642450509,1.0426128336165172,0.4039408866995074,0.9284500214309996,1.0,4/32,4.02%,KIF11;TOP2A;CENPF;ARHGEF12,CD8 Central Memory,NVP-BSK805_vs._NVP-BSK805 2HCl,Hallmark
19,prerank,Glycolysis,-0.32256480030918594,-1.0311890321576576,0.39416058394160586,0.7316783384552112,0.994,6/39,14.74%,CDK1;AURKA;EXT1;ME2;GNPDA1;PGAM1,CD8 Central Memory,NVP-BSK805_vs._NVP-BSK805 2HCl,Hallmark
20,prerank,Hypoxia,-0.30468197664984376,-1.0180873175193792,0.43640897755610975,0.7245887371154414,0.995,15/46,22.19%,FOS;BCL2;EXT1;FOSL2;GAA;DUSP1;CDKN1A;ATF3;CDKN1B;ZFP36;JUN;MAP3K1;TIPARP;ERO1A;IER3,CD8 Central Memory,NVP-BSK805_vs._NVP-BSK805 2HCl,Hallmark
21,prerank,Pperoxisome,-0.37036770270606767,-1.0135523583858967,0.4482758620689655,0.6988105338117093,0.995,3/20,7.00%,PEX11A;ACAA1;ISOC1,CD8 Central Memory,NVP-BSK805_vs._NVP-BSK805 2HCl,Hallmark
22,prerank,Interferon Alpha Response,-0.3209380267305103,-1.0131968882880735,0.41353383458646614,0.6641710364472065,0.995,6/35,7.15%,PSME2;IFITM3;IFIT2;CSF1;RIPK2;OAS1,CD8 Central Memory,NVP-BSK805_vs._NVP-BSK805 2HCl,Hallmark
23,prerank,PI3K/AKT/mTOR  Signaling,-0.3000996171173402,-0.9851729218891384,0.4942263279445728,0.6979102121848286,0.997,8/41,14.07%,CDK1;PIK3R3;DUSP3;CDK4;RAF1;CDK2;TIAM1;CDKN1A,CD8 Central Memory,NVP-BSK805_vs._NVP-BSK805 2HCl,Hallmark
24,prerank,p53 Pathway,-0.2803510415551149,-0.982335297025611,0.4975728155339806,0.6733934803462867,0.997,13/54,15.93%,TNFSF9;FOS;COQ8A;PDGFA;GADD45A;IER5;FAS;RB1;ABHD4;ADA;CDKN1A;NOTCH1;ATF3,CD8 Central Memory,NVP-BSK805_vs._NVP-BSK805 2HCl,Hallmark
25,prerank,Xenobiotic Metabolism,0.3358642662023856,0.9570015277872479,0.5247863247863248,0.9300536513989272,1.0,9/26,19.73%,ABCC2;ECH1;CNDP2;TMEM97;DHRS7;ABHD6;CYFIP2;CAT;CBR1,CD8 Central Memory,NVP-BSK805_vs._NVP-BSK805 2HCl,Hallmark
26,prerank,Inflammatory Response,-0.26716910427675267,-0.9487182336645589,0.5623471882640587,0.7234301862469426,0.999,14/57,16.38%,TNFSF9;LYN;IL18R1;ICAM1;CSF1;RIPK2;CD69;RAF1;IL18RAP;TLR2;CDKN1A;IRF1;ACVR2A;TNFSF10,CD8 Central Memory,NVP-BSK805_vs._NVP-BSK805 2HCl,Hallmark
27,prerank,mTORC1 Signaling,-0.26780207320227467,-0.927250274051292,0.5947242206235012,0.7432079583953735,0.999,6/55,6.92%,PIK3R3;MCM2;AURKA;MTHFD2;INSIG1;SLC1A4,CD8 Central Memory,NVP-BSK805_vs._NVP-BSK805 2HCl,Hallmark
28,prerank,Coagulation,-0.34202043988117925,-0.9247080292881837,0.5362318840579711,0.7184566582507931,0.999,5/18,17.65%,DUSP6;DUSP14;PECAM1;DPP4;LRP1,CD8 Central Memory,NVP-BSK805_vs._NVP-BSK805 2HCl,Hallmark
29,prerank,Allograft Rejection,-0.22340588568516082,-0.8480939761803938,0.8071065989847716,0.8530707979144568,1.0,10/89,8.19%,NCR1;LYN;ICAM1;CSF1;IFNG;RIPK2;IL11;FAS;CCR5;TNF,CD8 Central Memory,NVP-BSK805_vs._NVP-BSK805 2HCl,Hallmark
30,prerank,Epithelial Mesenchymal Transition,0.27987579450208355,0.8254719725264406,0.770764119601329,1.0,1.0,3/30,3.57%,ITGA2;IL15;SGCB,CD8 Central Memory,NVP-BSK805_vs._NVP-BSK805 2HCl,Hallmark
31,prerank,Adipogenesis,0.2911071953816882,0.8248714998854672,0.7135593220338983,0.876254452474911,1.0,7/24,24.94%,ECH1;HADH;DNAJC15;DHRS7;CAT;REEP5;CHUK,CD8 Central Memory,NVP-BSK805_vs._NVP-BSK805 2HCl,Hallmark
32,prerank,KRAS Signaling Up,-0.24882767256804822,-0.8188900623197534,0.7549019607843137,0.8762554877010758,1.0,2/42,1.27%,DUSP6;MAP7,CD8 Central Memory,NVP-BSK805_vs._NVP-BSK805 2HCl,Hallmark
33,prerank,Cholesterol Homeostasis,-0.2745335590054563,-0.7726748882263105,0.8105515587529976,0.9238016628286584,1.0,1/24,0.37%,GNAI1,CD8 Central Memory,NVP-BSK805_vs._NVP-BSK805 2HCl,Hallmark
34,prerank,Interferon Gamma Response,-0.20453909811353915,-0.7607956536676671,0.9209183673469388,0.9076553197473899,1.0,16/79,16.38%,PSME2;IFITM3;ICAM1;MTHFD2;IFIT2;RIPK2;ISOC1;FAS;CD69;CD38;ST3GAL5;CDKN1A;IRF1;NLRC5;PTPN1;TNFSF10,CD8 Central Memory,NVP-BSK805_vs._NVP-BSK805 2HCl,Hallmark
35,prerank,Complement,-0.18963177823765962,-0.6794072284387382,0.967828418230563,0.961487667508254,1.0,8/63,12.58%,DUSP6;LYN;ITGAM;CALM3;GATA3;PIK3CG;RAF1;GNAI2,CD8 Central Memory,NVP-BSK805_vs._NVP-BSK805 2HCl,Hallmark
36,prerank,heme Metabolism,-0.22467797738902084,-0.6342024515448274,0.9529702970297029,0.9587622192011394,1.0,2/23,5.66%,SNCA;PPOX,CD8 Central Memory,NVP-BSK805_vs._NVP-BSK805 2HCl,Hallmark
37,prerank,Oxidative Phosphorylation,0.19574550178238126,0.5542019799408906,0.9787985865724381,0.9859442202811156,1.0,10/24,33.28%,ECH1;ATP6V1D;CASP7;TOMM70;PDHX;SLC25A3;OXA1L;SUPV3L1;NNT;HSD17B10,CD8 Central Memory,NVP-BSK805_vs._NVP-BSK805 2HCl,Hallmark
0,prerank,TNF-alpha Signaling via NF-kB,0.45622026619575234,1.8700403437804847,0.0,0.029597149904083315,0.012,25/75,17.20%,TNFSF9;EGR3;CCL4;ICAM1;KLF4;TNFRSF9;GADD45B;GADD45A;PLAUR;IFIT2;ATF3;DUSP4;JUN;BHLHE40;FOS;KLF9;RIPK2;IER5;EGR1;ID2;TLR2;TIPARP;MYC;DUSP1;CD69,CD8 Central Memory,Ruxolitinib_vs._Ruxolitinib phosphate,Hallmark
1,prerank,Unfolded Protein Response,0.5412256043292164,1.7747225065358454,0.0,0.04562893943546178,0.036,7/29,11.62%,PDIA5;FKBP14;BAG3;PDIA6;ATF3;DDIT4;WFS1,CD8 Central Memory,Ruxolitinib_vs._Ruxolitinib phosphate,Hallmark
2,prerank,Epithelial Mesenchymal Transition,0.5077277288856529,1.7299131121602858,0.00684931506849315,0.04850644012058098,0.058,11/30,16.01%,TNFRSF12A;THBS1;LAMA3;GADD45B;GADD45A;PLAUR;CD59;JUN;ID2;IL32;ITGB1,CD8 Central Memory,Ruxolitinib_vs._Ruxolitinib phosphate,Hallmark
3,prerank,Apoptosis,0.432546076039175,1.7102217834314082,0.0,0.04377911756645656,0.068,12/66,8.49%,TOP2A;TNFRSF12A;PTK2;EGR3;HMGB2;IFNGR1;GADD45B;GADD45A;APP;ATF3;PRF1;JUN,CD8 Central Memory,Ruxolitinib_vs._Ruxolitinib phosphate,Hallmark
4,prerank,p53 Pathway,0.4240490940020821,1.6361255471972276,0.0070921985815602835,0.06264730063030967,0.118,15/54,11.39%,TNFSF9;CDK5R1;KLF4;RXRA;GADD45A;APP;NOTCH1;ATF3;DDIT4;JUN;S100A4;ACVR1B;FOS;IER5;TRIB3,CD8 Central Memory,Ruxolitinib_vs._Ruxolitinib phosphate,Hallmark
5,prerank,Coagulation,0.5594335158575148,1.6349327017091608,0.018518518518518517,0.05220608385859139,0.118,4/18,11.24%,SH2B2;THBS1;S100A13;CTSH,CD8 Central Memory,Ruxolitinib_vs._Ruxolitinib phosphate,Hallmark
6,prerank,IL-2/STAT5 Signaling,0.39772780906945027,1.5999044321181723,0.008097165991902834,0.056727870649493015,0.144,31/62,24.13%,CCR4;BATF;TNFRSF9;CD79B;SPRED2;IFNGR1;GADD45B;IGF1R;ALCAM;SELL;BHLHE40;CST7;CTLA4;IRF4;IFITM3;IL10RA;ITGA6;MYC;IRF8;CD48;BCL2L1;RORA;SOCS1;IL2RA;IL2RB;CCND2;LTB;TIAM1;XBP1;PIM1;ICOS,CD8 Central Memory,Ruxolitinib_vs._Ruxolitinib phosphate,Hallmark
7,prerank,Estrogen Response Late,0.4035653151245094,1.4021425765005529,0.07017543859649122,0.19978076185256236,0.464,9/35,12.29%,TOP2A;EGR3;ETFB;KLF4;BATF;MAPK13;FOS;WFS1;ID2,CD8 Central Memory,Ruxolitinib_vs._Ruxolitinib phosphate,Hallmark
8,prerank,Complement,0.3395960494058624,1.3903499151534766,0.03278688524590164,0.19128528363935324,0.49,13/63,11.24%,GZMB;F5;CDK5R1;SRC;PLAUR;CD59;FCER1G;S100A13;IRF2;CTSS;LAP3;IRF7;CTSH,CD8 Central Memory,Ruxolitinib_vs._Ruxolitinib phosphate,Hallmark
9,prerank,Glycolysis,-0.44314039022735613,-1.3820027847347676,0.06847360912981455,0.7680848704395077,0.829,16/39,22.78%,SLC25A13;SPAG4;ME2;PMM2;ECD;CDK1;HS2ST1;NT5E;HMMR;GALE;SLC35A3;STMN1;GPC1;NSDHL;G6PD;MIF,CD8 Central Memory,Ruxolitinib_vs._Ruxolitinib phosphate,Hallmark
10,prerank,Spermatogenesis,0.4250441558732943,1.2350104309052798,0.1791044776119403,0.4146067415730337,0.801,3/15,4.62%,MAP7;PARP2;AURKA,CD8 Central Memory,Ruxolitinib_vs._Ruxolitinib phosphate,Hallmark
11,prerank,KRAS Signaling Up,0.33682490228690826,1.2296698186176207,0.1450381679389313,0.38521139041829644,0.806,13/42,17.35%,MAP7;KLF4;PLAUR;FCER1G;CTSS;PRDM1;ID2;SATB1;ATG10;IL10RA;LY96;IRF8;GLRX,CD8 Central Memory,Ruxolitinib_vs._Ruxolitinib phosphate,Hallmark
12,prerank,Cholesterol Homeostasis,0.3610738184606031,1.154630350657495,0.2588996763754045,0.516922444505344,0.889,7/24,12.88%,TNFRSF12A;GNAI1;ALCAM;PLAUR;ATF3;TRIB3;ACAT2,CD8 Central Memory,Ruxolitinib_vs._Ruxolitinib phosphate,Hallmark
13,prerank,Apical Junction,0.317112433881837,1.1525991604609445,0.23103448275862068,0.48190231254084365,0.89,7/41,7.37%,PTK2;PIK3R3;ICAM1;SRC;LAMA3;GNAI1;MAPK13,CD8 Central Memory,Ruxolitinib_vs._Ruxolitinib phosphate,Hallmark
14,prerank,Inflammatory Response,0.28791308085532447,1.1510681515657166,0.228,0.4501233214579337,0.893,19/57,18.17%,TNFSF9;NOD2;ICAM1;TNFRSF9;PLAUR;SELL;CXCR6;ACVR1B;IRF7;RIPK2;GNA15;LAMP3;IL10RA;RGS1;IL18RAP;TLR2;MYC;CD69;CD48,CD8 Central Memory,Ruxolitinib_vs._Ruxolitinib phosphate,Hallmark
15,prerank,Myogenesis,0.36528999361796055,1.0763694455374626,0.3765432098765432,0.5927651411345574,0.964,5/18,9.16%,GAA;GADD45B;APP;NOTCH1;BHLHE40,CD8 Central Memory,Ruxolitinib_vs._Ruxolitinib phosphate,Hallmark
16,prerank,heme Metabolism,-0.37062162022012235,-1.0421050852566114,0.40638606676342526,1.0,1.0,8/23,28.29%,PPOX;SLC25A37;ARHGEF12;NNT;SNCA;FBXO7;KLF3;PSMD9,CD8 Central Memory,Ruxolitinib_vs._Ruxolitinib phosphate,Hallmark
17,prerank,Xenobiotic Metabolism,-0.36090718248796205,-1.031995983051692,0.4281391830559758,1.0,1.0,8/26,23.68%,ABCC2;ABHD6;UGDH;PSMB10;NPC1;NMT1;ECH1;ALAS1,CD8 Central Memory,Ruxolitinib_vs._Ruxolitinib phosphate,Hallmark
18,prerank,Allograft Rejection,0.23347875737790502,0.9981467112841138,0.43478260869565216,0.7681385311044122,0.991,11/89,8.41%,GZMB;CD4;CCL4;ICAM1;CCR5;IFNGR1;CFP;IFNG;CSK;PRF1;CTSS,CD8 Central Memory,Ruxolitinib_vs._Ruxolitinib phosphate,Hallmark
19,prerank,Hypoxia,0.2619184718913904,0.9787022018912187,0.48854961832061067,0.7769251849821869,0.995,9/46,10.65%,GAA;EXT1;PLAUR;ATF3;DDIT4;JUN;BHLHE40;S100A4;FOS,CD8 Central Memory,Ruxolitinib_vs._Ruxolitinib phosphate,Hallmark
20,prerank,Estrogen Response Early,-0.32074113995227305,-0.9597403164794155,0.5277382645803699,1.0,1.0,3/30,2.16%,PEX11A;MUC1;MICB,CD8 Central Memory,Ruxolitinib_vs._Ruxolitinib phosphate,Hallmark
21,prerank,PI3K/AKT/mTOR  Signaling,-0.2968422117161704,-0.941935256856399,0.5712270803949224,1.0,1.0,18/41,37.38%,CLTC;ATF1;NFKBIB;CDK1;SMAD2;TBK1;GSK3B;STAT2;CDKN1B;CDK4;PAK4;MKNK1;RAF1;LCK;MAPK9;CDK2;VAV3;NOD1,CD8 Central Memory,Ruxolitinib_vs._Ruxolitinib phosphate,Hallmark
22,prerank,UV Response Up,0.26553494693831353,0.937861616296749,0.5345454545454545,0.84392984379282,0.996,6/36,14.37%,ICAM1;PARP2;ATF3;FOS;SLC25A4;DNAJB1,CD8 Central Memory,Ruxolitinib_vs._Ruxolitinib phosphate,Hallmark
23,prerank,Oxidative Phosphorylation,0.28057333413855384,0.9089076548979784,0.609375,0.8783084046097704,0.997,8/24,19.66%,ETFB;ATP1B1;DECR1;CYCS;SLC25A4;ATP6V0B;ATP6V1D;VDAC1,CD8 Central Memory,Ruxolitinib_vs._Ruxolitinib phosphate,Hallmark
24,prerank,Mitotic Spindle,0.2587199055221984,0.8858581261681514,0.647887323943662,0.8926007125239791,0.997,4/32,4.62%,TOP2A;KIF11;KIF23;AURKA,CD8 Central Memory,Ruxolitinib_vs._Ruxolitinib phosphate,Hallmark
25,prerank,G2-M Checkpoint,-0.25294988596661405,-0.8558551882072614,0.7341430499325237,1.0,1.0,20/56,26.88%,CHEK1;NDC80;CCNF;ATF5;SMAD3;CENPF;CENPE;CDK1;LBR;HMMR;CDC7;STMN1;CDKN1B;SMC1A;CASP8AP2;KIF20B;HIF1A;CDK4;JPT1;SMARCC1,CD8 Central Memory,Ruxolitinib_vs._Ruxolitinib phosphate,Hallmark
26,prerank,Androgen Response,0.2881024359464367,0.8384555648210562,0.7098591549295775,0.960497983792037,0.999,3/17,11.91%,MAP7;MAF;RAB4A,CD8 Central Memory,Ruxolitinib_vs._Ruxolitinib phosphate,Hallmark
27,prerank,Pperoxisome,0.27337089516366236,0.8295742100550968,0.7009966777408638,0.9344403198883878,0.999,1/20,0.22%,TOP2A,CD8 Central Memory,Ruxolitinib_vs._Ruxolitinib phosphate,Hallmark
28,prerank,E2F Targets,0.20320706905069125,0.8077410671116227,0.8771186440677966,0.9350983592884293,1.0,13/71,13.18%,TOP2A;CDCA8;AURKA;HMGB2;NCAPD2;CTCF;CKS2;EED;ANP32E;TIMELESS;LIG1;TIPIN;MCM2,CD8 Central Memory,Ruxolitinib_vs._Ruxolitinib phosphate,Hallmark
29,prerank,Adipogenesis,0.2544164605876764,0.8001348723520716,0.751412429378531,0.9075431625102768,1.0,4/24,9.01%,ETFB;IFNGR1;GADD45A;DECR1,CD8 Central Memory,Ruxolitinib_vs._Ruxolitinib phosphate,Hallmark
30,prerank,Myc Targets V1,0.21955980226840377,0.7155819169272442,0.9005847953216374,0.980652233488627,1.0,7/25,19.66%,TFDP1;HSPD1;MCM2;MYC;HDAC2;HPRT1;VDAC1,CD8 Central Memory,Ruxolitinib_vs._Ruxolitinib phosphate,Hallmark
31,prerank,Interferon Alpha Response,-0.22613551407817462,-0.7007421094673992,0.8939828080229226,1.0,1.0,8/35,20.40%,HERC6;PLSCR1;OAS1;PSME2;CSF1;PSME1;STAT2;CASP8,CD8 Central Memory,Ruxolitinib_vs._Ruxolitinib phosphate,Hallmark
32,prerank,IL-6/JAK/STAT3 Signaling,0.19263332300833996,0.6897058554077733,0.9537953795379538,0.9661761915804119,1.0,4/36,10.13%,TNFRSF12A;IFNGR1;JUN;ACVR1B,CD8 Central Memory,Ruxolitinib_vs._Ruxolitinib phosphate,Hallmark
33,prerank,UV Response Dn,-0.22812982126585712,-0.6719307826069205,0.9201680672268907,1.0,1.0,3/29,6.11%,KIT;SMAD3;MTA1,CD8 Central Memory,Ruxolitinib_vs._Ruxolitinib phosphate,Hallmark
34,prerank,mTORC1 Signaling,-0.19018847913920744,-0.6375300344546099,0.9691516709511568,1.0,1.0,12/55,23.08%,CCNF;UNG;NFKBIB;HMGCR;TBK1;GSK3B;HMGCS1;PGM1;TXNRD1;NMT1;G6PD;MCM4,CD8 Central Memory,Ruxolitinib_vs._Ruxolitinib phosphate,Hallmark
35,prerank,DNA Repair,0.1828602988474827,0.6206730384946977,0.974910394265233,0.971499040833105,1.0,3/31,8.19%,RAD51;POLA1;POLB,CD8 Central Memory,Ruxolitinib_vs._Ruxolitinib phosphate,Hallmark
36,prerank,Fatty Acid Metabolism,-0.21644809723653635,-0.5909632862249111,0.9564564564564565,1.0,1.0,6/22,22.78%,UGDH;HMGCS1;PSME1;NSDHL;ECH1;MIF,CD8 Central Memory,Ruxolitinib_vs._Ruxolitinib phosphate,Hallmark
37,prerank,Interferon Gamma Response,-0.15403504852326919,-0.5509186582992143,1.0,0.9856208183935238,1.0,13/79,20.40%,HERC6;PLSCR1;CD40;PSME2;OAS3;JAK2;PSMB10;PSME1;IL15RA;XCL1;ST3GAL5;STAT2;CASP8,CD8 Central Memory,Ruxolitinib_vs._Ruxolitinib phosphate,Hallmark
0,prerank,E2F Targets,-0.4344180282640514,-1.5312661623083288,0.01488095238095238,0.33808982615650124,0.379,16/71,13.92%,CENPE;CHEK2;TOP2A;CHEK1;ATAD2;RAD51C;PLK1;PCNA;AURKA;MCM6;UNG;MCM2;CBX5;CKS2;TIMELESS;UBR7,CD8 Central Memory,Tofacitinib citrate_vs._Tofacitinib,Hallmark
1,prerank,G2-M Checkpoint,-0.4382170845039096,-1.492422209432064,0.024279210925644917,0.23403628404259796,0.479,14/56,11.69%,CENPE;TOP2A;CHEK1;NDC80;PLK1;CDC7;TFDP1;ABL1;AURKA;MCM6;MCM2;MAP3K20;CKS2;ATF5,CD8 Central Memory,Tofacitinib citrate_vs._Tofacitinib,Hallmark
2,prerank,Estrogen Response Early,0.4674353433103047,1.4867108114123198,0.05665024630541872,0.7723092045215193,0.377,4/30,2.01%,SCARB1;MICB;WFS1;KLF4,CD8 Central Memory,Tofacitinib citrate_vs._Tofacitinib,Hallmark
3,prerank,Oxidative Phosphorylation,-0.5015132107224863,-1.4467990715908827,0.05490848585690516,0.2260667031471426,0.617,12/24,23.68%,ECH1;CASP7;DLD;OXA1L;ETFB;DECR1;SDHB;ATP6V0B;VDAC1;ATP1B1;ACAA1;SLC25A4,CD8 Central Memory,Tofacitinib citrate_vs._Tofacitinib,Hallmark
4,prerank,Mitotic Spindle,-0.4806280650453979,-1.4355202090415193,0.05229793977812995,0.18588205581512818,0.648,10/32,9.75%,CENPE;TOP2A;NET1;NDC80;PLK1;ABL1;NCK2;AURKA;NCK1;HDAC6,CD8 Central Memory,Tofacitinib citrate_vs._Tofacitinib,Hallmark
5,prerank,Epithelial Mesenchymal Transition,0.44682110574698564,1.4298308579723795,0.050666666666666665,0.5498841536193217,0.491,11/30,19.36%,LRP1;VEGFA;COL1A1;GADD45B;ITGB1;IGFBP3;TNFRSF12A;MEST;CD59;LAMA3;THBS1,CD8 Central Memory,Tofacitinib citrate_vs._Tofacitinib,Hallmark
6,prerank,Myogenesis,0.5007272660371977,1.4280444503424867,0.09732360097323602,0.37225303657937237,0.493,6/18,10.87%,COL1A1;GAA;GADD45B;PSEN2;ITGB1;IGFBP3,CD8 Central Memory,Tofacitinib citrate_vs._Tofacitinib,Hallmark
7,prerank,TNF-alpha Signaling via NF-kB,0.36303177755123167,1.4142956557685398,0.011461318051575931,0.3000421259566103,0.509,20/75,15.19%,ICAM1;VEGFA;KLF4;TNF;CCL4;SLC2A6;GADD45B;TLR2;IER5;NFIL3;EGR2;TNFRSF9;CD83;RELA;EGR3;NFE2L2;IFIT2;SMAD3;IFIH1;BCL6,CD8 Central Memory,Tofacitinib citrate_vs._Tofacitinib,Hallmark
8,prerank,Pperoxisome,-0.5112572197441814,-1.388872437870758,0.08121827411167512,0.2083764785115966,0.773,5/20,7.59%,PEX11A;TOP2A;ABCC5;ECH1;CDK7,CD8 Central Memory,Tofacitinib citrate_vs._Tofacitinib,Hallmark
9,prerank,Estrogen Response Late,0.41624337378679266,1.3725430240517118,0.08488063660477453,0.31541107912658856,0.623,13/35,17.94%,SCARB1;MICB;PTPN6;WFS1;KLF4;UGDH;LSR;FKBP4;EGR3;BATF;MEST;FDFT1;MAPK13,CD8 Central Memory,Tofacitinib citrate_vs._Tofacitinib,Hallmark
10,prerank,Coagulation,0.48071358151343657,1.3448942321143067,0.10741687979539642,0.31587446464930147,0.678,5/18,11.54%,CTSH;LRP1;DUSP14;MMP9;DUSP6,CD8 Central Memory,Tofacitinib citrate_vs._Tofacitinib,Hallmark
11,prerank,Allograft Rejection,0.30148760184162876,1.2134513864036156,0.12698412698412698,0.5509874524829239,0.903,14/89,9.98%,CD40;ICAM1;PTPN6;CFP;IL12A;DYRK3;TNF;CCL4;IL11;TLR2;MMP9;IRF8;TLR1;CSK,CD8 Central Memory,Tofacitinib citrate_vs._Tofacitinib,Hallmark
12,prerank,Myc Targets V1,-0.4032380456281839,-1.172122215647002,0.2601626016260163,0.6176986432069145,0.995,7/25,22.71%,PCNA;TFDP1;MCM6;MCM2;CDK2;VDAC1;RNPS1,CD8 Central Memory,Tofacitinib citrate_vs._Tofacitinib,Hallmark
13,prerank,Unfolded Protein Response,0.36212160888926354,1.1661815076747577,0.2506393861892583,0.6141788948957383,0.948,5/29,6.70%,IFIT1;WFS1;VEGFA;EIF4EBP1;TATDN2,CD8 Central Memory,Tofacitinib citrate_vs._Tofacitinib,Hallmark
14,prerank,IL-2/STAT5 Signaling,0.295466241807609,1.1145782534654853,0.23699421965317918,0.6828929610646945,0.978,11/62,10.20%,CD79B;GADD45B;CD81;ALCAM;EOMES;NFIL3;IRF8;TNFRSF9;CD48;CD83;MAPKAPK2,CD8 Central Memory,Tofacitinib citrate_vs._Tofacitinib,Hallmark
15,prerank,Inflammatory Response,-0.330042552247358,-1.1120338068185907,0.29984051036682613,0.6924395215846156,0.999,14/57,14.59%,TNFSF9;TLR3;CXCR6;IRAK2;IL18R1;SELL;IL4R;SLAMF1;ACVR2A;GNA15;PLAUR;RIPK2;NAMPT;RGS1,CD8 Central Memory,Tofacitinib citrate_vs._Tofacitinib,Hallmark
16,prerank,PI3K/AKT/mTOR  Signaling,-0.3495209967148319,-1.109682359697899,0.3004694835680751,0.6127036241949742,0.999,16/41,22.93%,CLTC;NOD1;ECSIT;GSK3B;NCK1;PIN1;CDK2;MAPK8;VAV3;TRAF2;CDKN1B;MKNK1;AKT1;LCK;MYD88;FASLG,CD8 Central Memory,Tofacitinib citrate_vs._Tofacitinib,Hallmark
17,prerank,Adipogenesis,0.3561675962372166,1.0926386332129645,0.31725888324873097,0.6797865618198413,0.983,9/24,19.96%,SCARB1;DHRS7;SLC5A6;SQOR;HADH;ACLY;BCL6;CHUK;VEGFB,CD8 Central Memory,Tofacitinib citrate_vs._Tofacitinib,Hallmark
18,prerank,Hypoxia,0.3089742214359983,1.084809600463877,0.3005464480874317,0.6390507617777154,0.987,5/46,4.47%,SCARB1;VEGFA;SLC37A4;EXT1;GAA,CD8 Central Memory,Tofacitinib citrate_vs._Tofacitinib,Hallmark
19,prerank,Androgen Response,0.3814918077615534,1.0699561913441484,0.3656716417910448,0.6238971190526341,0.99,6/17,20.63%,MAP7;HMGCS1;HMGCR;PTK2B;CCND3;MAF,CD8 Central Memory,Tofacitinib citrate_vs._Tofacitinib,Hallmark
20,prerank,Spermatogenesis,0.38442309818780074,1.0491250971479378,0.3934010152284264,0.627946791676343,0.993,5/15,10.42%,MAP7;IDE;CDK1;MAST2;IL12RB2,CD8 Central Memory,Tofacitinib citrate_vs._Tofacitinib,Hallmark
21,prerank,Apical Junction,0.29196577048565864,1.0268229099834247,0.39766081871345027,0.636934433957533,0.994,12/41,18.02%,ICAM1;GNAI1;ITGA3;MMP9;ITGB1;HADH;PIK3R3;RAC2;FYB1;LAMA3;MAPK13;RASA1,CD8 Central Memory,Tofacitinib citrate_vs._Tofacitinib,Hallmark
22,prerank,Complement,-0.2910448401157441,-1.0221990507410623,0.40718562874251496,0.7596918802879151,1.0,21/63,25.69%,CD40LG;CASP7;SRC;GNAI2;GZMA;CLU;PIK3CG;XPNPEP1;S100A13;ITGAM;LAP3;PLAUR;CASP3;PSMB9;GZMK;DOCK9;LCK;CASP10;CR1;DPP4;JAK2,CD8 Central Memory,Tofacitinib citrate_vs._Tofacitinib,Hallmark
23,prerank,KRAS Signaling Up,0.28727966280360584,0.9973859297295069,0.4864864864864865,0.6675840763884013,0.996,9/42,12.51%,KLF4;FCER1G;MAP7;MMP9;PRDM1;IRF8;IGFBP3;DUSP6;KIF5C,CD8 Central Memory,Tofacitinib citrate_vs._Tofacitinib,Hallmark
24,prerank,Interferon Gamma Response,0.24867761797521631,0.969673952508585,0.55,0.6956575159727585,1.0,14/79,14.89%,IFIT1;CD40;ICAM1;PTPN6;BST2;PTPN1;IRF8;IFI35;ISOC1;HERC6;ST3GAL5;IFIT2;IFITM2;IFIH1,CD8 Central Memory,Tofacitinib citrate_vs._Tofacitinib,Hallmark
25,prerank,p53 Pathway,0.25799188341691204,0.959393644253443,0.5304347826086957,0.6793595202596941,1.0,8/54,8.27%,KLF4;MAPKAPK3;ABHD4;TRIB3;CD81;COQ8A;IER5;CGRRF1,CD8 Central Memory,Tofacitinib citrate_vs._Tofacitinib,Hallmark
26,prerank,DNA Repair,-0.3182041077178086,-0.9527169287282498,0.5394524959742351,0.8663720166687714,1.0,12/31,32.61%,PCNA;POLR1C;RAD51;POLD3;POLR2I;POLA1;MPC2;PNP;RBX1;PRIM1;RPA3;FEN1,CD8 Central Memory,Tofacitinib citrate_vs._Tofacitinib,Hallmark
27,prerank,Fatty Acid Metabolism,-0.3433866550422223,-0.9490577319005945,0.5363036303630363,0.7964886904146912,1.0,9/22,23.31%,ECH1;DLD;ACAT2;DECR1;PCBD1;HSD17B11;ACAA1;CBR3;UBE2L6,CD8 Central Memory,Tofacitinib citrate_vs._Tofacitinib,Hallmark
28,prerank,Glycolysis,0.27390242757377814,0.9429303133297064,0.5583756345177665,0.6779158573022226,1.0,9/39,11.84%,VEGFA;SLC37A4;EXT1;CDK1;PMM2;FKBP4;IGFBP3;SPAG4;HMMR,CD8 Central Memory,Tofacitinib citrate_vs._Tofacitinib,Hallmark
29,prerank,Interferon Alpha Response,-0.3019250187979411,-0.9274559383811669,0.5726643598615917,0.7778759944437429,1.0,5/35,13.63%,OAS1;SELL;IL4R;LAP3;RIPK2,CD8 Central Memory,Tofacitinib citrate_vs._Tofacitinib,Hallmark
30,prerank,UV Response Dn,0.2871701546809277,0.9071261182153472,0.6299212598425197,0.7169468289131872,1.0,6/29,14.52%,ID1;COL1A1;DMAC2L;PIK3R3;SMAD3;RXRA,CD8 Central Memory,Tofacitinib citrate_vs._Tofacitinib,Hallmark
31,prerank,Xenobiotic Metabolism,0.297236909368595,0.9064790875959725,0.6028368794326241,0.6819490275925015,1.0,9/26,15.79%,DHRS7;PGRMC1;ADH5;BPHL;IRF8;UGDH;ALAS1;TNFRSF1A;ABHD6,CD8 Central Memory,Tofacitinib citrate_vs._Tofacitinib,Hallmark
32,prerank,mTORC1 Signaling,0.23400557721271775,0.8784298204399269,0.6885714285714286,0.7028013761145826,1.0,12/55,16.23%,NFKBIB;CFP;SLC37A4;TRIB3;TXNRD1;NFIL3;PIK3R3;HMGCS1;ACLY;HMGCR;ITGB2;TBK1,CD8 Central Memory,Tofacitinib citrate_vs._Tofacitinib,Hallmark
33,prerank,Apoptosis,-0.24242860571426733,-0.8451524208126949,0.7503875968992249,0.8863590002622709,1.0,23/66,33.06%,TOP2A;CASP7;CLU;PTK2;GNA15;CDK2;CASP3;IGF2R;SATB1;CDKN1B;ATF3;BNIP3L;FASLG;TXNIP;PRF1;SMAD7;PAK1;CDKN1A;FAS;ANXA1;BID;CDC25B;DFFA,CD8 Central Memory,Tofacitinib citrate_vs._Tofacitinib,Hallmark
34,prerank,Cholesterol Homeostasis,-0.2848926180288376,-0.8004987685771348,0.750402576489533,0.9037697159934817,1.0,6/24,13.55%,ECH1;TMEM97;CLU;ACAT2;ATF5;PLAUR,CD8 Central Memory,Tofacitinib citrate_vs._Tofacitinib,Hallmark
35,prerank,IL-6/JAK/STAT3 Signaling,0.23081633418724107,0.7802272595889999,0.8434343434343434,0.8284069367408552,1.0,13/36,25.32%,TNF;TLR2;PTPN1;TYK2;TNFRSF1A;TNFRSF12A;STAT1;IL15RA;ITGA4;CD38;TNFRSF1B;IL10RB;LTB,CD8 Central Memory,Tofacitinib citrate_vs._Tofacitinib,Hallmark
36,prerank,UV Response Up,-0.23441352679395208,-0.7279755569445677,0.8885135135135135,0.9419371132718778,1.0,15/36,32.61%,PARP2;CDK2;IL6ST;CASP3;DNAJB1;POLG2;PRKACA;ATF3;ACAA1;SLC25A4;RPN1;ABCB1;EIF5;BID;FEN1,CD8 Central Memory,Tofacitinib citrate_vs._Tofacitinib,Hallmark
37,prerank,heme Metabolism,-0.25676366709705245,-0.7251874350624055,0.8643790849673203,0.8865597508102875,1.0,2/23,5.73%,SNCA;ABCB6,CD8 Central Memory,Tofacitinib citrate_vs._Tofacitinib,Hallmark
0,prerank,Glycolysis,-0.5048016127849958,-1.5436056433663,0.015625,0.40638738039824157,0.344,17/41,25.21%,VEGFA;CDK1;GPC1;PGAM1;PMM2;ECD;SLC25A13;B3GAT1;ABCB6;STMN1;SPAG4;HMMR;GLRX;SLC37A4;GFPT1;IER3;DLD,CD8 Effector Memory,Afatinib_vs._Afatinib dimaleate,Hallmark
1,prerank,Apical Junction,-0.5157881907420134,-1.5398666747501022,0.023086269744835967,0.21133953969485392,0.353,8/37,6.40%,MPZL1;CDH1;EPB41L2;ITGA3;MAPK11;PIK3R3;SORBS3;AKT2,CD8 Effector Memory,Afatinib_vs._Afatinib dimaleate,Hallmark
2,prerank,Epithelial Mesenchymal Transition,-0.49129265449490944,-1.4239834252749435,0.06161745827984596,0.4235841737781226,0.725,9/31,17.76%,VEGFA;GPC1;THBS1;PLAUR;JUN;GADD45B;CALU;IL15;FAS,CD8 Effector Memory,Afatinib_vs._Afatinib dimaleate,Hallmark
3,prerank,PI3K/AKT/mTOR  Signaling,-0.4508931645801055,-1.3823600528944684,0.07664670658682635,0.44960563744504783,0.843,20/41,31.98%,CLTC;CDK1;STAT2;PIK3R3;RAF1;CDKN1A;MAP3K7;NFKBIB;CDK2;MYD88;MAPK8;MKNK1;TRAF2;VAV3;GSK3B;NCK1;LCK;ATF1;MAPK9;FASLG,CD8 Effector Memory,Afatinib_vs._Afatinib dimaleate,Hallmark
4,prerank,Hypoxia,-0.3896169892527265,-1.2296959013515274,0.16547619047619047,1.0,0.987,17/48,24.83%,VEGFA;GPC1;SCARB1;PLAUR;CDKN1A;JMJD6;JUN;BNIP3L;KDM3A;HK1;ATF3;GLRX;SLC37A4;IER3;BCL2;NR3C1;ZFP36,CD8 Effector Memory,Afatinib_vs._Afatinib dimaleate,Hallmark
5,prerank,Spermatogenesis,-0.48901548264036193,-1.2208075564582301,0.205607476635514,0.8734160848202741,0.989,6/15,26.26%,CDK1;IDE;MTOR;PARP2;PSMG1;TOPBP1,CD8 Effector Memory,Afatinib_vs._Afatinib dimaleate,Hallmark
6,prerank,DNA Repair,-0.41470142568266793,-1.2122069529253945,0.2066326530612245,0.7812257564003103,0.991,11/31,28.52%,POLD4;HPRT1;NUDT9;ADA;DDB2;POLD3;PRIM1;PNP;VPS28;RNMT;TYMS,CD8 Effector Memory,Afatinib_vs._Afatinib dimaleate,Hallmark
7,prerank,heme Metabolism,-0.44912344198933185,-1.2066409275983727,0.2108667529107374,0.7047291181794673,0.993,8/22,29.04%,PPOX;SLC25A37;LRP10;ABCB6;BNIP3L;NR3C1;SLC11A2;FOXO3,CD8 Effector Memory,Afatinib_vs._Afatinib dimaleate,Hallmark
8,prerank,IL-6/JAK/STAT3 Signaling,-0.4049719259695377,-1.1965238730693124,0.21744471744471744,0.6613222998017412,0.995,10/36,19.19%,STAT2;ACVR1B;CSF1;IL18R1;TNF;PTPN1;JUN;IL15RA;FAS;MYD88,CD8 Effector Memory,Afatinib_vs._Afatinib dimaleate,Hallmark
9,prerank,Mitotic Spindle,-0.40729767077474377,-1.191247013458632,0.22358722358722358,0.6123868632014482,0.996,9/33,9.18%,CDK1;EPB41L2;NCK2;NUSAP1;CEP57;ECT2;PCM1;NET1;SMC3,CD8 Effector Memory,Afatinib_vs._Afatinib dimaleate,Hallmark
10,prerank,Myogenesis,-0.4434958589937026,-1.1646999765877832,0.2646276595744681,0.6343066036626936,0.998,7/18,16.10%,PSEN2;SORBS3;AKT2;CDKN1A;CLU;RB1;GADD45B,CD8 Effector Memory,Afatinib_vs._Afatinib dimaleate,Hallmark
11,prerank,Coagulation,-0.4587235934886619,-1.1275430257618535,0.33651226158038144,0.6926234807344196,0.998,5/15,16.03%,LGMN;THBS1;CLU;CSRP1;DUSP6,CD8 Effector Memory,Afatinib_vs._Afatinib dimaleate,Hallmark
12,prerank,Androgen Response,0.38080731150038083,1.1211908162099788,0.26609442060085836,1.0,0.823,16/16,62.38%,HMGCS1;CDK6;MAF;RRP12;B2M;ZMIZ1;CCND3;INSIG1;PTK2B;UBE2J1;APPBP2;AKT1;ARID5B;TMEM50A;RAB4A;HMGCR,CD8 Effector Memory,Afatinib_vs._Afatinib dimaleate,Hallmark
13,prerank,Complement,-0.3390782304606649,-1.1045782407654339,0.32796317606444186,0.7068090947066896,0.999,18/61,22.27%,TIMP2;LGMN;PLAUR;LIPA;PRKCD;RAF1;CLU;CSRP1;CEBPB;PLSCR1;CD46;CASP3;DUSP6;PRCP;STX4;JAK2;PIK3CG;PSEN1,CD8 Effector Memory,Afatinib_vs._Afatinib dimaleate,Hallmark
14,prerank,Pperoxisome,-0.4105517196343305,-1.0854362899652121,0.36540962288686607,0.7095293509180243,1.0,5/20,21.52%,PEX11A;IDE;ITGB1BP1;CDK7;FIS1,CD8 Effector Memory,Afatinib_vs._Afatinib dimaleate,Hallmark
15,prerank,Cholesterol Homeostasis,-0.4045571991893147,-1.0744084037479669,0.37292464878671777,0.6910093957417465,1.0,5/22,13.32%,ATF5;LGMN;PLAUR;CLU;PLSCR1,CD8 Effector Memory,Afatinib_vs._Afatinib dimaleate,Hallmark
16,prerank,Inflammatory Response,-0.31083142965473404,-1.017140737684889,0.4367816091954023,0.7989155029738816,1.0,15/59,22.72%,PLAUR;ACVR1B;ACVR2A;RAF1;CDKN1A;TNFSF9;CSF1;IL18R1;NAMPT;OSM;IL15RA;IL15;NOD2;PSEN1;IL18RAP,CD8 Effector Memory,Afatinib_vs._Afatinib dimaleate,Hallmark
17,prerank,IL-2/STAT5 Signaling,0.23473503657636602,0.9872231548640497,0.4782608695652174,1.0,0.952,7/61,6.02%,FAH;CCR4;SPRED2;IGF1R;MYC;BATF;SELL,CD8 Effector Memory,Afatinib_vs._Afatinib dimaleate,Hallmark
18,prerank,Apoptosis,-0.2945238322514578,-0.9831411158191963,0.5226244343891403,0.8382771262112293,1.0,18/67,23.02%,TIMP2;PSEN2;IFITM3;CDKN1A;FEZ1;CLU;SATB1;TNF;CASP3;JUN;BNIP3L;GADD45B;FAS;CDK2;ATF3;DNM1L;PSEN1;IER3,CD8 Effector Memory,Afatinib_vs._Afatinib dimaleate,Hallmark
19,prerank,Xenobiotic Metabolism,0.2673844664203304,0.9430541624572905,0.5159817351598174,1.0,0.969,2/27,2.03%,FAH;HMOX1,CD8 Effector Memory,Afatinib_vs._Afatinib dimaleate,Hallmark
20,prerank,Unfolded Protein Response,-0.333228839216876,-0.9418081255965854,0.5716064757160647,0.890361463092262,1.0,8/28,24.08%,VEGFA;FKBP14;CKS1B;CEBPB;SHC1;ATF3;ATF6;HERPUD1,CD8 Effector Memory,Afatinib_vs._Afatinib dimaleate,Hallmark
21,prerank,G2-M Checkpoint,-0.2889107907025088,-0.9238015081957498,0.6030092592592593,0.8844201271215276,1.0,18/57,26.34%,CDK1;ATF5;CCNF;NUSAP1;CHEK1;JPT1;STMN1;CKS1B;CDC6;KIF11;HMMR;CENPF;CASP8AP2;TENT4A;MCM2;SMAD3;TFDP1;CTCF,CD8 Effector Memory,Afatinib_vs._Afatinib dimaleate,Hallmark
22,prerank,Fatty Acid Metabolism,0.2862627588971133,0.9158836171911748,0.5795918367346938,1.0,0.976,10/22,20.47%,ACAT2;BLVRA;UGDH;BPHL;HMGCS1;ECH1;HSD17B11;S100A10;CRYZ;LGALS1,CD8 Effector Memory,Afatinib_vs._Afatinib dimaleate,Hallmark
23,prerank,Estrogen Response Early,0.2607996557717837,0.9071910982917406,0.6153846153846154,1.0,0.978,4/29,5.04%,EGR3;IGF1R;SLC1A4;MYC,CD8 Effector Memory,Afatinib_vs._Afatinib dimaleate,Hallmark
24,prerank,mTORC1 Signaling,-0.28506986684753416,-0.9034880915940058,0.6330166270783848,0.8825575381432635,1.0,25/54,39.65%,CCNF;LGMN;PIK3R3;MLLT11;HPRT1;CDKN1A;NAMPT;NFKBIB;HSPA4;UNG;GLRX;SLC37A4;PSMG1;PNP;MCM2;GSK3B;ACLY;YKT6;EPRS1;TMEM97;RPN1;HMGCR;HSPD1;NMT1;TES,CD8 Effector Memory,Afatinib_vs._Afatinib dimaleate,Hallmark
25,prerank,E2F Targets,0.20866979241359018,0.8804571711026818,0.7279411764705882,1.0,0.982,14/72,13.17%,CDKN2A;PLK1;MCM4;UBR7;MYC;CDK4;UBE2T;ATAD2;SMC4;MCM5;NOLC1;TP53;TOP2A;PAICS,CD8 Effector Memory,Afatinib_vs._Afatinib dimaleate,Hallmark
26,prerank,Interferon Alpha Response,-0.2930793796699157,-0.8754648338348019,0.6788413098236776,0.896776139987932,1.0,8/37,16.85%,STAT2;IFITM3;OAS1;CSF1;HERC6;PLSCR1;MX1;IL15,CD8 Effector Memory,Afatinib_vs._Afatinib dimaleate,Hallmark
27,prerank,TNF-alpha Signaling via NF-kB,-0.25212770425900954,-0.8509923465793284,0.730299667036626,0.900527775818699,1.0,20/75,26.19%,VEGFA;PLAUR;CDKN1A;TNFSF9;CSF1;NAMPT;CEBPB;TNF;BIRC2;JUN;IL15RA;GADD45B;FUT4;ATF3;IER3;TGIF1;ZFP36;SMAD3;DUSP2;EGR2,CD8 Effector Memory,Afatinib_vs._Afatinib dimaleate,Hallmark
28,prerank,Adipogenesis,0.2547224842806404,0.8457924932348357,0.6866359447004609,1.0,0.989,1/25,0.23%,FAH,CD8 Effector Memory,Afatinib_vs._Afatinib dimaleate,Hallmark
29,prerank,p53 Pathway,-0.2625752917776391,-0.842407398721538,0.7408716136631331,0.8756591448263457,1.0,17/54,29.04%,ZBTB16;ABHD4;ACVR1B;CDKN1A;TNFSF9;RB1;ADA;JUN;FAS;DDB2;ATF3;IER3;CGRRF1;CCP110;FOS;RAD51C;FOXO3,CD8 Effector Memory,Afatinib_vs._Afatinib dimaleate,Hallmark
30,prerank,Oxidative Phosphorylation,-0.29254917162146854,-0.8105300616294633,0.7532133676092545,0.8920836565813293,1.0,6/24,27.16%,ALAS1;OXA1L;ATP1B1;HSD17B10;DLD;CYCS,CD8 Effector Memory,Afatinib_vs._Afatinib dimaleate,Hallmark
31,prerank,Allograft Rejection,0.1807771567722892,0.8039891854817038,0.8865979381443299,0.9989028878822196,0.995,15/89,14.22%,CDKN2A;NCF4;RIPK2;AARS1;CD4;LYN;CCL4;CD80;TRAT1;IRF7;GZMB;TLR3;IL7;ETS1;IFNG,CD8 Effector Memory,Afatinib_vs._Afatinib dimaleate,Hallmark
32,prerank,Interferon Gamma Response,-0.23192424892277844,-0.791622303503794,0.8308740068104427,0.8848564778898371,1.0,17/82,20.02%,STAT2;IFITM3;CDKN1A;OAS3;HERC6;NAMPT;PLSCR1;PTPN1;CASP3;MX1;IL15RA;CD274;IL15;NCOA3;FAS;MYD88;JAK2,CD8 Effector Memory,Afatinib_vs._Afatinib dimaleate,Hallmark
33,prerank,Myc Targets V1,0.2273040827819475,0.788389101456868,0.7725118483412322,0.9135522838807097,0.997,7/25,11.44%,MCM4;MYC;CDK4;HDAC2;MCM5;PSMD7;NOLC1,CD8 Effector Memory,Afatinib_vs._Afatinib dimaleate,Hallmark
34,prerank,KRAS Signaling Up,0.19745896593337825,0.7476153605922077,0.8983050847457628,0.8741506228765572,0.997,3/39,5.19%,LY96;IGFBP3;ST6GAL1,CD8 Effector Memory,Afatinib_vs._Afatinib dimaleate,Hallmark
35,prerank,UV Response Dn,-0.2543369176144355,-0.7277928447720418,0.8454773869346733,0.9354846730719499,1.0,9/29,32.13%,PIK3R3;ACVR2A;PRKCE;RUNX1;TENT4A;NR3C1;SMAD3;DMAC2L;MAPK14,CD8 Effector Memory,Afatinib_vs._Afatinib dimaleate,Hallmark
36,prerank,UV Response Up,-0.24122230955703156,-0.7269871735450871,0.8578371810449574,0.9015075328755183,1.0,23/37,53.35%,PRKCD;ALAS1;CASP3;POLG2;CDK2;PARP2;ATF3;EIF5;FOS;RAB27A;YKT6;RPN1;PRKACA;ACAA1;NFKBIA;BID;IRF1;CLTB;JUNB;STK25;FKBP4;ABCB1;BTG1,CD8 Effector Memory,Afatinib_vs._Afatinib dimaleate,Hallmark
37,prerank,Estrogen Response Late,-0.22644136050599475,-0.6727737833730892,0.9031055900621118,0.9188647530385312,1.0,11/34,30.02%,CDH1;SCARB1;HPRT1;CDC6;JAK2;BCL2;ZFP36;DUSP2;FDFT1;FOS;LSR,CD8 Effector Memory,Afatinib_vs._Afatinib dimaleate,Hallmark
0,prerank,IL-2/STAT5 Signaling,0.5025062674487776,1.8224166626337377,0.0,0.02767998057545223,0.024,27/61,19.71%,TNFRSF4;ITGA6;MYC;PLSCR1;IGF1R;NT5E;IRF8;IL2RA;BCL2;IL18R1;SELL;CCR4;IL3RA;PRKCH;PNP;CSF1;IRF4;XBP1;SOCS1;LTB;CDC6;ICOS;NCOA3;RORA;GADD45B;CTLA4;SOCS2,CD8 Effector Memory,Baricitinib_vs._Baricitinib phosphate,Hallmark
1,prerank,KRAS Signaling Up,0.5249872424654741,1.763573552267092,0.0,0.029986645623406583,0.051,10/39,14.75%,ATG10;LY96;DUSP6;ENG;IRF8;TRIB2;LAT2;CMKLR1;PRDM1;ST6GAL1,CD8 Effector Memory,Baricitinib_vs._Baricitinib phosphate,Hallmark
2,prerank,Estrogen Response Late,0.4815149247398273,1.574739748531759,0.0166270783847981,0.11956213831896727,0.27,13/34,15.88%,EGR3;CDH1;NRIP1;BCL2;MEST;TOP2A;HPRT1;GALE;XBP1;CDC6;SCARB1;PTPN6;SLC1A4,CD8 Effector Memory,Baricitinib_vs._Baricitinib phosphate,Hallmark
3,prerank,UV Response Up,-0.45932094555103925,-1.4619676602415055,0.049557522123893805,0.8032147170863143,0.564,11/37,21.44%,HMOX1;PARP2;FEN1;ATF3;CREG1;RPN1;ABCB1;FOS;CCND3;STK25;PRKCD,CD8 Effector Memory,Baricitinib_vs._Baricitinib phosphate,Hallmark
4,prerank,UV Response Dn,0.45529896246937007,1.411311598597293,0.06666666666666667,0.27852980454048804,0.625,9/29,15.50%,COL1A1;PIK3R3;MYC;IGF1R;INSIG1;ERBB2;ACVR2A;RUNX1;MAP2K5,CD8 Effector Memory,Baricitinib_vs._Baricitinib phosphate,Hallmark
5,prerank,Spermatogenesis,-0.550038406022241,-1.410845880334955,0.09622641509433963,0.5666635696367185,0.685,8/15,22.20%,IL12RB2;PARP2;EZH2;AURKA;BRAF;PSMG1;MTOR;IDE,CD8 Effector Memory,Baricitinib_vs._Baricitinib phosphate,Hallmark
6,prerank,Allograft Rejection,0.35705697919851836,1.408904437840109,0.018276762402088774,0.22605317469952654,0.629,20/89,16.33%,CD4;CDKN2A;CD79A;NLRP3;CD40LG;IRF8;IL2RA;CD40;CCR5;FASLG;CD28;NCF4;ACVR2A;CSF1;IRF4;FYB1;SOCS1;LTB;PTPN6;GZMB,CD8 Effector Memory,Baricitinib_vs._Baricitinib phosphate,Hallmark
7,prerank,Fatty Acid Metabolism,-0.4661210325229447,-1.3216218405670754,0.13108614232209737,0.6458081699650036,0.864,8/22,14.60%,HADH;BPHL;DECR1;BLVRA;HMGCS1;LGALS1;ACAT2;CBR1,CD8 Effector Memory,Baricitinib_vs._Baricitinib phosphate,Hallmark
8,prerank,TNF-alpha Signaling via NF-kB,0.3479183516601464,1.3061714711127816,0.06937799043062201,0.3459997571931529,0.839,18/75,18.43%,CCRL2;EGR3;IL15RA;IL23A;MYC;IER3;EGR2;BCL6;KLF9;EGR1;BCL2A1;CSF1;CEBPB;GADD45A;NR4A1;DUSP4;STAT5A;GADD45B,CD8 Effector Memory,Baricitinib_vs._Baricitinib phosphate,Hallmark
9,prerank,IL-6/JAK/STAT3 Signaling,0.39860545571374884,1.2995529227060831,0.11678832116788321,0.3081045456910457,0.843,10/36,14.00%,IL15RA;IL2RA;CD38;IL18R1;IL3RA;CSF1;STAT3;ACVR1B;SOCS1;LTB,CD8 Effector Memory,Baricitinib_vs._Baricitinib phosphate,Hallmark
10,prerank,Oxidative Phosphorylation,-0.4456337151813792,-1.274962532818514,0.16885553470919323,0.6416891201337918,0.932,10/24,24.98%,DECR1;CASP7;OXA1L;ATP6V1D;ETFB;SDHB;SLC25A3;GPI;ATP6V0B;SUPV3L1,CD8 Effector Memory,Baricitinib_vs._Baricitinib phosphate,Hallmark
11,prerank,Unfolded Protein Response,-0.4204441423946911,-1.2718377950784319,0.12585034013605442,0.5221778314596303,0.934,12/28,23.40%,FKBP14;EXOSC4;IFIT1;ATF3;WFS1;EIF4G1;HYOU1;HERPUD1;EIF4EBP1;CKS1B;DDX10;TATDN2,CD8 Effector Memory,Baricitinib_vs._Baricitinib phosphate,Hallmark
12,prerank,Estrogen Response Early,0.40700929230145516,1.2636369145476776,0.15639810426540285,0.3295647687264781,0.887,10/29,15.88%,EGR3;MYC;IGF1R;NRIP1;BCL2;SH3BP5;GAB2;XBP1;SCARB1;SLC1A4,CD8 Effector Memory,Baricitinib_vs._Baricitinib phosphate,Hallmark
13,prerank,Myogenesis,0.4372341558718057,1.1966012272595496,0.22602739726027396,0.4127648955256094,0.952,3/18,4.59%,APP;COL1A1;GAA,CD8 Effector Memory,Baricitinib_vs._Baricitinib phosphate,Hallmark
14,prerank,Inflammatory Response,0.32512475110578165,1.1906931906344447,0.18421052631578946,0.38256039820322935,0.956,14/59,14.52%,CCRL2;IL15RA;MYC;NLRP3;CD40;IL18R1;SELL;LAMP3;ACVR2A;RGS1;CSF1;CMKLR1;ACVR1B;BST2,CD8 Effector Memory,Baricitinib_vs._Baricitinib phosphate,Hallmark
15,prerank,heme Metabolism,0.3909458306628544,1.149821689508059,0.24641148325358853,0.41845000938117366,0.98,3/22,5.42%,HEBP1;SLC25A37;LRP10,CD8 Effector Memory,Baricitinib_vs._Baricitinib phosphate,Hallmark
16,prerank,Coagulation,-0.43207316117983796,-1.1122790853645967,0.3448275862068966,0.9391433615163058,0.998,4/15,11.44%,THBS1;DPP4;LRP1;CTSH,CD8 Effector Memory,Baricitinib_vs._Baricitinib phosphate,Hallmark
17,prerank,Interferon Alpha Response,0.33501616860541966,1.1008967706163282,0.3010752688172043,0.4777679980575453,0.994,11/37,22.57%,CCRL2;PLSCR1;OAS1;SELL;LAMP3;CSF1;BST2;IFI35;ISG15;IRF2;IRF7,CD8 Effector Memory,Baricitinib_vs._Baricitinib phosphate,Hallmark
18,prerank,Pperoxisome,-0.39691701600239515,-1.0867971610512595,0.34363636363636363,0.8923627241475425,0.999,8/20,25.36%,PEX11A;MVP;ISOC1;ABCC5;ABCB1;ITGB1BP1;IDE;SMARCC1,CD8 Effector Memory,Baricitinib_vs._Baricitinib phosphate,Hallmark
19,prerank,mTORC1 Signaling,0.29610120937360107,1.068769579257653,0.3295711060948081,0.5061355422530607,0.996,13/54,12.49%,PIK3R3;EPRS1;TMEM97;BUB1;INSIG1;PLK1;LGMN;HPRT1;G6PD;PNP;XBP1;CCNF;RPA1,CD8 Effector Memory,Baricitinib_vs._Baricitinib phosphate,Hallmark
20,prerank,DNA Repair,-0.3294779442894116,-1.023681474678715,0.4222222222222222,0.990888925020905,1.0,9/31,18.74%,RAD51;FEN1;RPA2;CANT1;TYMS;POLB;PCNA;RFC2;RFC5,CD8 Effector Memory,Baricitinib_vs._Baricitinib phosphate,Hallmark
21,prerank,Apoptosis,0.27421589886816167,1.0223113444574392,0.3989501312335958,0.5603548448637681,0.999,9/67,9.03%,APP;EGR3;HSPB1;LEF1;IER3;CD38;FASLG;ERBB2;TOP2A,CD8 Effector Memory,Baricitinib_vs._Baricitinib phosphate,Hallmark
22,prerank,Apical Junction,0.3151028892997724,1.0214044955599875,0.4434389140271493,0.5249969649144105,0.999,9/37,12.26%,PIK3R3;CDH1;ITGA3;EPB41L2;INSIG1;MAP3K20;EVL;ICAM2;FYB1,CD8 Effector Memory,Baricitinib_vs._Baricitinib phosphate,Hallmark
23,prerank,Mitotic Spindle,0.3136833116377481,1.0172469936885653,0.4449760765550239,0.5001858989923517,0.999,7/33,9.03%,NET1;NUSAP1;EPB41L2;KIF11;BUB1;PLK1;TOP2A,CD8 Effector Memory,Baricitinib_vs._Baricitinib phosphate,Hallmark
24,prerank,Adipogenesis,-0.3453974816358821,-1.007261095266382,0.42277992277992277,0.9347300938400075,1.0,10/25,23.93%,HADH;DECR1;DNAJC15;CHUK;ETFB;IFNGR1;FAH;SDHB;DHRS7;SLC5A6,CD8 Effector Memory,Baricitinib_vs._Baricitinib phosphate,Hallmark
25,prerank,Epithelial Mesenchymal Transition,-0.3245881938874049,-0.9757910591576677,0.4972375690607735,0.9411734646474031,1.0,8/31,11.74%,PDGFRB;THBS1;VCAM1;LRP1;CD59;TGFBI;IL15;LGALS1,CD8 Effector Memory,Baricitinib_vs._Baricitinib phosphate,Hallmark
26,prerank,PI3K/AKT/mTOR  Signaling,-0.30353156496277517,-0.9744933802052855,0.48709122203098104,0.8594638196514996,1.0,7/41,12.79%,PAK4;NOD1;TRIB3;CLTC;PIN1;GSK3B;CDK4,CD8 Effector Memory,Baricitinib_vs._Baricitinib phosphate,Hallmark
27,prerank,E2F Targets,-0.26043406314770967,-0.9453449069874387,0.5658783783783784,0.864853355631949,1.0,21/72,21.07%,CHEK2;NASP;ATAD2;TMPO;SMC3;RPA2;MCM3;CHEK1;EZH2;SLBP;AURKA;CDK4;PCNA;NUP107;RFC2;STMN1;TACC3;PAN2;CKS1B;UBR7;ZW10,CD8 Effector Memory,Baricitinib_vs._Baricitinib phosphate,Hallmark
28,prerank,Glycolysis,-0.28698515516271017,-0.9285924446013394,0.5840867992766727,0.8406935441219563,1.0,9/41,16.93%,SLC37A4;NASP;AGL;ABCB6;TGFBI;GFPT1;AURKA;HS2ST1;STMN1,CD8 Effector Memory,Baricitinib_vs._Baricitinib phosphate,Hallmark
29,prerank,Cholesterol Homeostasis,-0.31933737028319004,-0.9035221672645053,0.6126126126126126,0.8371338315127222,1.0,6/22,13.32%,LGALS3;TRIB3;ATF3;ALCAM;HMGCS1;ACAT2,CD8 Effector Memory,Baricitinib_vs._Baricitinib phosphate,Hallmark
30,prerank,p53 Pathway,0.24861952522893202,0.8996469703580144,0.640661938534279,0.7041434274328889,1.0,3/54,3.69%,APP;CDKN2A;IER3,CD8 Effector Memory,Baricitinib_vs._Baricitinib phosphate,Hallmark
31,prerank,Xenobiotic Metabolism,-0.2893899903197671,-0.8598475206553667,0.6985294117647058,0.8787698597045434,1.0,7/27,22.87%,HMOX1;BPHL;ABHD6;CBR1;FAH;DHRS7;CNDP2,CD8 Effector Memory,Baricitinib_vs._Baricitinib phosphate,Hallmark
32,prerank,Complement,-0.24324105140960578,-0.8582927144834265,0.726148409893993,0.8267705333085571,1.0,16/61,22.35%,LGALS3;DPP4;LRP1;GZMA;CD59;CTSH;STX4;JAK2;USP14;CASP7;TIMP2;XPNPEP1;LAP3;PRKCD;GATA3;CD46,CD8 Effector Memory,Baricitinib_vs._Baricitinib phosphate,Hallmark
33,prerank,Androgen Response,-0.31819369304209777,-0.8318644014602574,0.6958855098389982,0.8283443824431194,1.0,5/16,18.89%,ZMIZ1;RRP12;HMGCS1;RAB4A;CCND3,CD8 Effector Memory,Baricitinib_vs._Baricitinib phosphate,Hallmark
34,prerank,Interferon Gamma Response,0.20932021765989922,0.8170157627866307,0.8533653846153846,0.8138683177532274,1.0,16/82,15.80%,IL15RA;PLSCR1;IRF8;CD38;CD40;ARID5B;PNP;IRF4;STAT3;CMKLR1;XCL1;SLAMF7;SOCS1;BST2;NCOA3;PTPN6,CD8 Effector Memory,Baricitinib_vs._Baricitinib phosphate,Hallmark
35,prerank,Myc Targets V1,0.26472130523962806,0.810649036574117,0.7802690582959642,0.7834769940512323,1.0,6/25,17.31%,MYC;EPRS1;C1QBP;HPRT1;MCM5;NOLC1,CD8 Effector Memory,Baricitinib_vs._Baricitinib phosphate,Hallmark
36,prerank,G2-M Checkpoint,-0.22803170038315965,-0.7924840238774524,0.8257191201353637,0.8452878689336927,1.0,22/57,27.84%,NDC80;NASP;KIF20B;TMPO;RPA2;MCM3;CHEK1;EZH2;AURKA;CDK4;STMN1;TACC3;MTF2;CKS1B;CDC7;EWSR1;MAPK14;SMARCC1;TENT4A;CENPE;CDK1;JPT1,CD8 Effector Memory,Baricitinib_vs._Baricitinib phosphate,Hallmark
37,prerank,Hypoxia,-0.17455289363965304,-0.5797837788499398,0.9913644214162349,0.9823933847440305,1.0,16/48,31.30%,SLC37A4;HMOX1;ATF3;TGFBI;FOS;XPNPEP1;KDM3A;CDKN1A;GPI;JMJD6;FOXO3;DDIT4;PGM1;PIM1;S100A4;BHLHE40,CD8 Effector Memory,Baricitinib_vs._Baricitinib phosphate,Hallmark
0,prerank,Cholesterol Homeostasis,-0.6367113359610148,-1.8080393283079172,0.0019267822736030828,0.05374569112006603,0.04,11/22,19.04%,TNFRSF12A;ALDOC;ATF3;CXCL16;ALCAM;LGMN;ATF5;TRIB3;ANXA5;EBP;HMGCR,CD8 Effector Memory,Canertinib_vs._Canertinib dihydrochloride,Hallmark
1,prerank,Unfolded Protein Response,-0.5279912716448913,-1.5906133613987312,0.024955436720142603,0.1920425304656018,0.245,7/28,10.53%,WFS1;IFIT1;FKBP14;ATF3;CKS1B;DDIT4;BAG3,CD8 Effector Memory,Canertinib_vs._Canertinib dihydrochloride,Hallmark
2,prerank,Myc Targets V1,-0.5441036596897205,-1.562974257810102,0.0166358595194085,0.16473272806719427,0.3,9/25,18.36%,TFDP1;PCNA;TYMS;HSPD1;PSMD7;C1QBP;MCM4;HDAC2;CDK2,CD8 Effector Memory,Canertinib_vs._Canertinib dihydrochloride,Hallmark
3,prerank,p53 Pathway,-0.432609391270987,-1.4834695007696967,0.019963702359346643,0.24152789241151623,0.507,17/54,15.95%,HMOX1;GADD45A;PCNA;TNFSF9;CDKN1A;ATF3;ABHD4;ZBTB16;DDIT4;APP;TRIB3;IER5;SESN1;CTSD;CCND2;TP53;FOXO3,CD8 Effector Memory,Canertinib_vs._Canertinib dihydrochloride,Hallmark
4,prerank,Pperoxisome,0.5136940328330084,1.4622810212913502,0.05088495575221239,0.48227317129230596,0.526,2/20,2.11%,TOP2A;IDE,CD8 Effector Memory,Canertinib_vs._Canertinib dihydrochloride,Hallmark
5,prerank,UV Response Dn,0.41678387144411105,1.3041795677807744,0.14831460674157304,0.6235419180601045,0.847,9/29,14.30%,ERBB2;PDGFRB;ZMIZ1;COL1A1;MTA1;DMAC2L;SMAD3;NR3C1;BHLHE40,CD8 Effector Memory,Canertinib_vs._Canertinib dihydrochloride,Hallmark
6,prerank,Complement,-0.368482147835283,-1.2829672521359408,0.08302583025830258,0.7034131184153033,0.919,17/61,19.26%,HSPA1A;LAP3;PRCP;GZMA;LGMN;CD40LG;CSRP1;GZMK;DPP4;CTSD;CD59;ANXA5;CASP7;CEBPB;F5;IRF2;TIMP2,CD8 Effector Memory,Canertinib_vs._Canertinib dihydrochloride,Hallmark
7,prerank,Hypoxia,-0.3804315766133281,-1.276334804202893,0.11487758945386065,0.60605913482546,0.929,19/48,26.79%,HMOX1;ALDOC;CDKN1A;ATF3;MIF;DDIT4;EXT1;ETS1;FOXO3;DUSP1;GAA;TIPARP;ZFP36;GPC1;TGFBI;SCARB1;JUN;GPI;BCL2,CD8 Effector Memory,Canertinib_vs._Canertinib dihydrochloride,Hallmark
8,prerank,UV Response Up,-0.4036519728261062,-1.26471233109977,0.14181818181818182,0.5550600295466054,0.937,12/37,20.32%,NR4A1;HMOX1;ATF3;CREG1;FKBP4;SLC25A4;DNAJB1;FEN1;NFKBIA;CDK2;CCND3;IL6ST,CD8 Effector Memory,Canertinib_vs._Canertinib dihydrochloride,Hallmark
9,prerank,Spermatogenesis,0.45629421927500363,1.2113225466975082,0.22850678733031674,0.6727384167480703,0.949,3/15,2.41%,BUB1;IDE;PARP2,CD8 Effector Memory,Canertinib_vs._Canertinib dihydrochloride,Hallmark
10,prerank,TNF-alpha Signaling via NF-kB,-0.3126747473412269,-1.1316990992812943,0.23411978221415608,0.9154791959994174,0.994,22/75,22.35%,NR4A1;CEBPD;GADD45A;TNFSF9;CDKN1A;ATF3;CD80;TGIF1;IL23A;IER5;EGR3;IFIH1;DUSP1;BCL6;TIPARP;CEBPB;NFKBIA;IL6ST;NAMPT;ZFP36;RIPK2;GADD45B,CD8 Effector Memory,Canertinib_vs._Canertinib dihydrochloride,Hallmark
11,prerank,Estrogen Response Early,-0.3708175671134454,-1.1242245279516356,0.2792452830188679,0.8401223479147448,0.994,3/29,2.93%,WFS1;NRIP1;MICB,CD8 Effector Memory,Canertinib_vs._Canertinib dihydrochloride,Hallmark
12,prerank,heme Metabolism,0.3842236299316073,1.1212905365763541,0.2915811088295688,0.7714474515888065,0.993,6/22,16.03%,PPOX;HEBP1;PSMD9;LRP10;NR3C1;TRAK2,CD8 Effector Memory,Canertinib_vs._Canertinib dihydrochloride,Hallmark
13,prerank,Estrogen Response Late,-0.34461486707408023,-1.071166007603822,0.34011090573012936,0.9490702529494587,0.999,6/34,8.73%,WFS1;LSR;NRIP1;MICB;MAPK13;FKBP4,CD8 Effector Memory,Canertinib_vs._Canertinib dihydrochloride,Hallmark
14,prerank,IL-6/JAK/STAT3 Signaling,0.3171892221198179,1.0434335159766457,0.3910386965376782,0.8405332413951618,0.998,12/36,21.90%,TNF;IL7;IL18R1;STAT2;ACVR1B;TYK2;IL4R;IL12RB1;ITGA4;CD38;IL15RA;IFNAR1,CD8 Effector Memory,Canertinib_vs._Canertinib dihydrochloride,Hallmark
15,prerank,Interferon Gamma Response,-0.28152175649711597,-1.0412965754489263,0.37305699481865284,0.9657540595055768,0.999,11/82,8.65%,IFIT1;IFITM3;LAP3;CDKN1A;PSME2;GZMA;CD274;BST2;IRF8;VCAM1;CMKLR1,CD8 Effector Memory,Canertinib_vs._Canertinib dihydrochloride,Hallmark
16,prerank,PI3K/AKT/mTOR  Signaling,-0.30784091728492174,-1.012500800360676,0.40409683426443205,0.987085497888042,0.999,8/41,12.64%,CDK1;CDKN1A;PAK4;PIK3R3;TRIB3;DUSP3;MAPK8;TNFRSF1A,CD8 Effector Memory,Canertinib_vs._Canertinib dihydrochloride,Hallmark
17,prerank,mTORC1 Signaling,-0.29179717868002053,-1.0064681035896395,0.425,0.9301130485769026,0.999,14/54,19.04%,CDKN1A;PLK1;LGMN;CCNF;DDIT4;HSPD1;PIK3R3;TRIB3;G6PD;INSIG1;MCM4;EBP;TXNRD1;HMGCR,CD8 Effector Memory,Canertinib_vs._Canertinib dihydrochloride,Hallmark
18,prerank,DNA Repair,-0.3282340321279837,-0.9987914967897689,0.45419103313840153,0.8854930329659659,0.999,11/31,21.37%,RAD51;PCNA;TYMS;RFC2;RAE1;RALA;TP53;POLB;FEN1;POLA1;GTF2A2,CD8 Effector Memory,Canertinib_vs._Canertinib dihydrochloride,Hallmark
19,prerank,KRAS Signaling Up,-0.3144202109975431,-0.9919634733828834,0.4708097928436911,0.8459484390930718,0.999,7/39,13.84%,LY96;ATG10;TRIB2;IRF8;CMKLR1;ETS1;CCND2,CD8 Effector Memory,Canertinib_vs._Canertinib dihydrochloride,Hallmark
20,prerank,Inflammatory Response,0.269967299986706,0.9723762193981751,0.5074309978768577,0.9015495412668314,1.0,8/59,10.53%,NLRP3;C3AR1;LTA;IL18R1;OSM;CCRL2;ACVR1B;ITGA5,CD8 Effector Memory,Canertinib_vs._Canertinib dihydrochloride,Hallmark
21,prerank,E2F Targets,-0.26305744973917056,-0.9557856407227688,0.5487804878048781,0.8919654561343886,1.0,18/72,18.06%,HMMR;CDK1;CKS2;PCNA;CDKN1A;PLK1;ASF1A;PAICS;CKS1B;ZW10;RFC2;UBR7;SUV39H1;MCM4;TP53;SMC4;SMC1A;EZH2,CD8 Effector Memory,Canertinib_vs._Canertinib dihydrochloride,Hallmark
22,prerank,Mitotic Spindle,0.3010329669452076,0.9541340128277733,0.5167037861915368,0.823051854770524,1.0,6/33,9.03%,TOP2A;BUB1;NDC80;CENPE;PXN;PCM1,CD8 Effector Memory,Canertinib_vs._Canertinib dihydrochloride,Hallmark
23,prerank,Glycolysis,-0.292015331804649,-0.9451539826205031,0.5349716446124764,0.8671022907390853,1.0,8/41,9.86%,HMMR;CDK1;MIF;SLC25A13;DDIT4;FKBP4;EXT1;G6PD,CD8 Effector Memory,Canertinib_vs._Canertinib dihydrochloride,Hallmark
24,prerank,Interferon Alpha Response,0.2888507553207943,0.943468020745143,0.5096359743040685,0.7469545480664253,1.0,6/37,7.98%,IL7;PSMB9;OAS1;HERC6;STAT2;CCRL2,CD8 Effector Memory,Canertinib_vs._Canertinib dihydrochloride,Hallmark
25,prerank,Apoptosis,-0.26091435091775766,-0.9397583976221967,0.575591985428051,0.8325484293829198,1.0,16/67,19.26%,HMOX1;GADD45A;IFITM3;TNFRSF12A;CDKN1A;ATF3;HSPB1;APP;CREBBP;PSEN2;CCND2;EGR3;EBP;CASP7;CDK2;TIMP2,CD8 Effector Memory,Canertinib_vs._Canertinib dihydrochloride,Hallmark
26,prerank,Apical Junction,-0.28970623889262326,-0.9337873110797497,0.5584642233856894,0.8032876530307173,1.0,14/37,27.69%,ITGA3;CD274;MAPK13;VCAM1;PIK3R3;HADH;INSIG1;EPB41L2;HRAS;TGFBI;CTNND1;ICAM2;JAM3;AKT3,CD8 Effector Memory,Canertinib_vs._Canertinib dihydrochloride,Hallmark
27,prerank,Fatty Acid Metabolism,-0.3264237718340257,-0.9124526409952297,0.5724258289703316,0.8147715686750499,1.0,5/22,15.50%,BLVRA;MIF;HADH;PCBD1;BPHL,CD8 Effector Memory,Canertinib_vs._Canertinib dihydrochloride,Hallmark
28,prerank,G2-M Checkpoint,-0.24379453681353136,-0.8446028639859767,0.7591911764705882,0.9272848334362146,1.0,9/57,9.63%,HMMR;TFDP1;CDK1;CKS2;PLK1;CCNF;CKS1B;ATF5;CENPF,CD8 Effector Memory,Canertinib_vs._Canertinib dihydrochloride,Hallmark
29,prerank,Coagulation,-0.31789452024040543,-0.8266508252730065,0.7,0.9218994822723521,1.0,4/15,12.19%,LGMN;CSRP1;DPP4;DUSP14,CD8 Effector Memory,Canertinib_vs._Canertinib dihydrochloride,Hallmark
30,prerank,Allograft Rejection,0.21402702621301722,0.8172093137665392,0.8392070484581498,0.9365945845863101,1.0,29/89,27.69%,NLRP3;TNF;IL7;TLR6;NCR1;JAK2;NCF4;CD96;KLRD1;IKBKB;IL4R;CTSS;CD3G;FASLG;IL12RB1;ITK;ZAP70;AARS1;LYN;AKT1;IFNG;CCL4;CD47;CD247;IL18RAP;TAP2;CD40;HIF1A;IFNAR2,CD8 Effector Memory,Canertinib_vs._Canertinib dihydrochloride,Hallmark
31,prerank,Myogenesis,0.3015498196273594,0.8138611429143816,0.7302631578947368,0.8493190829167385,1.0,6/18,14.30%,COL1A1;AGL;AKT2;SORBS3;ITGB1;BHLHE40,CD8 Effector Memory,Canertinib_vs._Canertinib dihydrochloride,Hallmark
32,prerank,Oxidative Phosphorylation,0.2521630442488487,0.7525982042298934,0.831140350877193,0.8634143538470379,1.0,5/24,13.02%,OXA1L;PDHX;DECR1;SDHB;SUPV3L1,CD8 Effector Memory,Canertinib_vs._Canertinib dihydrochloride,Hallmark
33,prerank,Xenobiotic Metabolism,-0.2333488256383626,-0.7031578387579911,0.9061302681992337,1.0,1.0,4/27,15.50%,HMOX1;IRF8;TNFRSF1A;BPHL,CD8 Effector Memory,Canertinib_vs._Canertinib dihydrochloride,Hallmark
34,prerank,Epithelial Mesenchymal Transition,-0.2057657856301891,-0.6316775149274846,0.9489603024574669,1.0,1.0,4/31,12.57%,GADD45A;TNFRSF12A;VCAM1;CD59,CD8 Effector Memory,Canertinib_vs._Canertinib dihydrochloride,Hallmark
35,prerank,Androgen Response,-0.23115860118470413,-0.6110670749445892,0.9421338155515371,1.0,1.0,5/16,19.94%,INSIG1;MAF;HMGCR;CCND3;RAB4A,CD8 Effector Memory,Canertinib_vs._Canertinib dihydrochloride,Hallmark
36,prerank,Adipogenesis,-0.20498119383187557,-0.6000445829840662,0.9752380952380952,1.0,1.0,8/25,27.31%,GADD45A;HADH;SLC5A6;BCL6;VEGFB;SCARB1;IFNGR1;CHUK,CD8 Effector Memory,Canertinib_vs._Canertinib dihydrochloride,Hallmark
37,prerank,IL-2/STAT5 Signaling,-0.17012541565107783,-0.5881430985881434,0.9944341372912802,0.9774724474438025,1.0,18/61,28.67%,IFITM3;ALCAM;IRF8;PRAF2;CCND2;LTB;CCND3;CDC6;ITGA6;IGF1R;GADD45B;SELL;CD81;SOCS1;IFNGR1;BCL2;NFIL3;MAPKAPK2,CD8 Effector Memory,Canertinib_vs._Canertinib dihydrochloride,Hallmark
0,prerank,Pperoxisome,-0.6788298842664244,-1.826543223907561,0.0,0.0115031386251894,0.012,7/20,13.77%,IDE;CAT;ABCB1;ACAA1;MSH2;ITGB1BP1;ECH1,CD8 Effector Memory,Erlotinib_vs._Erlotinib hydrochloride,Hallmark
1,prerank,Cholesterol Homeostasis,-0.5668106092900207,-1.5620091928009652,0.017241379310344827,0.16200253563808403,0.279,9/22,21.22%,LGMN;PLAUR;ATF3;NSDHL;TNFRSF12A;ECH1;CLU;ACAT2;PLSCR1,CD8 Effector Memory,Erlotinib_vs._Erlotinib hydrochloride,Hallmark
2,prerank,Unfolded Protein Response,-0.5395699105795009,-1.5473867910560268,0.013205282112845138,0.13196656256120062,0.325,9/28,11.89%,FKBP14;BAG3;VEGFA;ATF3;SHC1;CEBPB;EXOSC4;EIF4G1;POP4,CD8 Effector Memory,Erlotinib_vs._Erlotinib hydrochloride,Hallmark
3,prerank,Epithelial Mesenchymal Transition,-0.4925285464062957,-1.4601690441792534,0.03431952662721893,0.2506725625405857,0.637,14/31,18.13%,TGFBI;SGCB;PLAUR;PDGFRB;VEGFA;IGFBP3;ID2;PLOD3;ITGB1;JUN;VCAM1;TNFRSF12A;CALU;TPM1,CD8 Effector Memory,Erlotinib_vs._Erlotinib hydrochloride,Hallmark
4,prerank,Coagulation,0.48317604822378807,1.459612214549217,0.07563025210084033,0.30295000883236184,0.216,5/15,6.32%,LRP1;S100A13;THBS1;DPP4;DUSP6,CD8 Effector Memory,Erlotinib_vs._Erlotinib hydrochloride,Hallmark
5,prerank,UV Response Up,-0.46279245033921307,-1.4297648715282603,0.04964539007092199,0.26131296576888585,0.714,22/37,39.43%,ATF3;RPN1;POLG2;TFRC;FKBP4;ABCB1;ACAA1;NR4A1;FOSB;JUNB;DNAJB1;CDK2;PRKCD;PRKACA;STK25;YKT6;FEN1;CREG1;FOS;LYN;PARP2;ALAS1,CD8 Effector Memory,Erlotinib_vs._Erlotinib hydrochloride,Hallmark
6,prerank,Mitotic Spindle,-0.44406173300555235,-1.3260694252890144,0.10340775558166862,0.5064576311368111,0.946,8/33,12.19%,KIF23;ECT2;KIF11;CENPE;NCK2;SMC1A;CEP57;CKAP5,CD8 Effector Memory,Erlotinib_vs._Erlotinib hydrochloride,Hallmark
7,prerank,Hypoxia,-0.4171899020540904,-1.3222108733710265,0.09328782707622298,0.4456096795995989,0.948,13/48,15.35%,TGFBI;IER3;PLAUR;SLC37A4;VEGFA;ATF3;SCARB1;IGFBP3;TIPARP;JUN;JMJD6;XPNPEP1;TGFB3,CD8 Effector Memory,Erlotinib_vs._Erlotinib hydrochloride,Hallmark
8,prerank,Adipogenesis,-0.46439859499551966,-1.3019058858971622,0.14666666666666667,0.44658539225084265,0.969,9/25,20.17%,FAH;SCARB1;CAT;CHUK;ECH1;SDHB;DLD;ETFB;BCL6,CD8 Effector Memory,Erlotinib_vs._Erlotinib hydrochloride,Hallmark
9,prerank,Oxidative Phosphorylation,-0.4606884178710665,-1.2991313622066774,0.13242574257425743,0.4059116787092296,0.973,16/24,41.31%,ACAA1;ATP6V0B;SUPV3L1;ECH1;TIMM9;SDHB;DLD;ETFB;BAX;VDAC1;ATP6V1D;DECR1;ATP1B1;CASP7;ALAS1;OXA1L,CD8 Effector Memory,Erlotinib_vs._Erlotinib hydrochloride,Hallmark
10,prerank,TNF-alpha Signaling via NF-kB,-0.38085342170795033,-1.2984875397259075,0.08087431693989071,0.3670459816320851,0.973,20/75,23.10%,IER3;PLAUR;VEGFA;ATF3;EGR1;CEBPB;CD80;SLC2A6;ID2;MSC;NR4A1;CD83;TIPARP;JUN;FOSB;FUT4;NFKBIE;BCL6;BCL2A1;RELA,CD8 Effector Memory,Erlotinib_vs._Erlotinib hydrochloride,Hallmark
11,prerank,Fatty Acid Metabolism,-0.46046250441211234,-1.2611807449467884,0.16064757160647572,0.4190802549131501,0.993,10/22,23.02%,CBR3;CBR1;ACAA1;NSDHL;ECH1;ACAT2;DLD;PCBD1;MIF;UBE2L6,CD8 Effector Memory,Erlotinib_vs._Erlotinib hydrochloride,Hallmark
12,prerank,Myogenesis,0.3501526245220408,1.1687670035538127,0.22842639593908629,0.7394453276806219,0.695,3/18,4.74%,GAA;PSEN2;NOTCH1,CD8 Effector Memory,Erlotinib_vs._Erlotinib hydrochloride,Hallmark
13,prerank,Xenobiotic Metabolism,-0.39962453722779334,-1.1479631900229998,0.29763387297633875,0.7017713390436728,1.0,10/27,23.33%,FAH;IRF8;CBR1;CAT;ID2;ECH1;CYFIP2;HPRT1;PGRMC1;ARG2,CD8 Effector Memory,Erlotinib_vs._Erlotinib hydrochloride,Hallmark
14,prerank,KRAS Signaling Up,-0.3455374373777005,-1.0636292332302448,0.38850574712643676,0.9224632320584577,1.0,8/39,12.42%,PLAUR;IRF8;C3AR1;IGFBP3;ABCB1;ID2;TRIB2;PRDM1,CD8 Effector Memory,Erlotinib_vs._Erlotinib hydrochloride,Hallmark
15,prerank,Glycolysis,-0.3314533158468448,-1.0324658637933457,0.43243243243243246,0.9640040994288188,1.0,15/41,25.21%,TGFBI;IER3;SLC37A4;VEGFA;IGFBP3;FKBP4;SLC25A13;NSDHL;COPB2;STMN1;DLD;MIF;GLRX;GFPT1;DDIT4,CD8 Effector Memory,Erlotinib_vs._Erlotinib hydrochloride,Hallmark
16,prerank,UV Response Dn,-0.3566230146379624,-1.0270645331825192,0.45054945054945056,0.9164806167991176,1.0,15/29,47.25%,ACVR2A;PDGFRB;RUNX1;ERBB2;CDKN1B;PRKCE;PIK3R3;TGFBR2;ATP2C1;SMAD7;TENT4A;ZMIZ1;RXRA;MAPK14;INSIG1,CD8 Effector Memory,Erlotinib_vs._Erlotinib hydrochloride,Hallmark
17,prerank,Complement,0.2264388973545437,1.0205726025976012,0.425,0.9640817287876112,0.881,10/61,11.29%,TIMP2;LRP1;S100A13;DPP4;DUSP6;CD40LG;IRF7;PSEN1;CD46;ITGAM,CD8 Effector Memory,Erlotinib_vs._Erlotinib hydrochloride,Hallmark
18,prerank,Spermatogenesis,-0.3748325838658293,-0.9671920182325772,0.5208333333333334,1.0,1.0,5/15,16.63%,IDE;IL12RB2;PHKG2;MTOR;EZH2,CD8 Effector Memory,Erlotinib_vs._Erlotinib hydrochloride,Hallmark
19,prerank,mTORC1 Signaling,-0.2981849740168358,-0.9653278065393941,0.5307692307692308,0.9865633009133028,1.0,18/54,32.66%,NFKBIB;LGMN;SLC37A4;RPN1;TFRC;HSPA4;CCNF;EPRS1;HPRT1;GLRX;TBK1;DDIT4;HSPD1;TXNRD1;PIK3R3;YKT6;ATP6V1D;PNP,CD8 Effector Memory,Erlotinib_vs._Erlotinib hydrochloride,Hallmark
20,prerank,Estrogen Response Late,0.25598203427155125,0.9566605883448395,0.4931506849315068,0.9212153329800389,0.928,6/34,7.07%,WFS1;CDH1;GALE;TIAM1;MEST;UGDH,CD8 Effector Memory,Erlotinib_vs._Erlotinib hydrochloride,Hallmark
21,prerank,Interferon Alpha Response,0.23368832037182474,0.9404236727489592,0.5792682926829268,0.7804981452040275,0.932,11/37,14.97%,IFITM3;LAMP3;IRF7;PSME2;RIPK2;STAT2;HERC6;PSME1;LAP3;B2M;CCRL2,CD8 Effector Memory,Erlotinib_vs._Erlotinib hydrochloride,Hallmark
22,prerank,Apical Junction,-0.3060075051530157,-0.9358921681208424,0.5788262370540852,1.0,1.0,7/37,13.92%,TGFBI;SORBS3;SHC1;ITGB1;VCAM1;CTNND1;CD274,CD8 Effector Memory,Erlotinib_vs._Erlotinib hydrochloride,Hallmark
23,prerank,IL-6/JAK/STAT3 Signaling,-0.29976604003926877,-0.9194051533193693,0.6070175438596491,0.9990072277077865,1.0,19/36,46.43%,IL2RA;IL7;ACVR1B;JUN;TNFRSF12A;MYD88;TNFRSF1B;SOCS1;IL17RA;LTB;IL3RA;CSF1;IFNGR1;PTPN1;IL15RA;IL18R1;STAT1;CD38;TGFB1,CD8 Effector Memory,Erlotinib_vs._Erlotinib hydrochloride,Hallmark
24,prerank,p53 Pathway,-0.2831564060396781,-0.9088516184622567,0.6199770378874856,0.9734051764123813,1.0,15/54,26.19%,IER3;ATF3;CDK5R1;ACVR1B;MAPKAPK3;JUN;RAD9A;BAX;CYFIP2;SOCS1;CDKN2A;BLCAP;COQ8A;DDIT4;ADA,CD8 Effector Memory,Erlotinib_vs._Erlotinib hydrochloride,Hallmark
25,prerank,Estrogen Response Early,-0.3037796462847292,-0.8766085305507797,0.6742514970059881,0.9982624547391548,1.0,4/29,12.26%,NRIP1;SCARB1;FKBP4;TIPARP,CD8 Effector Memory,Erlotinib_vs._Erlotinib hydrochloride,Hallmark
26,prerank,Allograft Rejection,-0.2507861874398089,-0.8697747754340379,0.7215727948990436,0.9663507895054942,1.0,8/89,7.67%,ACVR2A;CD40;IRF8;IL2RA;IL7;FASLG;CD80;AARS1,CD8 Effector Memory,Erlotinib_vs._Erlotinib hydrochloride,Hallmark
27,prerank,Apoptosis,0.19356894284287882,0.8673827088846885,0.7619047619047619,0.8101336630748396,0.97,5/67,3.61%,TIMP2;PSEN2;IFITM3;FEZ1;HMOX1,CD8 Effector Memory,Erlotinib_vs._Erlotinib hydrochloride,Hallmark
28,prerank,E2F Targets,0.18005913921845496,0.8244933740087098,0.8987341772151899,0.7765412471294825,0.973,11/72,7.37%,HMMR;CDK1;AURKA;NASP;TIMELESS;CBX5;MCM2;HELLS;JPT1;SUV39H1;CKS1B,CD8 Effector Memory,Erlotinib_vs._Erlotinib hydrochloride,Hallmark
29,prerank,DNA Repair,-0.2801878172024903,-0.8241900988089722,0.7333333333333333,1.0,1.0,15/31,37.40%,MPC2;HPRT1;POLD4;POLR2K;POLD3;ADA;GTF2A2;POLR2I;PNP;FEN1;RPA3;RFC5;RALA;PRIM1;RAD51,CD8 Effector Memory,Erlotinib_vs._Erlotinib hydrochloride,Hallmark
30,prerank,PI3K/AKT/mTOR  Signaling,-0.2554804337152666,-0.7911640689809699,0.7945205479452054,1.0,1.0,19/41,39.73%,NFKBIB;FASLG;ATF1;RALB;MAPK9;MYD88;NOD1;CDKN1B;TBK1;LCK;CDK2;CDK4;PIK3R3;PIN1;VAV3;RAF1;CAB39;TRIB3;PAK4,CD8 Effector Memory,Erlotinib_vs._Erlotinib hydrochloride,Hallmark
31,prerank,IL-2/STAT5 Signaling,-0.23323092613282612,-0.7744014616776737,0.8300438596491229,1.0,1.0,7/61,11.29%,SPRED2;FAH;IRF8;IL2RA;ABCB1;CTLA4;CD83,CD8 Effector Memory,Erlotinib_vs._Erlotinib hydrochloride,Hallmark
32,prerank,Myc Targets V1,-0.2628109286520768,-0.7613556773099427,0.8115942028985508,0.9853618041564484,1.0,10/25,34.01%,RNPS1;PWP1;EPRS1;HPRT1;CDK2;VDAC1;HSPD1;CDK4;RRM1;USP1,CD8 Effector Memory,Erlotinib_vs._Erlotinib hydrochloride,Hallmark
33,prerank,G2-M Checkpoint,-0.22756877349475985,-0.7469224570814886,0.8823529411764706,0.970453059200392,1.0,10/57,16.63%,KIF23;KIF11;CENPE;SMC1A;CHEK1;CCNF;CASP8AP2;MCM3;STMN1;EZH2,CD8 Effector Memory,Erlotinib_vs._Erlotinib hydrochloride,Hallmark
34,prerank,heme Metabolism,-0.2620359869180796,-0.7293091696196693,0.8573200992555832,0.9563011048137366,1.0,5/22,18.59%,TFRC;CAT;LRP10;LAMP2;SLC11A2,CD8 Effector Memory,Erlotinib_vs._Erlotinib hydrochloride,Hallmark
35,prerank,Inflammatory Response,-0.21867309037696053,-0.7282714642161052,0.8795045045045045,0.9246474044897215,1.0,5/59,6.25%,ACVR2A;CD40;PLAUR;C3AR1;ACVR1B,CD8 Effector Memory,Erlotinib_vs._Erlotinib hydrochloride,Hallmark
36,prerank,Androgen Response,-0.28274948846709314,-0.7259691588581176,0.8301886792452831,0.8962223115536453,1.0,9/16,48.68%,UBE2J1;CDK6;TMEM50A;ZMIZ1;PTK2B;RAB4A;HMGCR;INSIG1;ARID5B,CD8 Effector Memory,Erlotinib_vs._Erlotinib hydrochloride,Hallmark
37,prerank,Interferon Gamma Response,-0.16235724766331053,-0.5599484287171298,0.9923830250272034,0.9789418349361452,1.0,13/82,23.02%,CD40;IRF8;IL7;NUP93;MX1;VCAM1;CD274;MYD88;ISG15;NOD1;PLSCR1;SOCS1;UBE2L6,CD8 Effector Memory,Erlotinib_vs._Erlotinib hydrochloride,Hallmark
0,prerank,UV Response Up,-0.5862684315457356,-1.8166791122118513,0.0016806722689075631,0.029217223706688864,0.029,11/37,12.64%,HMOX1;FKBP4;PARP2;ICAM1;FOS;SLC25A4;PRKCD;ATF3;CCND3;CDK2;FOSB,CD8 Effector Memory,Gefitinib_vs._Gefitinib hydrochloride,Hallmark
1,prerank,Cholesterol Homeostasis,-0.5485235715392159,-1.5291808896630719,0.028469750889679714,0.27000744666871085,0.398,6/22,10.84%,TRIB3;TMEM97;NSDHL;LGMN;ATF3;CLU,CD8 Effector Memory,Gefitinib_vs._Gefitinib hydrochloride,Hallmark
2,prerank,UV Response Dn,0.48718463429025155,1.5176914796351948,0.03051643192488263,0.4142772394700415,0.336,7/29,8.28%,COL1A1;IGF1R;ERBB2;ACVR2A;MTA1;RUNX1;RXRA,CD8 Effector Memory,Gefitinib_vs._Gefitinib hydrochloride,Hallmark
3,prerank,p53 Pathway,-0.4353853447633694,-1.4545519520858519,0.02773246329526917,0.32978521471228117,0.595,13/54,14.30%,HMOX1;TRIB3;CTSD;FOS;RALGDS;COQ8A;ATF3;APP;CCND3;CDK5R1;FAS;GADD45A;RAD51C,CD8 Effector Memory,Gefitinib_vs._Gefitinib hydrochloride,Hallmark
4,prerank,mTORC1 Signaling,-0.4114370027252034,-1.3699155800946106,0.051696284329563816,0.44556266152700513,0.789,22/54,24.76%,TRIB3;PIK3R3;TMEM97;PLK1;PSMG1;LGMN;ERO1A;GPI;UFM1;GSK3B;PNP;NAMPT;XBP1;MCM4;TFRC;ITGB2;TES;HMGCR;EPRS1;AURKA;HPRT1;MLLT11,CD8 Effector Memory,Gefitinib_vs._Gefitinib hydrochloride,Hallmark
5,prerank,Fatty Acid Metabolism,-0.48523533754077436,-1.362237742962121,0.11774461028192372,0.374786455823733,0.799,4/22,5.64%,CBR3;CBR1;CRYZ;NSDHL,CD8 Effector Memory,Gefitinib_vs._Gefitinib hydrochloride,Hallmark
6,prerank,Hypoxia,-0.40450511025814845,-1.3212505525962264,0.10361842105263158,0.40417159460919594,0.883,15/48,23.55%,HMOX1;FOS;KDM3A;GPC1;SCARB1;ERO1A;GPI;ATF3;PIM1;HK1;TES;BCL2;S100A4;RORA;TIPARP,CD8 Effector Memory,Gefitinib_vs._Gefitinib hydrochloride,Hallmark
7,prerank,Spermatogenesis,-0.523945983561356,-1.3201051623819682,0.13763066202090593,0.34830384911422185,0.885,7/15,23.25%,PARP2;CDK1;PSMG1;TOPBP1;CSNK2A2;EZH2;AURKA,CD8 Effector Memory,Gefitinib_vs._Gefitinib hydrochloride,Hallmark
8,prerank,G2-M Checkpoint,0.35797106184787597,1.2693708275206839,0.12307692307692308,0.998121415859205,0.838,12/57,10.31%,TOP2A;CHEK1;ABL1;NASP;BUB1;CKS2;KIF11;SMC4;CDC7;KIF20B;ILF3;TMPO,CD8 Effector Memory,Gefitinib_vs._Gefitinib hydrochloride,Hallmark
9,prerank,PI3K/AKT/mTOR  Signaling,-0.3944698235955729,-1.233914582153854,0.16080402010050251,0.4871216435235884,0.977,8/41,12.11%,TRIB3;PIK3R3;CDK1;DUSP3;CLTC;GSK3B;MYD88;CDK2,CD8 Effector Memory,Gefitinib_vs._Gefitinib hydrochloride,Hallmark
10,prerank,Mitotic Spindle,0.3827373360259462,1.22166984860646,0.17587939698492464,0.855579724474326,0.895,8/33,8.95%,TOP2A;NET1;ABL1;BUB1;KIF11;SMC4;KIF20B;ARFIP2,CD8 Effector Memory,Gefitinib_vs._Gefitinib hydrochloride,Hallmark
11,prerank,heme Metabolism,-0.42459654317994,-1.1637834357694181,0.2764084507042254,0.6138975279980142,0.994,6/22,19.34%,HEBP1;ARHGEF12;CCND3;SLC25A37;SLC11A2;TFRC,CD8 Effector Memory,Gefitinib_vs._Gefitinib hydrochloride,Hallmark
12,prerank,Complement,-0.3354096142829763,-1.1409799304847583,0.2413223140495868,0.608322747382715,0.997,17/61,20.99%,CD40LG;TIMP2;CTSD;FCER1G;LGMN;HSPA1A;F5;PRKCD;CLU;CDK5R1;GZMK;DUSP6;PIM1;DOCK9;CD46;CD59;GNAI2,CD8 Effector Memory,Gefitinib_vs._Gefitinib hydrochloride,Hallmark
13,prerank,Pperoxisome,0.39561651423958655,1.1331643945732386,0.3002309468822171,0.9869982202887088,0.965,3/20,3.16%,TOP2A;PEX11A;HRAS,CD8 Effector Memory,Gefitinib_vs._Gefitinib hydrochloride,Hallmark
14,prerank,IL-2/STAT5 Signaling,-0.32842628993447043,-1.1190841586144553,0.2696629213483146,0.607058804789761,0.998,19/61,23.02%,CCR4;IL2RA;GADD45B;SPRED2;CSF1;TNFRSF4;FLT3LG;RNH1;CCND3;PNP;IFITM3;XBP1;SOCS1;PIM1;NT5E;LTB;CD83;BCL2;RORA,CD8 Effector Memory,Gefitinib_vs._Gefitinib hydrochloride,Hallmark
15,prerank,Estrogen Response Late,0.3544583991687784,1.1075655966840905,0.2842377260981912,0.8839232746687761,0.976,10/34,11.36%,TOP2A;GALE;ETFB;MAPK13;ID2;WFS1;IL6ST;EGR3;FDFT1;NRIP1,CD8 Effector Memory,Gefitinib_vs._Gefitinib hydrochloride,Hallmark
16,prerank,DNA Repair,0.3491035354147723,1.1001331474736777,0.29577464788732394,0.7573660272889063,0.98,3/31,5.19%,TYMS;RAD51;PRIM1,CD8 Effector Memory,Gefitinib_vs._Gefitinib hydrochloride,Hallmark
17,prerank,Myogenesis,0.3941030267561536,1.0923011932941138,0.33021077283372363,0.6709229074267634,0.982,2/18,0.75%,COL1A1;PSEN2,CD8 Effector Memory,Gefitinib_vs._Gefitinib hydrochloride,Hallmark
18,prerank,Xenobiotic Metabolism,-0.3647723804068721,-1.059049061493202,0.356140350877193,0.7070903967176252,0.999,3/27,2.86%,HMOX1;CBR1;TMEM97,CD8 Effector Memory,Gefitinib_vs._Gefitinib hydrochloride,Hallmark
19,prerank,Inflammatory Response,0.28429453371569735,1.0356009470900545,0.392,0.7391981411904291,0.995,8/59,9.63%,ACVR2A;C3AR1;CXCR6;TLR1;TNFRSF1B;TNFSF9;TNFRSF9;LAMP3,CD8 Effector Memory,Gefitinib_vs._Gefitinib hydrochloride,Hallmark
20,prerank,IL-6/JAK/STAT3 Signaling,-0.3323172831575615,-1.0168707616131143,0.4235294117647059,0.7626702877918438,1.0,9/36,20.39%,HMOX1;IL2RA;CSF1;MYD88;FAS;SOCS1;PIM1;LTB;IL17RA,CD8 Effector Memory,Gefitinib_vs._Gefitinib hydrochloride,Hallmark
21,prerank,Apoptosis,-0.28403999573799477,-0.9819561319529551,0.4937106918238994,0.7981483451499659,1.0,13/67,14.97%,HMOX1;TIMP2;GADD45B;PDGFRB;ATF3;APP;CLU;CDK2;FAS;GADD45A;LEF1;BCL10;IFITM3,CD8 Effector Memory,Gefitinib_vs._Gefitinib hydrochloride,Hallmark
22,prerank,KRAS Signaling Up,0.2867640949838093,0.9674173962184086,0.5112219451371571,0.8433854063674117,1.0,6/39,7.45%,C3AR1;LY96;PRDM1;TNFRSF1B;ID2;LAT2,CD8 Effector Memory,Gefitinib_vs._Gefitinib hydrochloride,Hallmark
23,prerank,E2F Targets,-0.2630020810401177,-0.9243558201216493,0.6059190031152648,0.8902185816286303,1.0,19/72,19.34%,PAICS;CBX5;CDK1;UBE2T;PLK1;TIPIN;ZW10;NOLC1;CKS1B;TACC3;ANP32E;RAD51C;PSIP1;DCK;PAN2;CDCA8;MCM4;WEE1;TFRC,CD8 Effector Memory,Gefitinib_vs._Gefitinib hydrochloride,Hallmark
24,prerank,Estrogen Response Early,0.2904307659229185,0.8904761390370428,0.6330935251798561,0.9674708325093929,1.0,10/29,17.76%,IGF1R;PEX11A;WFS1;IL6ST;EGR3;FDFT1;NRIP1;PMAIP1;SLC1A4;PRSS23,CD8 Effector Memory,Gefitinib_vs._Gefitinib hydrochloride,Hallmark
25,prerank,Glycolysis,-0.28505814001320384,-0.8898902665806155,0.6460481099656358,0.9241206360331158,1.0,8/41,13.24%,FKBP4;CDK1;NSDHL;GPC1;SLC25A13;ERO1A;ME2;GNPDA1,CD8 Effector Memory,Gefitinib_vs._Gefitinib hydrochloride,Hallmark
26,prerank,Apical Junction,-0.2875784920525842,-0.8840789479455446,0.6384,0.8845766349818214,1.0,5/37,9.10%,SORBS3;PIK3R3;ICAM1;PIK3CB;CDH1,CD8 Effector Memory,Gefitinib_vs._Gefitinib hydrochloride,Hallmark
27,prerank,Unfolded Protein Response,0.28457275480746985,0.8695961917499618,0.6593673965936739,0.9330900462005861,1.0,5/28,11.51%,FKBP14;IFIT1;EIF4EBP1;WFS1;BAG3,CD8 Effector Memory,Gefitinib_vs._Gefitinib hydrochloride,Hallmark
28,prerank,Epithelial Mesenchymal Transition,-0.29060992104075745,-0.8633141067797306,0.685337726523888,0.8806026447841683,1.0,11/31,22.87%,THBS1;GADD45B;GPC1;PDGFRB;FAS;GADD45A;IL32;NT5E;CD59;MEST;IL15,CD8 Effector Memory,Gefitinib_vs._Gefitinib hydrochloride,Hallmark
29,prerank,Allograft Rejection,-0.2321638721955137,-0.8377845132244995,0.7944785276073619,0.8841524284670237,1.0,13/89,14.67%,CD40LG;CD4;ICAM1;PTPN6;IL2RA;CSF1;CD40;TLR6;AARS1;CCND3;FAS;CSK;BCL10,CD8 Effector Memory,Gefitinib_vs._Gefitinib hydrochloride,Hallmark
30,prerank,Oxidative Phosphorylation,0.2857216710094165,0.8338235080313624,0.73989898989899,0.9331125173027486,1.0,9/24,26.56%,ETFB;CYCS;NNT;ATP1B1;ATP6V0B;SUPV3L1;ALAS1;ATP6V1D;CASP7,CD8 Effector Memory,Gefitinib_vs._Gefitinib hydrochloride,Hallmark
31,prerank,Coagulation,-0.3219837143040558,-0.8141932199389712,0.7563636363636363,0.8830653992728548,1.0,5/15,15.27%,THBS1;LGMN;CLU;PECAM1;DUSP6,CD8 Effector Memory,Gefitinib_vs._Gefitinib hydrochloride,Hallmark
32,prerank,Myc Targets V1,0.25712943386314097,0.7638024876033488,0.7985611510791367,0.9854580855174092,1.0,1/25,0.45%,TYMS,CD8 Effector Memory,Gefitinib_vs._Gefitinib hydrochloride,Hallmark
33,prerank,Androgen Response,0.2837671269062281,0.7457154679146418,0.8281622911694511,0.9385152122941326,1.0,4/16,14.30%,MAF;ARID5B;UBE2J1;CDK6,CD8 Effector Memory,Gefitinib_vs._Gefitinib hydrochloride,Hallmark
34,prerank,TNF-alpha Signaling via NF-kB,-0.20678285492986898,-0.7299009831299069,0.9476923076923077,0.9668550235811176,1.0,15/75,21.07%,ICAM1;FOS;EGR1;GADD45B;CSF1;CEBPD;ATF3;FUT4;FOSB;GADD45A;NAMPT;CCRL2;NFE2L2;CD83;NFKBIA,CD8 Effector Memory,Gefitinib_vs._Gefitinib hydrochloride,Hallmark
35,prerank,Adipogenesis,-0.2240621574268103,-0.6270798210238457,0.938671209540034,1.0,1.0,5/25,15.50%,SQOR;SCARB1;SLC5A6;GADD45A;SCP2,CD8 Effector Memory,Gefitinib_vs._Gefitinib hydrochloride,Hallmark
36,prerank,Interferon Alpha Response,0.17795842316897345,0.5776384384629201,0.9813333333333333,0.9846417507085887,1.0,5/37,15.35%,IL7;IFITM2;LAMP3;IFIT2;TXNIP,CD8 Effector Memory,Gefitinib_vs._Gefitinib hydrochloride,Hallmark
37,prerank,Interferon Gamma Response,-0.1558477290293267,-0.5591568638553897,1.0,0.9865521923868763,1.0,21/82,29.12%,ICAM1;PTPN6;CD40;IFI35;MYD88;FAS;PNP;OAS3;NAMPT;IFITM3;SOCS1;PIM1;NFKBIA;IL15;ISOC1;PTPN1;LAP3;HERC6;CDKN1A;NLRC5;IFIH1,CD8 Effector Memory,Gefitinib_vs._Gefitinib hydrochloride,Hallmark
0,prerank,Hypoxia,-0.5717531958775931,-2.0088720510069624,0.0,0.004521387352013803,0.004,16/48,14.75%,VEGFA;IER3;HMOX1;GAA;SLC37A4;HK1;ALDOC;NFIL3;EXT1;FOSL2;JUN;ATF3;JMJD6;DDIT4;IGFBP3;ETS1,CD8 Effector Memory,NVP-BSK805_vs._NVP-BSK805 2HCl,Hallmark
1,prerank,TNF-alpha Signaling via NF-kB,-0.4712840761937149,-1.8224809898342638,0.0,0.013564162056041407,0.022,20/75,11.81%,VEGFA;IER3;CEBPD;CEBPB;GADD45B;ICAM1;SLC2A6;CSF1;NFKBIE;NFIL3;FOSB;MSC;TGIF1;FOSL2;JUN;ATF3;CD80;RIPK2;NAMPT;ID2,CD8 Effector Memory,NVP-BSK805_vs._NVP-BSK805 2HCl,Hallmark
2,prerank,heme Metabolism,-0.534691016606755,-1.5819179709556965,0.02127659574468085,0.10926686100700023,0.241,8/22,19.71%,HEBP1;PPOX;ARHGEF12;SLC11A2;TFRC;FBXO7;SLC25A37;PSMD9,CD8 Effector Memory,NVP-BSK805_vs._NVP-BSK805 2HCl,Hallmark
3,prerank,Myogenesis,-0.520762738624468,-1.4468512630007402,0.0640176600441501,0.21956987328217029,0.515,4/18,6.47%,GAA;GADD45B;APP;FOXO4,CD8 Effector Memory,NVP-BSK805_vs._NVP-BSK805 2HCl,Hallmark
4,prerank,p53 Pathway,-0.3963513814028507,-1.424295201791429,0.033632286995515695,0.2009756677970135,0.569,5/54,2.26%,ZBTB16;IER3;HMOX1;TRIB3;APP,CD8 Effector Memory,NVP-BSK805_vs._NVP-BSK805 2HCl,Hallmark
5,prerank,Epithelial Mesenchymal Transition,0.4619948891674215,1.4113428182999885,0.07394366197183098,1.0,0.702,9/31,9.18%,NT5E;PDGFRB;TPM1;LRP1;THBS1;COL1A1;SGCB;MEST;GPC1,CD8 Effector Memory,NVP-BSK805_vs._NVP-BSK805 2HCl,Hallmark
6,prerank,Myc Targets V1,-0.4557328811188418,-1.3473020335656156,0.10714285714285714,0.2756162373331747,0.739,9/25,18.13%,CDK2;NOLC1;MCM6;TYMS;HDAC2;MCM4;HPRT1;PWP1;MYC,CD8 Effector Memory,NVP-BSK805_vs._NVP-BSK805 2HCl,Hallmark
7,prerank,Coagulation,0.5166186077414975,1.336471979566302,0.1256931608133087,0.9302298145439102,0.857,4/15,6.09%,LGMN;LRP1;THBS1;CSRP1,CD8 Effector Memory,NVP-BSK805_vs._NVP-BSK805 2HCl,Hallmark
8,prerank,G2-M Checkpoint,0.38903729301804385,1.336240832845943,0.06818181818181818,0.6219464237962657,0.86,13/57,8.58%,PLK1;KIF11;NUSAP1;NDC80;CDKN1B;BUB1;RPA2;SUV39H1;TMPO;CENPE;CCNF;CDC6;STMN1,CD8 Effector Memory,NVP-BSK805_vs._NVP-BSK805 2HCl,Hallmark
9,prerank,Mitotic Spindle,0.42772133018123465,1.3277613931890253,0.09895833333333333,0.49089235996413577,0.872,8/33,8.05%,PLK1;KIF11;NUSAP1;NDC80;BUB1;EPB41L2;CENPE;NCK2,CD8 Effector Memory,NVP-BSK805_vs._NVP-BSK805 2HCl,Hallmark
10,prerank,IL-2/STAT5 Signaling,0.3651998738935147,1.2944483279509715,0.08808290155440414,0.47233259402576566,0.915,14/61,15.65%,FAH;NT5E;ALCAM;PLSCR1;IL2RA;PRAF2;CDC6;IL18R1;EOMES;ITGA6;TNFSF10;CTLA4;BATF;IGF2R,CD8 Effector Memory,NVP-BSK805_vs._NVP-BSK805 2HCl,Hallmark
11,prerank,mTORC1 Signaling,-0.36329330427723977,-1.2793318013784538,0.11241217798594848,0.3528296915767914,0.871,18/54,18.21%,SLC37A4;TRIB3;MLLT11;INSIG1;TMEM97;NFIL3;EBP;HMGCS1;TFRC;NAMPT;DDIT4;PIK3R3;NMT1;PSMG1;SLC1A4;MCM4;HPRT1;AURKA,CD8 Effector Memory,NVP-BSK805_vs._NVP-BSK805 2HCl,Hallmark
12,prerank,Glycolysis,-0.3732176430960687,-1.2585959642835096,0.14414414414414414,0.3434841453982985,0.902,9/41,8.88%,VEGFA;IER3;SLC37A4;SLC25A13;NASP;EXT1;SPAG4;COG2;SLC35A3,CD8 Effector Memory,NVP-BSK805_vs._NVP-BSK805 2HCl,Hallmark
13,prerank,KRAS Signaling Up,-0.3803211299473497,-1.2536488694040315,0.13981042654028436,0.31411082687184777,0.909,8/39,14.75%,LY96;ENG;PECAM1;LAT2;KIF5C;ID2;IGFBP3;ETS1,CD8 Effector Memory,NVP-BSK805_vs._NVP-BSK805 2HCl,Hallmark
14,prerank,UV Response Up,-0.3737624011680309,-1.2528218270453808,0.16515837104072398,0.28360402165506576,0.909,14/37,27.24%,HMOX1;ICAM1;CDK2;FOSB;ATF3;TFRC;FKBP4;STK25;CASP3;IL6ST;IRF1;ALAS1;JUNB;YKT6,CD8 Effector Memory,NVP-BSK805_vs._NVP-BSK805 2HCl,Hallmark
15,prerank,Apoptosis,-0.33075159614442706,-1.238261722080054,0.1206896551724138,0.2776542869350294,0.924,6/67,3.01%,IER3;TOP2A;HMOX1;GADD45B;APP;CDK2,CD8 Effector Memory,NVP-BSK805_vs._NVP-BSK805 2HCl,Hallmark
16,prerank,Adipogenesis,0.4196386197022757,1.220797903343644,0.20747663551401868,0.575023988171079,0.968,9/25,25.13%,FAH;HADH;SCP2;CAT;DECR1;ECH1;PGM1;DLD;DNAJC15,CD8 Effector Memory,NVP-BSK805_vs._NVP-BSK805 2HCl,Hallmark
17,prerank,Inflammatory Response,-0.3394569959735494,-1.2125927374199053,0.17518248175182483,0.28739068356237735,0.944,13/59,11.66%,OSM;LTA;ICAM1;CD70;CSF1;TLR3;SELL;SLC11A2;IL4R;CXCR6;NOD2;RIPK2;NAMPT,CD8 Effector Memory,NVP-BSK805_vs._NVP-BSK805 2HCl,Hallmark
18,prerank,Estrogen Response Late,0.38722046478899047,1.2066165754377918,0.17985611510791366,0.5287419861531514,0.976,10/34,15.12%,GALE;MICB;CDH1;UGDH;WFS1;MEST;CDC6;LSR;EGR3;BATF,CD8 Effector Memory,NVP-BSK805_vs._NVP-BSK805 2HCl,Hallmark
19,prerank,Apical Junction,-0.3573736678925719,-1.1995727217271437,0.20319634703196346,0.28441265439302205,0.952,8/37,7.00%,ICAM1;INSIG1;ICAM2;PECAM1;RASA1;CD274;JAM3;MPZL1,CD8 Effector Memory,NVP-BSK805_vs._NVP-BSK805 2HCl,Hallmark
20,prerank,UV Response Dn,0.38390834938374274,1.1483670873266043,0.2870722433460076,0.6028561653532161,0.991,5/29,8.50%,PDGFRB;ACVR2A;COL1A1;CDKN1B;PRKCE,CD8 Effector Memory,NVP-BSK805_vs._NVP-BSK805 2HCl,Hallmark
21,prerank,Interferon Alpha Response,0.3310268549633606,1.0646292228223553,0.3587360594795539,0.7548435132315081,0.999,12/37,25.66%,PSME2;PLSCR1;IFIT2;CD47;CCRL2;PSME1;LAMP3;PSMB9;IL7;MX1;PSMB8;IFITM3,CD8 Effector Memory,NVP-BSK805_vs._NVP-BSK805 2HCl,Hallmark
22,prerank,Cholesterol Homeostasis,-0.36478803657912173,-1.0621655536116397,0.3832199546485261,0.4835462294859047,0.997,8/22,10.53%,TRIB3;ALDOC;TMEM97;NFIL3;ACAT2;EBP;ATF3;HMGCS1,CD8 Effector Memory,NVP-BSK805_vs._NVP-BSK805 2HCl,Hallmark
23,prerank,Unfolded Protein Response,-0.32851646832243087,-1.0171256778601627,0.4336283185840708,0.5385725900807107,0.998,11/28,25.06%,VEGFA;CEBPB;NOLC1;ATF3;DDIT4;SLC1A4;DDX10;EIF4G1;HERPUD1;CKS1B;SHC1,CD8 Effector Memory,NVP-BSK805_vs._NVP-BSK805 2HCl,Hallmark
24,prerank,Fatty Acid Metabolism,0.36206526669223543,1.0128544888144544,0.42105263157894735,0.8253267896748621,1.0,11/22,28.89%,CRYZ;UGDH;HADH;PSME1;CBR1;DECR1;ECH1;DLD;BLVRA;CBR3;PCBD1,CD8 Effector Memory,NVP-BSK805_vs._NVP-BSK805 2HCl,Hallmark
25,prerank,Spermatogenesis,0.3787081665387501,0.9808578647481078,0.5046904315196998,0.8397132573433833,1.0,7/15,20.92%,BUB1;IL12RB2;PHKG2;IDE;PARP2;TOPBP1;BRAF,CD8 Effector Memory,NVP-BSK805_vs._NVP-BSK805 2HCl,Hallmark
26,prerank,Allograft Rejection,-0.23418042529148747,-0.9270743785398271,0.6065573770491803,0.6863324707002202,1.0,22/89,21.14%,TLR6;DYRK3;ICAM1;CSF1;TLR3;PSMB10;IL4R;NCF4;LTB;IL12A;CD80;RIPK2;CD40LG;NCR1;ETS1;GZMA;TRAF2;AARS1;IRF4;CD79A;JAK2;SOCS1,CD8 Effector Memory,NVP-BSK805_vs._NVP-BSK805 2HCl,Hallmark
27,prerank,Interferon Gamma Response,0.24777814053800115,0.9221926621811517,0.6129597197898424,0.9230569581426077,1.0,9/82,11.74%,PSME2;IFIT1;PLSCR1;IL15RA;STAT1;XCL1;CD38;TNFSF10;IFIT2,CD8 Effector Memory,NVP-BSK805_vs._NVP-BSK805 2HCl,Hallmark
28,prerank,Oxidative Phosphorylation,0.3043570694913512,0.8910179002190043,0.6390423572744015,0.935368062639074,1.0,7/24,23.48%,ATP1B1;BAX;ATP6V0B;PDHX;DECR1;ECH1;DLD,CD8 Effector Memory,NVP-BSK805_vs._NVP-BSK805 2HCl,Hallmark
29,prerank,Xenobiotic Metabolism,0.29204291534803256,0.8712403025805905,0.6511194029850746,0.9128740637871874,1.0,9/27,22.95%,FAH;UGDH;CAT;ABHD6;CBR1;ADH5;ECH1;ARG2;PGRMC1,CD8 Effector Memory,NVP-BSK805_vs._NVP-BSK805 2HCl,Hallmark
30,prerank,Complement,0.23834413322755427,0.8449846079989658,0.7580071174377224,0.9064099539112516,1.0,16/61,24.08%,PLSCR1;LGMN;LRP1;TIMP2;CSRP1;PIK3CG;PIK3CA;GZMK;PRCP;LYN;CD59;CTSS;PSMB9;S100A13;DOCK9;STX4,CD8 Effector Memory,NVP-BSK805_vs._NVP-BSK805 2HCl,Hallmark
31,prerank,E2F Targets,0.2247268770271617,0.8049957884069623,0.8380281690140845,0.9249622481242037,1.0,25/72,24.98%,PLK1;CDKN1B;UBE2T;RPA2;SUV39H1;TMPO;CENPE;STMN1;PSIP1;TP53;RAD51C;HMMR;LBR;MCM5;LIG1;RFC2;MCM2;MCM3;CDK4;CTCF;ZW10;SMC1A;WEE1;CDKN2A;MTHFD2,CD8 Effector Memory,NVP-BSK805_vs._NVP-BSK805 2HCl,Hallmark
32,prerank,IL-6/JAK/STAT3 Signaling,0.24899561466036418,0.8004242070747746,0.8017391304347826,0.8794132914361535,1.0,7/36,12.64%,IL15RA;IL2RA;STAT1;IL18R1;CD38;ACVR1B;TNF,CD8 Effector Memory,NVP-BSK805_vs._NVP-BSK805 2HCl,Hallmark
33,prerank,Pperoxisome,-0.27711437586229093,-0.7963333082061606,0.7792792792792793,0.8978278443270936,1.0,2/20,6.25%,TOP2A;PEX11A,CD8 Effector Memory,NVP-BSK805_vs._NVP-BSK805 2HCl,Hallmark
34,prerank,DNA Repair,0.25004343596460915,0.7611806109171815,0.837696335078534,0.888736832722487,1.0,10/31,27.77%,DDB2;RPA2;POLD4;VPS28;TP53;LIG1;RFC2;MPC2;FEN1;RFC5,CD8 Effector Memory,NVP-BSK805_vs._NVP-BSK805 2HCl,Hallmark
35,prerank,Androgen Response,-0.28161361467071727,-0.7480968132628817,0.7923728813559322,0.9151413594569048,1.0,4/16,17.61%,INSIG1;HMGCS1;RRP12;ZMIZ1,CD8 Effector Memory,NVP-BSK805_vs._NVP-BSK805 2HCl,Hallmark
36,prerank,Estrogen Response Early,-0.22347830065435248,-0.7056755639518989,0.908695652173913,0.9121898982687846,1.0,11/29,24.83%,PEX11A;TIAM1;RRP12;SLC1A4;FKBP4;GAB2;MYC;BCL2;JAK2;IL6ST;PRSS23,CD8 Effector Memory,NVP-BSK805_vs._NVP-BSK805 2HCl,Hallmark
37,prerank,PI3K/AKT/mTOR  Signaling,0.21259625217786637,0.687418252069324,0.9332220367278798,0.9235524515124345,1.0,11/41,23.78%,CDKN1B;AKT1;PAK4;MAP3K7;MAPK9;NCK1;CAB39;ECSIT;PIN1;CDK4;NFKBIB,CD8 Effector Memory,NVP-BSK805_vs._NVP-BSK805 2HCl,Hallmark
0,prerank,TNF-alpha Signaling via NF-kB,0.6105473624576689,2.536749689724295,0.0,0.0,0.0,31/75,10.31%,DUSP4;NR4A1;ZFP36;ATF3;DUSP1;TNFSF9;FOSL2;DUSP2;FOS;BCL2A1;PLAUR;GADD45A;VEGFA;TNFRSF9;CEBPB;CDKN1A;BCL6;EGR1;CD69;STAT5A;GADD45B;ID2;NFIL3;EGR3;TIPARP;FOSB;NAMPT;REL;NFE2L2;EGR2;BTG1,CD8 Effector Memory,Ruxolitinib_vs._Ruxolitinib phosphate,Hallmark
1,prerank,Unfolded Protein Response,0.6436639601221943,2.167446831398445,0.0,0.0010379998194782923,0.001,8/28,9.18%,DDIT4;WFS1;ATF3;SLC1A4;VEGFA;CEBPB;MTHFD2;BAG3,CD8 Effector Memory,Ruxolitinib_vs._Ruxolitinib phosphate,Hallmark
2,prerank,Hypoxia,0.549807463450178,2.1385968033518865,0.0,0.0020759996389565845,0.003,19/48,13.17%,DDIT4;ZFP36;ATF3;DUSP1;FOSL2;FOS;PLAUR;VEGFA;CDKN1A;BCL2;ALDOC;NFIL3;TIPARP;SCARB1;JMJD6;BTG1;CDKN1B;GPC1;IGFBP3,CD8 Effector Memory,Ruxolitinib_vs._Ruxolitinib phosphate,Hallmark
3,prerank,Estrogen Response Early,0.5279193042978767,1.8289804967487846,0.0031746031746031746,0.015050997382435238,0.029,9/29,8.73%,WFS1;FOS;SLC1A4;TIAM1;BCL2;EGR3;TIPARP;PMAIP1;SCARB1,CD8 Effector Memory,Ruxolitinib_vs._Ruxolitinib phosphate,Hallmark
4,prerank,Estrogen Response Late,0.49082399814862054,1.785165142590631,0.006734006734006734,0.015362397328278727,0.036,12/34,12.87%,WFS1;ZFP36;DUSP2;FOS;SLC1A4;TIAM1;BCL2;ID2;EGR3;SCARB1;FKBP4;CDC6,CD8 Effector Memory,Ruxolitinib_vs._Ruxolitinib phosphate,Hallmark
5,prerank,Inflammatory Response,0.4434743315252193,1.7589081880267572,0.0,0.015915997232000482,0.045,17/59,8.13%,RGS1;TLR3;TNFSF9;TNFRSF1B;OSM;PLAUR;TNFRSF9;CDKN1A;LYN;CD69;IL18RAP;CD55;C3AR1;NLRP3;CXCR6;NAMPT;CCR7,CD8 Effector Memory,Ruxolitinib_vs._Ruxolitinib phosphate,Hallmark
6,prerank,Coagulation,0.5686534948235452,1.6852652043527867,0.0058309037900874635,0.023429138782510024,0.077,3/15,2.18%,THBS1;DUSP6;DPP4,CD8 Effector Memory,Ruxolitinib_vs._Ruxolitinib phosphate,Hallmark
7,prerank,KRAS Signaling Up,0.4249922383440784,1.6025947913685719,0.014388489208633094,0.03944399314017511,0.146,10/39,9.41%,DUSP6;LY96;TNFRSF1B;PLAUR;SATB1;ID2;C3AR1;CCND2;ENG;IRF8,CD8 Effector Memory,Ruxolitinib_vs._Ruxolitinib phosphate,Hallmark
8,prerank,IL-2/STAT5 Signaling,0.37423763604266813,1.526438322441971,0.010869565217391304,0.06389465555455265,0.241,22/61,16.93%,IRF4;TNFRSF1B;TNFRSF9;IL3RA;TIAM1;BCL2;GADD45B;NFIL3;TNFRSF18;CCND2;SPRED2;ALCAM;IFNGR1;SOCS1;IRF8;TNFRSF4;CDC6;ITGA6;CTLA4;PRKCH;PNP;IL2RB,CD8 Effector Memory,Ruxolitinib_vs._Ruxolitinib phosphate,Hallmark
9,prerank,Complement,0.3677191979308129,1.5079359877942542,0.007692307692307693,0.06788518819388031,0.278,9/61,5.57%,TIMP2;DUSP6;DPP4;PLAUR;CEBPB;LYN;CD55;CD40LG;LAP3,CD8 Effector Memory,Ruxolitinib_vs._Ruxolitinib phosphate,Hallmark
10,prerank,mTORC1 Signaling,0.3824927470429352,1.5004637432217771,0.02214022140221402,0.06397853432784384,0.286,15/54,14.07%,DDIT4;INSIG1;SLC1A4;CDKN1A;NFIL3;PIK3R3;NAMPT;MTHFD2;HSPD1;MLLT11;EBP;TFRC;ATP6V1D;MCM4;HMGCS1,CD8 Effector Memory,Ruxolitinib_vs._Ruxolitinib phosphate,Hallmark
11,prerank,Cholesterol Homeostasis,0.43109324278489763,1.4173641550300293,0.09523809523809523,0.10033998254956825,0.432,10/22,15.88%,ATF3;PLAUR;ALDOC;NFIL3;CXCL16;ALCAM;CLU;EBP;HMGCS1;ATF5,CD8 Effector Memory,Ruxolitinib_vs._Ruxolitinib phosphate,Hallmark
12,prerank,p53 Pathway,0.34262457072065594,1.3697517256191198,0.04946996466431095,0.12519874745707404,0.53,12/54,11.06%,DDIT4;ATF3;TNFSF9;FOS;GADD45A;CDKN1A;APP;CCND2;CDKN2A;SOCS1;BTG1;PCNA,CD8 Effector Memory,Ruxolitinib_vs._Ruxolitinib phosphate,Hallmark
13,prerank,Fatty Acid Metabolism,-0.4827698225634689,-1.3692303143783064,0.08345323741007195,1.0,0.84,13/22,37.85%,BPHL;DECR1;BLVRA;HSD17B10;PCBD1;ECH1;DLD;CRYZ;UBE2L6;CBR1;ACAT2;HADH;UGDH,CD8 Effector Memory,Ruxolitinib_vs._Ruxolitinib phosphate,Hallmark
14,prerank,Androgen Response,0.45058371936887515,1.352296032082942,0.12727272727272726,0.12930512036929584,0.56,6/16,14.07%,INSIG1;MAF;CDK6;ARID5B;UBE2J1;HMGCS1,CD8 Effector Memory,Ruxolitinib_vs._Ruxolitinib phosphate,Hallmark
15,prerank,Epithelial Mesenchymal Transition,0.37627786484036063,1.3492785792180602,0.08053691275167785,0.12345277852995157,0.568,7/31,7.67%,THBS1;PLAUR;GADD45A;VEGFA;GADD45B;ID2;COL1A1,CD8 Effector Memory,Ruxolitinib_vs._Ruxolitinib phosphate,Hallmark
16,prerank,Apoptosis,0.32138927271369105,1.3482597878981557,0.04081632653061224,0.11677497969130787,0.571,26/67,19.11%,TIMP2;ATF3;GADD45A;SATB1;CDKN1A;CD69;APP;GADD45B;PAK1;EGR3;CCND2;PMAIP1;IFNGR1;CD38;CLU;EBP;CDKN1B;HSPB1;HMGB2;ISG20;DNM1L;TOP2A;CASP3;LGALS3;LEF1;FASLG,CD8 Effector Memory,Ruxolitinib_vs._Ruxolitinib phosphate,Hallmark
17,prerank,Interferon Alpha Response,-0.3833490137332868,-1.2474999155057205,0.16805555555555557,1.0,0.981,10/37,14.60%,TXNIP;IRF2;IFIT2;IL15;LAMP3;PSME2;CD47;IFIH1;STAT2;IFITM3,CD8 Effector Memory,Ruxolitinib_vs._Ruxolitinib phosphate,Hallmark
18,prerank,heme Metabolism,-0.4325702080679204,-1.2299714309044572,0.19714285714285715,0.8801678986664685,0.988,9/22,26.03%,PPOX;BLVRA;ARHGEF12;CCND3;SLC11A2;FOXO3;HEBP1;LRP10;CAT,CD8 Effector Memory,Ruxolitinib_vs._Ruxolitinib phosphate,Hallmark
19,prerank,Spermatogenesis,-0.45913541300005484,-1.1983315707158395,0.24807395993836673,0.7795029902306749,0.991,3/15,15.20%,PARP2;IL12RB2;IDE,CD8 Effector Memory,Ruxolitinib_vs._Ruxolitinib phosphate,Hallmark
20,prerank,Xenobiotic Metabolism,-0.39287436409631243,-1.1898032538875885,0.2488822652757079,0.6511273726830356,0.992,14/27,29.65%,BPHL;FAH;HMOX1;PPARD;ADH5;TMEM97;NMT1;FAS;ECH1;TNFRSF1A;CAT;SLC35B1;DHRS7;CNDP2,CD8 Effector Memory,Ruxolitinib_vs._Ruxolitinib phosphate,Hallmark
21,prerank,UV Response Up,0.31386743442441617,1.1645040318374966,0.19776119402985073,0.2867321854276506,0.882,11/37,12.11%,NR4A1;ATF3;FOS;LYN;FOSB;DNAJB1;CREG1;BTG1;FEN1;TFRC;FKBP4,CD8 Effector Memory,Ruxolitinib_vs._Ruxolitinib phosphate,Hallmark
22,prerank,Myc Targets V1,0.34535412004725846,1.1559862368605256,0.22448979591836735,0.2826819508379216,0.891,7/25,16.25%,TYMS;HSPD1;PCNA;RRM1;MCM4;TFDP1;NOLC1,CD8 Effector Memory,Ruxolitinib_vs._Ruxolitinib phosphate,Hallmark
23,prerank,Allograft Rejection,0.25150621435144155,1.1055042149625844,0.24774774774774774,0.3401361513722025,0.936,17/89,10.99%,IFNG;IRF4;TLR3;CD4;LYN;IL18RAP;CD40LG;CCND2;NLRP3;IL7;CD79A;CDKN2A;IFNGR1;SOCS1;IRF8;CD7;TRAT1,CD8 Effector Memory,Ruxolitinib_vs._Ruxolitinib phosphate,Hallmark
24,prerank,Pperoxisome,-0.3877722443487538,-1.0784975801542962,0.35285714285714287,0.8790535269863675,1.0,9/20,32.51%,PEX11A;IDE;ABCB1;MVP;ABCC5;ECH1;CAT;FIS1;SCP2,CD8 Effector Memory,Ruxolitinib_vs._Ruxolitinib phosphate,Hallmark
25,prerank,Myogenesis,0.3580300772306886,1.067803411249294,0.37920489296636084,0.3852017330083943,0.962,7/18,14.75%,CDKN1A;APP;GADD45B;COL1A1;CLU;IGFBP3;TGFB1,CD8 Effector Memory,Ruxolitinib_vs._Ruxolitinib phosphate,Hallmark
26,prerank,Interferon Gamma Response,-0.27530507754902733,-1.0256354087963873,0.44026845637583895,0.9180830684489538,1.0,22/82,20.77%,TXNIP;PTPN6;CMKLR1;IRF2;CD40;SLAMF7;IFIT2;OAS3;NLRC5;IL15;STAT1;PIM1;IFNAR2;PSME2;IFIH1;STAT2;IFITM3;ICAM1;MVP;PSMB9;NCOA3;FAS,CD8 Effector Memory,Ruxolitinib_vs._Ruxolitinib phosphate,Hallmark
27,prerank,IL-6/JAK/STAT3 Signaling,-0.30828362405765486,-0.9725924163784058,0.49784791965566716,0.956966680286765,1.0,12/36,24.91%,TNFRSF12A;IL10RB;HMOX1;STAT1;PIM1;STAT2;FAS;IL18R1;IFNAR1;TYK2;CSF1;TNFRSF1A,CD8 Effector Memory,Ruxolitinib_vs._Ruxolitinib phosphate,Hallmark
28,prerank,Glycolysis,0.2629180487063131,0.967678418518341,0.4845360824742268,0.5612119023979301,0.993,9/41,15.27%,DDIT4;VEGFA;SPAG4;HMMR;FKBP4;GPC1;IGFBP3;ABCB6;ISG20,CD8 Effector Memory,Ruxolitinib_vs._Ruxolitinib phosphate,Hallmark
29,prerank,E2F Targets,-0.26125713697725994,-0.9651692260125544,0.521505376344086,0.8708195584611765,1.0,19/72,26.19%,PLK1;CBX5;CDC25B;MCM5;TIPIN;TIMELESS;PAN2;MCM3;PAICS;NUP107;CDK4;TP53;RAD51C;DCK;DNMT1;LIG1;PSIP1;TACC3;TMPO,CD8 Effector Memory,Ruxolitinib_vs._Ruxolitinib phosphate,Hallmark
30,prerank,PI3K/AKT/mTOR  Signaling,-0.29238098302314824,-0.9645889451407328,0.5203938115330521,0.785019130047175,1.0,14/41,25.88%,TRAF2;TBK1;IRAK4;CDK4;STAT2;NCK1;PIN1;LCK;AKT1;NFKBIB;MAPK9;ECSIT;TNFRSF1A;TRIB3,CD8 Effector Memory,Ruxolitinib_vs._Ruxolitinib phosphate,Hallmark
31,prerank,UV Response Dn,0.2668435350758965,0.9269026145736067,0.5750798722044729,0.6149677112309118,0.997,6/29,12.72%,DUSP1;INSIG1;PIK3R3;COL1A1;CDKN1B;RXRA,CD8 Effector Memory,Ruxolitinib_vs._Ruxolitinib phosphate,Hallmark
32,prerank,DNA Repair,-0.2846905589091655,-0.8863148418827004,0.6622807017543859,0.885672219389392,1.0,13/31,31.53%,RAD51;POLA1;DDB2;VPS28;POLD4;TP53;LIG1;MPC2;PRIM1;ADA;POLR2I;POLD3;NUDT9,CD8 Effector Memory,Ruxolitinib_vs._Ruxolitinib phosphate,Hallmark
33,prerank,Mitotic Spindle,-0.28513230579830906,-0.8851495274673188,0.646551724137931,0.8143271052338322,1.0,8/33,21.37%,PLK1;ARHGEF12;HDAC6;NCK1;ARFIP2;ECT2;ARHGEF2;NCK2,CD8 Effector Memory,Ruxolitinib_vs._Ruxolitinib phosphate,Hallmark
34,prerank,Adipogenesis,-0.2811057771424984,-0.8204037210473948,0.7514619883040936,0.8700671194635015,1.0,14/25,36.95%,FAH;DECR1;VEGFB;SQOR;NMT1;ECH1;ETFB;CAT;TANK;DHRS7;DLD;SCP2;HADH;REEP5,CD8 Effector Memory,Ruxolitinib_vs._Ruxolitinib phosphate,Hallmark
35,prerank,Apical Junction,-0.23325062046874748,-0.7413240381044923,0.8651226158038147,0.9255652783010608,1.0,16/37,36.57%,CTNND1;EVL;AKT3;ICAM1;RAC2;MAP4K2;ITGA3;AKT2;MAPK14;CD274;MAPK13;IKBKG;FYB1;RSU1;HADH;MAPK11,CD8 Effector Memory,Ruxolitinib_vs._Ruxolitinib phosphate,Hallmark
36,prerank,Oxidative Phosphorylation,0.18468854369607016,0.6028539077226504,0.9506578947368421,0.977615308240816,1.0,3/24,6.70%,CYCS;SUPV3L1;ATP1B1,CD8 Effector Memory,Ruxolitinib_vs._Ruxolitinib phosphate,Hallmark
37,prerank,G2-M Checkpoint,-0.15556381068803615,-0.5429090247273771,0.9986648865153538,0.98922774042569,1.0,4/57,8.43%,PLK1;CDC25B;MCM5;MCM3,CD8 Effector Memory,Ruxolitinib_vs._Ruxolitinib phosphate,Hallmark
0,prerank,Complement,-0.5681475812062025,-1.8716776770037775,0.0,0.011137140443181382,0.01,17/61,15.88%,F5;LRP1;DUSP6;TIMP2;CD40LG;S100A13;CTSD;FCER1G;LGMN;CTSH;CSRP1;PRKCD;PIK3CA;PLSCR1;CASP10;PSMB9;HSPA1A,CD8 Effector Memory,Tofacitinib citrate_vs._Tofacitinib,Hallmark
1,prerank,Coagulation,-0.7048082766066347,-1.7745182792870193,0.0029940119760479044,0.02617228004147625,0.044,6/15,11.74%,LRP1;DUSP6;S100A13;LGMN;CTSH;CSRP1,CD8 Effector Memory,Tofacitinib citrate_vs._Tofacitinib,Hallmark
2,prerank,UV Response Dn,-0.5983087369252396,-1.7016618334544777,0.010526315789473684,0.044919799787498244,0.111,7/29,5.49%,MAP2K5;COL1A1;IGF1R;ACVR2A;ZMIZ1;AKT3;MYC,CD8 Effector Memory,Tofacitinib citrate_vs._Tofacitinib,Hallmark
3,prerank,Estrogen Response Early,-0.4900449331016012,-1.410515689224757,0.07413010590015129,0.4287799070624832,0.747,7/29,12.11%,IGF1R;TIAM1;WFS1;NRIP1;MYC;MICB;XBP1,CD8 Effector Memory,Tofacitinib citrate_vs._Tofacitinib,Hallmark
4,prerank,KRAS Signaling Up,-0.4244642434949541,-1.308240163107526,0.11904761904761904,0.6624371135604286,0.921,14/39,24.00%,DUSP6;ENG;FCER1G;CLEC4A;ST6GAL1;TRIB2;IL7R;C3AR1;CMKLR1;CTSS;PECAM1;ABCB1;IKZF1;SATB1,CD8 Effector Memory,Tofacitinib citrate_vs._Tofacitinib,Hallmark
5,prerank,Spermatogenesis,0.45205921920996767,1.2512377949260731,0.19834710743801653,1.0,0.801,4/15,8.43%,PARP2;IL12RB2;CDK1;EZH2,CD8 Effector Memory,Tofacitinib citrate_vs._Tofacitinib,Hallmark
6,prerank,Epithelial Mesenchymal Transition,-0.4246891453441902,-1.2437043971695172,0.1760355029585799,0.7992754458056505,0.972,4/31,7.15%,LRP1;COL1A1;TNFRSF12A;VEGFA,CD8 Effector Memory,Tofacitinib citrate_vs._Tofacitinib,Hallmark
7,prerank,Myogenesis,-0.47164032207395146,-1.2233218078267054,0.23148148148148148,0.7681444865668531,0.984,2/18,0.75%,APP;COL1A1,CD8 Effector Memory,Tofacitinib citrate_vs._Tofacitinib,Hallmark
8,prerank,E2F Targets,-0.3541871619815104,-1.2073792739829032,0.18046132971506107,0.7293434847728407,0.989,25/72,21.37%,CENPE;AURKA;UBE2T;PAICS;MYC;NASP;MCM4;POLD3;CBX5;LIG1;EED;PAN2;WEE1;CHEK2;CKS1B;HMGB2;NCAPD2;MSH2;RPA1;DNMT1;JPT1;CTCF;SMC1A;STMN1;TACC3,CD8 Effector Memory,Tofacitinib citrate_vs._Tofacitinib,Hallmark
9,prerank,Inflammatory Response,-0.35799642830043643,-1.1943789937561267,0.18220338983050846,0.6940913416200485,0.993,12/59,10.76%,ACVR2A;NLRP3;SELL;LTA;IL15RA;IRAK2;MYC;IL7R;IL18RAP;C3AR1;TNFSF9;CCR7,CD8 Effector Memory,Tofacitinib citrate_vs._Tofacitinib,Hallmark
10,prerank,mTORC1 Signaling,0.3209781672014958,1.193791040986783,0.15770609318996415,0.8724604966139956,0.879,13/54,11.44%,TMEM97;MLLT11;CCNF;PLK1;EBP;RPN1;HSPA4;NFKBIB;CDKN1A;BHLHE40;DDIT4;INSIG1;PGM1,CD8 Effector Memory,Tofacitinib citrate_vs._Tofacitinib,Hallmark
11,prerank,Estrogen Response Late,-0.40190610733091303,-1.1892514289170482,0.23121387283236994,0.6398287184607704,0.993,13/34,25.58%,TIAM1;WFS1;NRIP1;CDH1;MICB;LSR;HPRT1;XBP1;UGDH;CDC6;IL6ST;BCL2;FKBP4,CD8 Effector Memory,Tofacitinib citrate_vs._Tofacitinib,Hallmark
12,prerank,DNA Repair,-0.41094184021411606,-1.1855502478442852,0.23190546528803546,0.5916858977268363,0.993,16/31,33.03%,TYMS;POLA1;HPRT1;POLD3;POLD4;RFC5;LIG1;PRIM1;MPC2;POLR1C;FEN1;RALA;RAD51;TP53;RBX1;POLR2I,CD8 Effector Memory,Tofacitinib citrate_vs._Tofacitinib,Hallmark
13,prerank,Xenobiotic Metabolism,-0.4135896592270182,-1.1674819127071472,0.2688821752265861,0.5904540624959996,0.996,9/27,16.63%,HMOX1;FAH;PPARD;CNDP2;HPRT1;DHRS7;ABHD6;ARG2;UGDH,CD8 Effector Memory,Tofacitinib citrate_vs._Tofacitinib,Hallmark
14,prerank,PI3K/AKT/mTOR  Signaling,0.3325926757163236,1.1584515656482337,0.22903225806451613,0.6874843240531728,0.919,14/41,17.31%,HRAS;CDK2;CAB39;DUSP3;NFKBIB;CDK1;CDKN1A;PIN1;ATF1;MAPK9;FASLG;STAT2;VAV3;TRAF2,CD8 Effector Memory,Tofacitinib citrate_vs._Tofacitinib,Hallmark
15,prerank,Mitotic Spindle,-0.3901796859528565,-1.157245056877509,0.2603129445234708,0.5710782938019007,0.997,4/33,1.88%,CENPE;AURKA;BUB1;TIAM1,CD8 Effector Memory,Tofacitinib citrate_vs._Tofacitinib,Hallmark
16,prerank,Glycolysis,-0.3731172595790414,-1.1538931210534018,0.25667655786350146,0.5390375974499789,0.997,15/41,20.62%,AURKA;SLC37A4;SLC25A13;EXT1;B3GAT1;VEGFA;DLD;NASP;GNPDA1;HS2ST1;ME2;AGL;SLC35A3;STMN1;NT5E,CD8 Effector Memory,Tofacitinib citrate_vs._Tofacitinib,Hallmark
17,prerank,Pperoxisome,-0.4265644578011838,-1.125055453016548,0.3201267828843106,0.5713353047352049,1.0,12/20,32.20%,ISOC1;SLC25A4;ABCC5;MVP;MSH2;ABCB1;SCP2;CDK7;ACAA1;PEX11A;FIS1;HSD17B11,CD8 Effector Memory,Tofacitinib citrate_vs._Tofacitinib,Hallmark
18,prerank,IL-6/JAK/STAT3 Signaling,-0.3656541714723013,-1.111867465260288,0.31386861313868614,0.5663235915357733,1.0,12/36,28.29%,HMOX1;TNFRSF12A;IL15RA;LTB;IL2RA;IL12RB1;IL10RB;IL18R1;IL6ST;STAT1;SOCS1;TNFRSF1B,CD8 Effector Memory,Tofacitinib citrate_vs._Tofacitinib,Hallmark
19,prerank,Myc Targets V1,-0.3858304825575839,-1.0718325293644357,0.3688046647230321,0.6212558989569944,1.0,6/25,12.49%,HDAC2;MYC;TYMS;HPRT1;MCM4;PSMD7,CD8 Effector Memory,Tofacitinib citrate_vs._Tofacitinib,Hallmark
20,prerank,p53 Pathway,-0.31360011860963477,-1.035788992075695,0.39598278335724535,0.6679190615785723,1.0,7/54,9.86%,APP;HMOX1;CTSD;TXNIP;IRAK1;RAD9A;TNFSF9,CD8 Effector Memory,Tofacitinib citrate_vs._Tofacitinib,Hallmark
21,prerank,Allograft Rejection,-0.2899234447177574,-1.0321397626120457,0.40829986613119146,0.6394477110245563,1.0,10/89,11.29%,CD4;CD40LG;ACVR2A;NLRP3;LTB;TLR6;CD79A;IL18RAP;IL2RA;IL12RB1,CD8 Effector Memory,Tofacitinib citrate_vs._Tofacitinib,Hallmark
22,prerank,Apoptosis,-0.3010854564976465,-1.023110593252003,0.41899441340782123,0.6267982641422482,1.0,5/67,4.29%,APP;HMOX1;TIMP2;TNFRSF12A;LEF1,CD8 Effector Memory,Tofacitinib citrate_vs._Tofacitinib,Hallmark
23,prerank,IL-2/STAT5 Signaling,-0.303879906774891,-1.0182252947365475,0.42818057455540354,0.6058604401090671,1.0,21/61,28.97%,IGF1R;TIAM1;SELL;LTB;FAH;MYC;IL2RA;TNFRSF4;XBP1;PLSCR1;CTLA4;IL18R1;NT5E;ABCB1;PRAF2;CDC6;IKZF2;BCL2;SOCS1;TNFRSF1B;GADD45B,CD8 Effector Memory,Tofacitinib citrate_vs._Tofacitinib,Hallmark
24,prerank,Interferon Alpha Response,0.290336989116048,0.998834230959605,0.45481049562682213,1.0,0.993,6/37,8.05%,IFITM3;IL7;CCRL2;RIPK2;MX1;OAS1,CD8 Effector Memory,Tofacitinib citrate_vs._Tofacitinib,Hallmark
25,prerank,Hypoxia,0.25773566541738296,0.9553500925416071,0.5487012987012987,0.9560571858540254,0.997,18/48,22.27%,TGFBI;IER3;IGFBP3;CDKN1A;SCARB1;BHLHE40;DDIT4;PGM1;BNIP3L;DUSP1;FOS;FOSL2;MAP3K1;TIPARP;ZFP36;NFIL3;JMJD6;ISG20,CD8 Effector Memory,Tofacitinib citrate_vs._Tofacitinib,Hallmark
26,prerank,heme Metabolism,0.3112753177780512,0.9510509303329758,0.5376044568245125,0.808251818409832,0.997,9/22,20.77%,HEBP1;PPOX;FBXO7;BNIP3L;CAT;PSMD9;TFRC;LAMP2;CCND3,CD8 Effector Memory,Tofacitinib citrate_vs._Tofacitinib,Hallmark
27,prerank,UV Response Up,0.2694249327861502,0.9304236818776375,0.5714285714285714,0.7414812426099107,0.998,11/37,17.98%,PARP2;RPN1;CDK2;CLTB;STK25;JUNB;ALAS1;NR4A1;TFRC;FOS;IRF1,CD8 Effector Memory,Tofacitinib citrate_vs._Tofacitinib,Hallmark
28,prerank,Fatty Acid Metabolism,-0.3370455372480172,-0.9251418627789019,0.5838414634146342,0.7673489765351973,1.0,5/22,16.63%,CBR3;PCBD1;DLD;BLVRA;UGDH,CD8 Effector Memory,Tofacitinib citrate_vs._Tofacitinib,Hallmark
29,prerank,TNF-alpha Signaling via NF-kB,0.2322971617493455,0.9222888835104882,0.6199261992619927,0.6652558314522197,0.998,27/75,21.29%,IER3;CCRL2;SLC2A6;RIPK2;GADD45A;CDKN1A;BHLHE40;IER5;JUNB;IFIH1;RELB;NR4A1;EGR2;TNF;CD83;TNFRSF9;DUSP1;FOS;IRF1;FOSL2;RELA;DUSP2;NFKBIE;TIPARP;STAT5A;ZFP36;NFIL3,CD8 Effector Memory,Tofacitinib citrate_vs._Tofacitinib,Hallmark
30,prerank,Androgen Response,-0.35200166295162066,-0.8941378880053205,0.5946372239747634,0.7985813921258581,1.0,4/16,16.33%,ZMIZ1;MAF;HMGCR;ARID5B,CD8 Effector Memory,Tofacitinib citrate_vs._Tofacitinib,Hallmark
31,prerank,Apical Junction,0.2432789643628786,0.8225440504934685,0.7931034482758621,0.7682468021068473,1.0,5/37,5.19%,TGFBI;HRAS;MAPK11;MAPK13;SORBS3,CD8 Effector Memory,Tofacitinib citrate_vs._Tofacitinib,Hallmark
32,prerank,Adipogenesis,-0.2782555006479965,-0.7658020298667587,0.8113496932515337,0.9982590217238246,1.0,6/25,16.70%,FAH;DNAJC15;DLD;DHRS7;TANK;CHUK,CD8 Effector Memory,Tofacitinib citrate_vs._Tofacitinib,Hallmark
33,prerank,Unfolded Protein Response,-0.26597560147902805,-0.7500443783640128,0.8229166666666666,0.9827858212680979,1.0,5/28,14.30%,WFS1;VEGFA;BAG3;XBP1;CKS1B,CD8 Effector Memory,Tofacitinib citrate_vs._Tofacitinib,Hallmark
34,prerank,Cholesterol Homeostasis,-0.2665956544951638,-0.725450546872435,0.8403483309143687,0.978312117622383,1.0,6/22,17.98%,TNFRSF12A;LGMN;HMGCR;PLSCR1;ATF5;CXCL16,CD8 Effector Memory,Tofacitinib citrate_vs._Tofacitinib,Hallmark
35,prerank,G2-M Checkpoint,-0.21759260275311865,-0.7075533991851292,0.926490984743412,0.962042690949331,1.0,15/57,25.21%,CENPE;AURKA;BUB1;MYC;NASP;ATF5;CKS1B;JPT1;CTCF;SMC1A;STMN1;TACC3;CDC6;MTF2;MCM5,CD8 Effector Memory,Tofacitinib citrate_vs._Tofacitinib,Hallmark
36,prerank,Oxidative Phosphorylation,-0.2519982246231081,-0.6896881091755581,0.8984126984126984,0.944071530067536,1.0,4/24,14.97%,ATP6V1D;DLD;SLC25A4;TIMM9,CD8 Effector Memory,Tofacitinib citrate_vs._Tofacitinib,Hallmark
37,prerank,Interferon Gamma Response,-0.1805876988542901,-0.6358223776012133,0.9920424403183024,0.9511886017128154,1.0,21/82,27.46%,IL15RA;ISOC1;TXNIP;PLSCR1;PSME2;MVP;PSMB9;IFNAR2;ARID5B;IFI35;CMKLR1;HERC6;NFKB1;XCL1;PSMB10;OAS3;BST2;ISG15;IFIT1;STAT1;SOCS1,CD8 Effector Memory,Tofacitinib citrate_vs._Tofacitinib,Hallmark
0,prerank,Allograft Rejection,0.3012462205787544,1.445885360253696,0.0,0.37316441117189747,0.143,19/77,10.99%,IL12A;CD4;ICAM1;KLRD1;RIPK2;CXCR3;GZMB;IRF4;CD79A;STAT1;ITGAL;CCL5;BCL10;LTB;TLR2;NLRP3;IL2RA;IL2RB;PTPN6,CD8 Naive,Afatinib_vs._Afatinib dimaleate,Hallmark
1,prerank,Androgen Response,0.3841717746186411,1.3040154362959666,0.1111111111111111,0.3869853152893752,0.278,6/16,18.05%,MAF;ZMIZ1;UBE2J1;INSIG1;ARID5B;B2M,CD8 Naive,Afatinib_vs._Afatinib dimaleate,Hallmark
2,prerank,heme Metabolism,-0.46891576347085073,-1.2612904400745293,0.15491329479768787,1.0,0.982,8/21,23.47%,PPOX;CAT;TFRC;XPO7;BNIP3L;TRAK2;HEBP1;SLC25A37,CD8 Naive,Afatinib_vs._Afatinib dimaleate,Hallmark
3,prerank,E2F Targets,-0.3920833742119591,-1.2514413853239719,0.11538461538461539,1.0,0.982,19/67,22.53%,BRCA1;CHEK1;PAICS;TFRC;DNMT1;TACC3;UBE2T;NCAPD2;NUP107;CENPE;CDKN1A;PLK1;MCM3;CDK4;TP53;CBX5;RAD51C;MSH2;STMN1,CD8 Naive,Afatinib_vs._Afatinib dimaleate,Hallmark
4,prerank,IL-2/STAT5 Signaling,0.2686603998428587,1.1903442931152695,0.09803921568627451,0.48449947211824557,0.451,15/62,11.07%,EOMES;FAH;TNFRSF18;CST7;TNFSF10;IRF4;NFIL3;ALCAM;LTB;SELP;IL18R1;CCR4;IL2RA;IL2RB;ITGA6,CD8 Naive,Afatinib_vs._Afatinib dimaleate,Hallmark
5,prerank,TNF-alpha Signaling via NF-kB,0.2500256115255768,1.1786211357708714,0.10526315789473684,0.3841059602649007,0.469,10/71,6.36%,F2RL1;EDN1;IFIT2;ICAM1;RIPK2;FOSL1;NR4A1;CCL5;SQSTM1;NFIL3,CD8 Naive,Afatinib_vs._Afatinib dimaleate,Hallmark
6,prerank,Mitotic Spindle,-0.41755304626486306,-1.1764261478540141,0.23589164785553046,1.0,1.0,8/27,17.90%,BUB1;NCK2;KIF20B;HDAC6;RASA1;CENPE;PLK1;ARFIP2,CD8 Naive,Afatinib_vs._Afatinib dimaleate,Hallmark
7,prerank,Oxidative Phosphorylation,-0.428578291458774,-1.1754804271408237,0.24569460390355913,1.0,1.0,12/24,37.99%,SUPV3L1;PDHX;DECR1;TOMM70;ALAS1;DLD;HSD17B10;CASP7;OXA1L;ETFB;SLC25A3;TIMM9,CD8 Naive,Afatinib_vs._Afatinib dimaleate,Hallmark
8,prerank,IL-6/JAK/STAT3 Signaling,-0.39243275238298075,-1.1552541128615028,0.25655021834061137,1.0,1.0,12/35,28.57%,TNFRSF21;CSF1;CD9;ACVR1B;MYD88;IL4R;PTPN1;STAT2;TYK2;CD38;TNFRSF1B;TGFB1,CD8 Naive,Afatinib_vs._Afatinib dimaleate,Hallmark
9,prerank,Inflammatory Response,0.26038045225908896,1.1539118073391723,0.14583333333333334,0.34828678376043765,0.51,12/52,11.46%,EDN1;ICAM1;RIPK2;TNFSF10;SLAMF1;CCL5;TLR2;IL18R1;NLRP3;LAMP3;IL2RB;LTA,CD8 Naive,Afatinib_vs._Afatinib dimaleate,Hallmark
10,prerank,Myogenesis,-0.4607122283591458,-1.148485403465025,0.29545454545454547,1.0,1.0,11/15,49.37%,COL1A1;CDKN1A;RB1;ITGB1;TGFB1;GADD45B;AKT2;SORBS3;FOXO4;GAA;NOTCH1,CD8 Naive,Afatinib_vs._Afatinib dimaleate,Hallmark
11,prerank,DNA Repair,-0.40003038520101164,-1.1454762211588623,0.2903954802259887,1.0,1.0,13/30,33.91%,POLD4;ADA;PNP;TP53;MPC2;VPS28;RBX1;POLR1C;RFC5;RNMT;CANT1;NUDT9;POLD3,CD8 Naive,Afatinib_vs._Afatinib dimaleate,Hallmark
12,prerank,UV Response Up,-0.39205040117067036,-1.1391783420624235,0.27464008859357697,0.9806929627693917,1.0,6/35,8.24%,POLG2;TFRC;ATF3;STK25;BID;YKT6,CD8 Naive,Afatinib_vs._Afatinib dimaleate,Hallmark
13,prerank,Estrogen Response Late,0.27260457224031487,1.069504635970983,0.3106796116504854,0.4365102217103369,0.662,9/30,15.70%,SLC1A4;SCARB1;FDFT1;JAK1;PTPN6;ID2;LSR;HPRT1;CD44,CD8 Naive,Afatinib_vs._Afatinib dimaleate,Hallmark
14,prerank,G2-M Checkpoint,-0.34057972032968464,-1.0382992966119298,0.4279661016949153,1.0,1.0,19/49,32.50%,BUB1;CHEK1;TACC3;KIF20B;MNAT1;CENPE;PLK1;MCM3;MTF2;CDK4;TENT4A;ATF5;SMARCC1;STMN1;TGFB1;MAPK14;NOLC1;NASP;CASP8AP2,CD8 Naive,Afatinib_vs._Afatinib dimaleate,Hallmark
15,prerank,Epithelial Mesenchymal Transition,-0.36614989060698044,-1.0128777082125622,0.49191685912240185,1.0,1.0,10/25,36.89%,PVR;CALU;COL1A1;LRP1;LGALS1;ITGB1;TGFB1;GADD45B;GPC1;FAS,CD8 Naive,Afatinib_vs._Afatinib dimaleate,Hallmark
16,prerank,Cholesterol Homeostasis,-0.3662806543724864,-0.9971796187343516,0.4935972060535506,1.0,1.0,6/22,19.15%,GNAI1;CD9;ATF3;PLSCR1;LGALS3;ATF5,CD8 Naive,Afatinib_vs._Afatinib dimaleate,Hallmark
17,prerank,Unfolded Protein Response,-0.35035612635485264,-0.9769714751331182,0.5343082114735658,1.0,1.0,12/27,31.71%,EIF4EBP1;ATF3;DDX10;PDIA5;CEBPB;HERPUD1;BAG3;FKBP14;CNOT4;EXOSC4;EIF4G1;NOLC1,CD8 Naive,Afatinib_vs._Afatinib dimaleate,Hallmark
18,prerank,Interferon Gamma Response,0.19566977600607693,0.9565759935398158,0.625,0.6156883715190655,0.829,9/76,6.83%,IFIT2;C1S;ICAM1;RIPK2;TNFSF10;IRF4;STAT1;CCL5;SELP,CD8 Naive,Afatinib_vs._Afatinib dimaleate,Hallmark
19,prerank,Fatty Acid Metabolism,-0.3420122358085704,-0.9341529372300671,0.5974625144175317,1.0,1.0,7/23,27.55%,PCBD1;DECR1;LGALS1;HADH;DLD;CBR3;HSD17B10,CD8 Naive,Afatinib_vs._Afatinib dimaleate,Hallmark
20,prerank,Apoptosis,-0.28661500460909706,-0.9000106975440957,0.6904255319148936,1.0,1.0,9/59,17.58%,BRCA1;ATF3;TIMP2;BID;BCL2L1;BNIP3L;CDKN1A;PAK1;LGALS3,CD8 Naive,Afatinib_vs._Afatinib dimaleate,Hallmark
21,prerank,PI3K/AKT/mTOR  Signaling,-0.30390591477396267,-0.8953837324287609,0.6648230088495575,1.0,1.0,9/39,17.19%,MYD88;GSK3B;TRAF2;IRAK4;VAV3;NOD1;CDKN1A;STAT2;CDK4,CD8 Naive,Afatinib_vs._Afatinib dimaleate,Hallmark
22,prerank,Pperoxisome,-0.341322746613424,-0.8941242370030802,0.651270207852194,1.0,1.0,2/19,3.38%,PEX11A;CAT,CD8 Naive,Afatinib_vs._Afatinib dimaleate,Hallmark
23,prerank,Adipogenesis,-0.32222651854080564,-0.8865058477573097,0.6454545454545455,1.0,1.0,9/25,26.37%,CAT;SQOR;CHUK;DECR1;SLC5A6;DNAJC15;HADH;ACLY;DLD,CD8 Naive,Afatinib_vs._Afatinib dimaleate,Hallmark
24,prerank,KRAS Signaling Up,-0.2913942825623126,-0.8555093888809636,0.7064017660044151,1.0,1.0,3/36,8.16%,LAT2;PRDM1;ATG10,CD8 Naive,Afatinib_vs._Afatinib dimaleate,Hallmark
25,prerank,Glycolysis,-0.29521744859170873,-0.8517022768373053,0.7208791208791209,1.0,1.0,13/35,37.28%,ECD;PMM2;GFPT1;GNPDA1;SPAG4;STMN1;DLD;COG2;PGAM1;NASP;GPC1;SLC35A3;ABCB6,CD8 Naive,Afatinib_vs._Afatinib dimaleate,Hallmark
26,prerank,mTORC1 Signaling,-0.2719858691299052,-0.847224018897597,0.7508090614886731,1.0,1.0,11/55,18.60%,BUB1;TFRC;CD9;GSK3B;MLLT11;YKT6;PNP;CDKN1A;PLK1;PSMG1;PHGDH,CD8 Naive,Afatinib_vs._Afatinib dimaleate,Hallmark
27,prerank,Myc Targets V1,-0.3027004795414784,-0.8272246196572064,0.7511415525114156,1.0,1.0,12/24,46.23%,TOMM70;CDK4;RRM1;PWP1;SMARCC1;EPRS1;NOLC1;SLC25A3;MCM6;USP1;TFDP1;PCNA,CD8 Naive,Afatinib_vs._Afatinib dimaleate,Hallmark
28,prerank,Estrogen Response Early,0.20300766805774365,0.7672962172657325,0.8448275862068966,0.8571839907860639,0.943,4/29,6.99%,SLC1A4;SCARB1;FDFT1;SH3BP5,CD8 Naive,Afatinib_vs._Afatinib dimaleate,Hallmark
29,prerank,p53 Pathway,-0.24265760779313053,-0.757500551987468,0.8480340063761955,1.0,1.0,15/50,31.79%,ATF3;ACVR1B;COQ8A;ADA;CDKN1A;RRP8;TP53;RB1;CTSD;RAD51C;CCP110;ELP1;TGFB1;BLCAP;ABHD4,CD8 Naive,Afatinib_vs._Afatinib dimaleate,Hallmark
30,prerank,Interferon Alpha Response,-0.2504643323478727,-0.7478040142579229,0.8222722159730034,1.0,1.0,6/35,15.23%,CSF1;HERC6;IL4R;PLSCR1;STAT2;IFI35,CD8 Naive,Afatinib_vs._Afatinib dimaleate,Hallmark
31,prerank,UV Response Dn,-0.260999015982046,-0.724015999682002,0.8366890380313199,1.0,1.0,8/26,38.15%,MAP2K5;COL1A1;DMAC2L;TENT4A;MTA1;MAPK14;PRKCE;ACVR2A,CD8 Naive,Afatinib_vs._Afatinib dimaleate,Hallmark
32,prerank,Apical Junction,-0.23454993397762725,-0.6785730608133026,0.9157667386609071,1.0,1.0,3/36,5.02%,GNAI1;MAPK11;MPZL1,CD8 Naive,Afatinib_vs._Afatinib dimaleate,Hallmark
33,prerank,Xenobiotic Metabolism,-0.21213810016440704,-0.603241820935674,0.9571759259259259,1.0,1.0,12/28,43.96%,ABHD6;CAT;ALAS1;PGRMC1;SLC35B1;NPC1;PSMB10;NMT1;FAS;ABCC2;CNDP2;PYCR1,CD8 Naive,Afatinib_vs._Afatinib dimaleate,Hallmark
34,prerank,Complement,-0.18935893285430228,-0.5970830158075312,0.9818763326226013,1.0,1.0,17/56,36.03%,TIMP2;PIK3CA;LRP1;CEBPB;CR1;CSRP1;PLSCR1;LGALS3;CTSD;XPNPEP1;S100A13;LIPA;CASP7;DPP4;FCER1G;PSMB9;STX4,CD8 Naive,Afatinib_vs._Afatinib dimaleate,Hallmark
35,prerank,Hypoxia,-0.18253600674361545,-0.5535549095679119,0.9802847754654983,0.9808159375288222,1.0,4/44,14.44%,ATF3;KDM3A;BNIP3L;CDKN1A,CD8 Naive,Afatinib_vs._Afatinib dimaleate,Hallmark
0,prerank,Glycolysis,0.5323923675543119,1.7849112149062423,0.0024330900243309003,0.04691083466536938,0.044,11/35,13.97%,CDK1;GNPDA1;GPC1;IER3;GLRX;NT5E;G6PD;PGAM1;SLC25A13;GALE;STMN1,CD8 Naive,Baricitinib_vs._Baricitinib phosphate,Hallmark
1,prerank,UV Response Up,-0.49601475451691723,-1.5434841630868248,0.025252525252525252,0.5023830456711861,0.397,7/35,7.30%,ICAM1;PARP2;FOSB;FOS;TFRC;CDK2;PRKACA,CD8 Naive,Baricitinib_vs._Baricitinib phosphate,Hallmark
2,prerank,IL-2/STAT5 Signaling,0.4084334784565543,1.5351659140998852,0.013440860215053764,0.18555841267634998,0.284,18/62,12.79%,TNFRSF21;BATF;MYC;TIAM1;TNFSF10;GADD45B;IFITM3;CTLA4;NT5E;CCR4;IL2RB;ABCB1;MUC1;IL10RA;CCND3;ITGA6;IRF4;CD81,CD8 Naive,Baricitinib_vs._Baricitinib phosphate,Hallmark
3,prerank,Inflammatory Response,-0.42036177174038875,-1.409185401451265,0.04292527821939587,0.6398824672620426,0.7,17/52,17.97%,ADGRE1;ICAM1;OSM;TLR2;IL4R;RGS1;NLRP3;CD69;PSEN1;SLC11A2;RAF1;LTA;ITGA5;CSF1;CD40;ATP2C1;TNFRSF9,CD8 Naive,Baricitinib_vs._Baricitinib phosphate,Hallmark
4,prerank,heme Metabolism,-0.4721225431324345,-1.3150385278627499,0.14545454545454545,0.7760862523714775,0.888,9/21,27.00%,TFRC;SLC11A2;CAT;PPOX;ABCB6;FBXO7;KLF3;FOXO3;BLVRA,CD8 Naive,Baricitinib_vs._Baricitinib phosphate,Hallmark
5,prerank,TNF-alpha Signaling via NF-kB,-0.3497986153535448,-1.272020203843087,0.11145510835913312,0.7509023182638471,0.943,17/71,9.81%,ICAM1;TLR2;FOSB;F2RL1;CD83;EGR3;BHLHE40;FOSL2;FOS;IER5;DUSP1;REL;CD69;BCL2A1;TIPARP;NFE2L2;DUSP2,CD8 Naive,Baricitinib_vs._Baricitinib phosphate,Hallmark
6,prerank,IL-6/JAK/STAT3 Signaling,0.36144325504467784,1.2152621179741776,0.15990453460620524,0.8947807352838973,0.909,4/35,4.08%,TNFRSF21;CD38;STAT3;IL15RA,CD8 Naive,Baricitinib_vs._Baricitinib phosphate,Hallmark
7,prerank,Estrogen Response Late,-0.3735235587515316,-1.1456442278193464,0.2730263157894737,1.0,0.997,7/30,9.81%,MEST;CD9;EGR3;WFS1;FOS;JAK2;DUSP2,CD8 Naive,Baricitinib_vs._Baricitinib phosphate,Hallmark
8,prerank,Complement,0.3113022863819441,1.1357683384354538,0.225201072386059,0.9731392035582738,0.964,10/56,10.28%,GZMB;CTSD;F5;LGALS3;CEBPB;FCER1G;LCK;CSRP1;CCL5;APOBEC3G,CD8 Naive,Baricitinib_vs._Baricitinib phosphate,Hallmark
9,prerank,Interferon Gamma Response,0.2834907895625631,1.1162200585949342,0.27520435967302453,0.8533602057126972,0.977,12/76,8.32%,CD38;STAT3;TNFSF10;IL15RA;IFITM3;PSME2;IFITM2;MVP;IL2RB;CASP8;CCL5;IL10RA,CD8 Naive,Baricitinib_vs._Baricitinib phosphate,Hallmark
10,prerank,Estrogen Response Early,0.3423042322512685,1.1074054177837547,0.3125,0.7391062617277085,0.98,8/29,13.66%,MYC;TIAM1;PEX11A;MINDY1;MUC1;NRIP1;FDFT1;PMAIP1,CD8 Naive,Baricitinib_vs._Baricitinib phosphate,Hallmark
11,prerank,Pperoxisome,0.3800959864936647,1.0987098726106321,0.3155339805825243,0.6569006085998232,0.982,4/19,7.85%,CDK7;PEX11A;MVP;ABCB1,CD8 Naive,Baricitinib_vs._Baricitinib phosphate,Hallmark
12,prerank,Apoptosis,0.28551034514978185,1.0750576744887204,0.3460490463215259,0.6318628813677114,0.988,11/59,11.30%,CD38;LGALS3;TNFSF10;IER3;GADD45B;IFITM3;CASP8;CDC25B;APP;HSPB1;EBP,CD8 Naive,Baricitinib_vs._Baricitinib phosphate,Hallmark
13,prerank,Xenobiotic Metabolism,-0.3557664996546021,-1.0714435188945584,0.34523809523809523,1.0,1.0,9/28,22.21%,ABCC2;ABHD6;ARG2;CAT;ADH5;UGDH;PPARD;PSMB10;NPC1,CD8 Naive,Baricitinib_vs._Baricitinib phosphate,Hallmark
14,prerank,Interferon Alpha Response,0.3121701402751235,1.037749244037007,0.3767772511848341,0.6507285658025806,0.993,19/35,32.10%,IFITM3;PSME2;IFITM2;CASP8;OAS1;LAMP3;SELL;BST2;ISG20;MX1;IRF2;ISG15;PLSCR1;PSME1;PSMB8;C1S;TXNIP;HERC6;CD74,CD8 Naive,Baricitinib_vs._Baricitinib phosphate,Hallmark
15,prerank,mTORC1 Signaling,-0.3006515933579205,-1.020913217081612,0.4066666666666667,1.0,1.0,10/55,12.64%,BUB1;CD9;CCNF;BHLHE40;TFRC;ACLY;NFKBIB;MCM2;EPRS1;HSPA4,CD8 Naive,Baricitinib_vs._Baricitinib phosphate,Hallmark
16,prerank,Mitotic Spindle,-0.337127523480411,-1.0113180819438319,0.41243862520458263,1.0,1.0,3/27,3.61%,ECT2;BUB1;NDC80,CD8 Naive,Baricitinib_vs._Baricitinib phosphate,Hallmark
17,prerank,UV Response Dn,0.31723116726686773,0.9949438969436367,0.44938271604938274,0.684898186114393,0.998,3/26,3.92%,ZMIZ1;MYC;RUNX1,CD8 Naive,Baricitinib_vs._Baricitinib phosphate,Hallmark
18,prerank,Apical Junction,-0.3107686244582655,-0.9875446883524573,0.4820261437908497,1.0,1.0,5/36,10.28%,ICAM1;CTNND1;SRC;ITGB1;MPZL1,CD8 Naive,Baricitinib_vs._Baricitinib phosphate,Hallmark
19,prerank,Androgen Response,0.34297729578257546,0.9649766806820014,0.4819004524886878,0.6943751224104272,0.998,6/16,20.41%,ZMIZ1;CCND3;MAF;UBE2J1;TMEM50A;CDK6,CD8 Naive,Baricitinib_vs._Baricitinib phosphate,Hallmark
20,prerank,Unfolded Protein Response,-0.3189607859078684,-0.9491367064377574,0.5516637478108581,1.0,1.0,13/27,34.30%,WFS1;EIF4EBP1;FKBP14;HYOU1;CNOT4;MTHFD2;PDIA6;CNOT2;CKS1B;TATDN2;DDX10;SLC1A4;HERPUD1,CD8 Naive,Baricitinib_vs._Baricitinib phosphate,Hallmark
21,prerank,Adipogenesis,-0.3108191488325481,-0.9141721760758882,0.5923460898502496,1.0,1.0,12/25,30.30%,SLC5A6;ACLY;SCP2;CAT;DLD;DECR1;PGM1;GADD45A;HADH;IFNGR1;STAT5A;TANK,CD8 Naive,Baricitinib_vs._Baricitinib phosphate,Hallmark
22,prerank,PI3K/AKT/mTOR  Signaling,0.2604165901406139,0.8956102235057091,0.6372795969773299,0.7960073667384807,0.999,6/39,11.62%,CDK1;TIAM1;TRIB3;LCK;DUSP3;CDK4,CD8 Naive,Baricitinib_vs._Baricitinib phosphate,Hallmark
23,prerank,G2-M Checkpoint,-0.2549884690597947,-0.8797773451230952,0.6601941747572816,1.0,1.0,12/49,18.21%,CDC7;BUB1;CCNF;NDC80;EZH2;MCM2;MNAT1;TACC3;CHEK1;MCM6;JPT1;TMPO,CD8 Naive,Baricitinib_vs._Baricitinib phosphate,Hallmark
24,prerank,Epithelial Mesenchymal Transition,-0.2991562112254201,-0.873526813208365,0.6400679117147708,1.0,1.0,10/25,24.57%,MEST;ITGB1;ITGA5;COL1A1;LGALS1;JUN;PLOD3;TNFAIP3;PLAUR;GADD45A,CD8 Naive,Baricitinib_vs._Baricitinib phosphate,Hallmark
25,prerank,Myc Targets V1,-0.28788302433608254,-0.8428010120941013,0.7012522361359571,1.0,1.0,8/24,22.06%,CDK2;MCM2;EPRS1;RRM1;PWP1;MCM6;HSPD1;PCNA,CD8 Naive,Baricitinib_vs._Baricitinib phosphate,Hallmark
26,prerank,Cholesterol Homeostasis,0.2750040336984138,0.8332125902506722,0.7136038186157518,0.8631593578427966,0.999,9/22,21.11%,LGALS3;TRIB3;EBP;FDFT1;TMEM97;ALDOC;ATF5;LGMN;ATF3,CD8 Naive,Baricitinib_vs._Baricitinib phosphate,Hallmark
27,prerank,E2F Targets,-0.22350678627033863,-0.8116793965339982,0.8369384359400999,1.0,1.0,27/67,33.59%,TIMELESS;CHEK2;TFRC;EZH2;MCM2;BRCA1;TACC3;ATAD2;TP53;CHEK1;MCM6;JPT1;TMPO;PAN2;POLD3;PCNA;RPA3;MTHFD2;CCP110;CBX5;ANP32E;UNG;RPA1;CKS1B;SMC1A;ILF3;RPA2,CD8 Naive,Baricitinib_vs._Baricitinib phosphate,Hallmark
28,prerank,p53 Pathway,0.22183536093784156,0.8040981789622941,0.8016085790884718,0.8495328772971417,0.999,4/50,3.85%,CTSD;TRIB3;IER3;NOTCH1,CD8 Naive,Baricitinib_vs._Baricitinib phosphate,Hallmark
29,prerank,KRAS Signaling Up,0.2346845132684224,0.7888916601486938,0.8425,0.8169434985058031,0.999,10/36,21.59%,GLRX;TRIB2;FCER1G;ABCB1;IL10RA;ID2;PECAM1;ST6GAL1;IKZF1;ERO1A,CD8 Naive,Baricitinib_vs._Baricitinib phosphate,Hallmark
30,prerank,Hypoxia,-0.23860136793499837,-0.788744409864932,0.8211243611584327,1.0,1.0,13/44,24.02%,BHLHE40;FOSL2;FOS;DUSP1;TIPARP;JMJD6;JUN;GAA;PGM1;KDM3A;FOXO3;TNFAIP3;PLAUR,CD8 Naive,Baricitinib_vs._Baricitinib phosphate,Hallmark
31,prerank,Myogenesis,-0.29750005511015487,-0.7817670464146741,0.7737478411053541,1.0,1.0,5/15,18.60%,BHLHE40;ITGB1;RB1;COL1A1;GAA,CD8 Naive,Baricitinib_vs._Baricitinib phosphate,Hallmark
32,prerank,Allograft Rejection,-0.2133618760543115,-0.777776013805843,0.8857589984350548,0.9541282988601484,1.0,7/77,7.38%,ICAM1;TLR2;IL4R;NLRP3;CD40LG;MAP3K7;JAK2,CD8 Naive,Baricitinib_vs._Baricitinib phosphate,Hallmark
33,prerank,Oxidative Phosphorylation,-0.26768509140107327,-0.776935889582699,0.8073701842546064,0.9049850344244769,1.0,4/24,15.54%,ATP1B1;DLD;DECR1;SUPV3L1,CD8 Naive,Baricitinib_vs._Baricitinib phosphate,Hallmark
34,prerank,DNA Repair,-0.23468901502717107,-0.7163210265571885,0.884083044982699,0.937328212484383,1.0,8/30,24.73%,MPC2;TP53;RAE1;POLA1;POLR1C;POLD3;PCNA;RPA3,CD8 Naive,Baricitinib_vs._Baricitinib phosphate,Hallmark
35,prerank,Fatty Acid Metabolism,-0.23419273325720755,-0.6660384758383514,0.889273356401384,0.9369302669936607,1.0,7/23,19.31%,ACAT2;DLD;DECR1;LGALS1;UGDH;HMGCS1;UBE2L6,CD8 Naive,Baricitinib_vs._Baricitinib phosphate,Hallmark
0,prerank,Complement,-0.5441476561400298,-1.9479383948444353,0.0,0.008364110362806865,0.007,19/56,18.76%,SRC;GZMB;CD40LG;CR1;PLAUR;CCL5;GATA3;LGALS3;APOBEC3G;GNAI2;C1S;CD59;LAMP2;TIMP2;USP14;IRF1;IRF7;LRP1;IRF2,CD8 Naive,Canertinib_vs._Canertinib dihydrochloride,Hallmark
1,prerank,TNF-alpha Signaling via NF-kB,-0.4745248976687718,-1.755523392001996,0.0,0.0382359330871171,0.063,22/71,16.88%,GADD45A;CSF1;PLAUR;IER3;ATF3;CCL5;ICAM1;IFIT2;IFIH1;EGR2;IL23A;TLR2;NFKBIE;EGR3;IL15RA;CD69;FOSB;FOSL1;NFKBIA;F2RL1;IRF1;SMAD3,CD8 Naive,Canertinib_vs._Canertinib dihydrochloride,Hallmark
2,prerank,Hypoxia,-0.46970625844624697,-1.584812958305293,0.01509433962264151,0.14577449489463393,0.301,10/44,13.03%,PLAUR;IER3;ATF3;TGFB3;SCARB1;S100A4;ALDOC;CDKN1B;EXT1;GAA,CD8 Naive,Canertinib_vs._Canertinib dihydrochloride,Hallmark
3,prerank,Cholesterol Homeostasis,-0.46269878112110174,-1.3695042678783875,0.1023454157782516,0.4450901585922225,0.771,6/22,5.34%,GNAI1;PLAUR;ATF3;ALCAM;LGALS3;ALDOC,CD8 Naive,Canertinib_vs._Canertinib dihydrochloride,Hallmark
4,prerank,Inflammatory Response,-0.36577248412630226,-1.3177760653439052,0.09248554913294797,0.4827286552248534,0.866,18/52,18.29%,CSF1;PLAUR;CCL5;CD40;ICAM1;TLR2;IL10RA;IL15RA;TNFRSF1B;CD69;ADGRE1;TNFSF10;LTA;NFKBIA;IRF1;IRF7;ITGA5;ATP2C1,CD8 Naive,Canertinib_vs._Canertinib dihydrochloride,Hallmark
5,prerank,Allograft Rejection,-0.34741747790557204,-1.3087220924406084,0.076,0.4225867188065755,0.873,21/77,17.03%,GZMB;CD40LG;CSF1;IL16;CCL5;CD40;CXCR3;CD4;ICAM1;CCND2;TLR2;CD79A;BCL10;ITGB2;CFP;PRF1;IL12RB1;CCND3;TGFB1;IRF7;ITGAL,CD8 Naive,Canertinib_vs._Canertinib dihydrochloride,Hallmark
6,prerank,E2F Targets,0.34406349887954085,1.2993099845249279,0.07415254237288135,1.0,0.848,11/67,9.42%,BRCA1;CDK1;TIMELESS;PAICS;CKS2;CENPE;NUP107;TFRC;MTHFD2;MCM5;MCM3,CD8 Naive,Canertinib_vs._Canertinib dihydrochloride,Hallmark
7,prerank,Apoptosis,-0.35181336291813403,-1.2628891960351185,0.11678832116788321,0.46753669966791844,0.919,25/59,25.43%,FEZ1;GADD45A;IER3;ATF3;LGALS3;CCND2;EGR3;BCL10;CDKN1B;CD69;TNFSF10;TIMP2;BCL2L1;PRF1;SMAD7;IRF1;HMGB2;PAK1;CDK2;IFNGR1;BNIP3L;PSEN1;TXNIP;RELA;CD38,CD8 Naive,Canertinib_vs._Canertinib dihydrochloride,Hallmark
8,prerank,Myogenesis,0.4731058772286145,1.2542352759200421,0.1851106639839034,1.0,0.914,9/15,27.39%,AKT2;ITGB1;SORBS3;COL1A1;RB1;NOTCH1;BHLHE40;CDKN1A;AGL,CD8 Naive,Canertinib_vs._Canertinib dihydrochloride,Hallmark
9,prerank,Adipogenesis,-0.42428629742899027,-1.2482751494034048,0.197265625,0.44374592656962847,0.937,12/25,30.61%,GADD45A;SCARB1;CAT;SLC5A6;SQOR;TANK;IFNGR1;HADH;REEP5;VEGFB;ETFB;CHUK,CD8 Naive,Canertinib_vs._Canertinib dihydrochloride,Hallmark
10,prerank,Epithelial Mesenchymal Transition,-0.4199017011234147,-1.2455505173897357,0.19308943089430894,0.3997513698795471,0.938,9/25,18.68%,GADD45A;PLAUR;NT5E;SGCB;LGALS1;CD59;TGFB1;ITGA5;LRP1,CD8 Naive,Canertinib_vs._Canertinib dihydrochloride,Hallmark
11,prerank,p53 Pathway,-0.357590029916264,-1.2205941040097548,0.16535433070866143,0.4043449923962633,0.957,7/50,6.20%,GADD45A;IER3;ATF3;SESN1;ABHD4;S100A4;CCND2,CD8 Naive,Canertinib_vs._Canertinib dihydrochloride,Hallmark
12,prerank,Pperoxisome,0.4306517328466544,1.204648527357592,0.25544554455445545,0.8888636191342583,0.95,8/19,24.88%,ABCB1;PEX11A;ABCC5;ACAA1;SMARCC1;FIS1;ITGB1BP1;ECH1,CD8 Naive,Canertinib_vs._Canertinib dihydrochloride,Hallmark
13,prerank,Interferon Alpha Response,-0.3703047403993786,-1.2045842098404012,0.206,0.39463393439061484,0.966,6/35,4.55%,CSF1;PSME2;IFIT2;ISG15;IFIH1;HERC6,CD8 Naive,Canertinib_vs._Canertinib dihydrochloride,Hallmark
14,prerank,Apical Junction,-0.3440368286297023,-1.1440582409700069,0.242914979757085,0.47038163516547177,0.985,8/36,14.36%,SRC;GNAI1;ICAM1;GNAI2;MAPK11;MAPK14;PIK3CB;MPZL1,CD8 Naive,Canertinib_vs._Canertinib dihydrochloride,Hallmark
15,prerank,Interferon Gamma Response,-0.29911693025659825,-1.1324353469816182,0.2335907335907336,0.455798058122629,0.989,12/76,9.89%,CCL5;CD40;ICAM1;PSME2;IFIT2;ISG15;IFIH1;HERC6;C1S;IL10RA;IL15RA;CD69,CD8 Naive,Canertinib_vs._Canertinib dihydrochloride,Hallmark
16,prerank,Unfolded Protein Response,0.3530903674078081,1.0953536940158441,0.29515418502202645,1.0,0.994,5/27,11.70%,FKBP14;DDX10;SLC1A4;MTHFD2;PDIA6,CD8 Naive,Canertinib_vs._Canertinib dihydrochloride,Hallmark
17,prerank,PI3K/AKT/mTOR  Signaling,0.3223801334884791,1.0831166217325996,0.31343283582089554,0.920809642938367,0.996,16/39,31.00%,TRIB3;CDK1;VAV3;NFKBIB;IRAK4;NCK1;STAT2;MYD88;MKNK1;LCK;MAPK9;ATF1;CDKN1A;AKT1;NOD1;TIAM1,CD8 Naive,Canertinib_vs._Canertinib dihydrochloride,Hallmark
18,prerank,UV Response Up,-0.3138773326180112,-1.0115176598300428,0.43664717348927873,0.6832112597374383,1.0,13/35,23.16%,ATF3;ICAM1;FOSB;CREG1;CCND3;NFKBIA;EIF5;IRF1;PRKACA;CDK2;ALAS1;CLTB;PRKCD,CD8 Naive,Canertinib_vs._Canertinib dihydrochloride,Hallmark
19,prerank,mTORC1 Signaling,0.27900654735541525,1.0062866711587242,0.432712215320911,1.0,1.0,16/55,22.21%,TRIB3;SLC1A4;BUB1;TMEM97;NFKBIB;TFRC;MTHFD2;HMGCR;NFIL3;TES;UFM1;NAMPT;BHLHE40;RPA1;PSMG1;ACLY,CD8 Naive,Canertinib_vs._Canertinib dihydrochloride,Hallmark
20,prerank,DNA Repair,0.312483563350218,0.9977549330628948,0.44936708860759494,0.9149420059131226,1.0,5/30,11.15%,RAD51;RFC5;POLR1C;POLD4;PRIM1,CD8 Naive,Canertinib_vs._Canertinib dihydrochloride,Hallmark
21,prerank,Mitotic Spindle,0.31398355476431833,0.9797475653735415,0.4760956175298805,0.8505230839208552,1.0,13/27,32.10%,CDK1;BUB1;CENPE;NCK2;NCK1;HDAC6;RASA1;PCM1;PXN;ABL1;ARFIP2;TIAM1;PAFAH1B1,CD8 Naive,Canertinib_vs._Canertinib dihydrochloride,Hallmark
22,prerank,heme Metabolism,-0.3336170036814049,-0.9481803673896181,0.5267175572519084,0.7870229560431603,1.0,7/21,23.23%,HEBP1;CAT;LAMP2;CCND3;PPOX;KLF3;BNIP3L,CD8 Naive,Canertinib_vs._Canertinib dihydrochloride,Hallmark
23,prerank,UV Response Dn,-0.311932734863862,-0.9066681136263615,0.6190476190476191,0.8356642407125788,1.0,10/26,20.41%,PRKCE;ZMIZ1;CDKN1B;MAPK14;SMAD7;SMAD3;ATP2C1;INSIG1;DUSP1;RXRA,CD8 Naive,Canertinib_vs._Canertinib dihydrochloride,Hallmark
24,prerank,G2-M Checkpoint,0.24898998339283987,0.8781711045313082,0.6611909650924025,1.0,1.0,10/49,14.60%,CDK1;BUB1;CKS2;CENPE;MCM5;MCM3;HIF1A;SMARCC1;CDC7;NASP,CD8 Naive,Canertinib_vs._Canertinib dihydrochloride,Hallmark
25,prerank,Oxidative Phosphorylation,0.2863992414232799,0.859895557202794,0.6729559748427673,0.97040027291335,1.0,9/24,27.47%,ACAA1;HSD17B10;DLD;NNT;TOMM70;SLC25A3;OXA1L;ECH1;TIMM9,CD8 Naive,Canertinib_vs._Canertinib dihydrochloride,Hallmark
26,prerank,Xenobiotic Metabolism,0.2675264980041576,0.8482782146973972,0.7003891050583657,0.907581615564331,1.0,5/28,7.93%,PYCR1;NPC1;TMEM97;ID2;FAS,CD8 Naive,Canertinib_vs._Canertinib dihydrochloride,Hallmark
27,prerank,IL-6/JAK/STAT3 Signaling,-0.2622833477943801,-0.8466418118248956,0.6932038834951456,0.9199115666253466,1.0,9/35,16.64%,CSF1;TLR2;IL15RA;TNFRSF1B;TNFRSF1A;CD9;IL12RB1;TGFB1;IRF1,CD8 Naive,Canertinib_vs._Canertinib dihydrochloride,Hallmark
28,prerank,Glycolysis,0.24904847705552696,0.8298653112432173,0.7535070140280561,0.8694280191039345,1.0,8/35,16.17%,PGAM1;CDK1;PMM2;ABCB6;DLD;NASP;SLC35A3;ME2,CD8 Naive,Canertinib_vs._Canertinib dihydrochloride,Hallmark
29,prerank,IL-2/STAT5 Signaling,-0.22185335079307744,-0.8126793933953659,0.8,0.9370458879474738,1.0,12/62,15.23%,CCR4;CSF1;NT5E;ALCAM;CCND2;EOMES;IL10RA;TNFRSF1B;TNFSF10;IKZF2;BCL2L1;CCND3,CD8 Naive,Canertinib_vs._Canertinib dihydrochloride,Hallmark
30,prerank,KRAS Signaling Up,0.24444935552285982,0.7871380467927187,0.8181818181818182,0.8746785395636885,1.0,8/36,16.88%,ABCB1;ITGA2;ID2;AKT2;ATG10;PRDM1;KIF5C;TRIB2,CD8 Naive,Canertinib_vs._Canertinib dihydrochloride,Hallmark
31,prerank,Myc Targets V1,0.24802413151999847,0.7401155381968668,0.8373626373626374,0.8740618603593359,1.0,7/24,20.25%,MCM5;PWP1;SMARCC1;TOMM70;SLC25A3;RRM1;RNPS1,CD8 Naive,Canertinib_vs._Canertinib dihydrochloride,Hallmark
32,prerank,Estrogen Response Early,-0.23719300769300128,-0.7204414577740912,0.8895238095238095,1.0,1.0,4/29,8.16%,BCL11B;SCARB1;MINDY1;EGR3,CD8 Naive,Canertinib_vs._Canertinib dihydrochloride,Hallmark
33,prerank,Fatty Acid Metabolism,-0.24272132444640854,-0.7180923845778605,0.8977035490605428,0.9823050184662178,1.0,2/23,2.98%,PCBD1;CBR3,CD8 Naive,Canertinib_vs._Canertinib dihydrochloride,Hallmark
34,prerank,Estrogen Response Late,-0.22350229052924678,-0.7004568496750166,0.9022988505747126,0.9546465555590039,1.0,8/30,21.27%,SCARB1;HPRT1;EGR3;CD9;FDFT1;LSR;GALE;DYNLT3,CD8 Naive,Canertinib_vs._Canertinib dihydrochloride,Hallmark
35,prerank,Androgen Response,-0.20721788054690876,-0.5552372892433093,0.9693877551020408,0.9864762111666304,1.0,5/16,27.16%,ZMIZ1;CCND3;INSIG1;HMGCS1;TMEM50A,CD8 Naive,Canertinib_vs._Canertinib dihydrochloride,Hallmark
0,prerank,IL-6/JAK/STAT3 Signaling,-0.5277247896458862,-1.5137034246661414,0.005376344086021506,0.44337053771806456,0.353,14/35,21.04%,CSF1;TNFRSF1B;IRF1;IL18R1;IL15RA;SOCS1;STAT1;MYD88;JUN;TGFB1;IL3RA;PTPN1;ITGA4;TNFRSF21,CD8 Naive,Erlotinib_vs._Erlotinib hydrochloride,Hallmark
1,prerank,Inflammatory Response,-0.4890106741906784,-1.466121902209984,0.014583333333333334,0.37622310661599684,0.522,13/52,11.54%,RGS1;OSM;CSF1;CCL5;PLAUR;TNFRSF1B;IRF1;IL18R1;IL15RA;LAMP3;ACVR2A;NAMPT;HIF1A,CD8 Naive,Erlotinib_vs._Erlotinib hydrochloride,Hallmark
2,prerank,Allograft Rejection,-0.46217494345194277,-1.4402987435120356,0.015259409969481181,0.33376223106616,0.626,24/77,19.31%,CD4;GZMB;CCL4;CSF1;CCL5;CD40LG;KLRD1;PRF1;SOCS1;ACVR2A;AARS1;STAT1;TRAF2;IRF8;HIF1A;PTPN6;TAP2;IL16;CXCR3;CD79A;TGFB1;CCND2;LCK;PSMB10,CD8 Naive,Erlotinib_vs._Erlotinib hydrochloride,Hallmark
3,prerank,TNF-alpha Signaling via NF-kB,-0.44198055266863245,-1.3761169327394631,0.03169734151329243,0.4611448577156707,0.826,26/71,24.49%,CCL4;CSF1;NR4A1;CCL5;PLAUR;DUSP2;IRF1;FOS;NFKBIE;FOSL1;KLF9;IL15RA;NAMPT;EGR3;EGR2;BCL6;IFIT2;JUN;IL23A;ZFP36;ID2;CEBPB;TANK;FOSL2;DUSP1;IFIH1,CD8 Naive,Erlotinib_vs._Erlotinib hydrochloride,Hallmark
4,prerank,Interferon Gamma Response,-0.437572542568793,-1.3699572293351703,0.02044989775051125,0.3878751608366498,0.848,31/76,30.06%,CCL5;ARID5B;IRF1;IL15RA;SOCS1;NAMPT;STAT1;MYD88;NOD1;IRF8;HIF1A;PTPN6;IFIT2;IFI35;BST2;TXNIP;MTHFD2;CD274;PTPN1;PSMB10;UBE2L6;IL10RA;IFITM2;IFIH1;IL2RB;IL4R;ST3GAL5;IRF2;JAK2;ISG20;CASP7,CD8 Naive,Erlotinib_vs._Erlotinib hydrochloride,Hallmark
5,prerank,KRAS Signaling Up,-0.4536190550068544,-1.3063206104707266,0.10063559322033898,0.5422813369640025,0.951,12/36,26.92%,PRDM1;PLAUR;TNFRSF1B;ATG10;TRIB2;IRF8;LY96;CCND2;IL10RA;ID2;FCER1G;MAP3K1,CD8 Naive,Erlotinib_vs._Erlotinib hydrochloride,Hallmark
6,prerank,IL-2/STAT5 Signaling,-0.4284600394967268,-1.2987091412358165,0.07487179487179488,0.492320450727345,0.956,21/62,21.35%,CST7;CSF1;EOMES;CCR4;TNFRSF4;TNFRSF1B;IL18R1;SOCS1;CD81;ITGA6;IRF8;BATF;CTLA4;MUC1;TIAM1;TNFRSF18;BCL2;CCND2;IL3RA;TNFRSF21;IL10RA,CD8 Naive,Erlotinib_vs._Erlotinib hydrochloride,Hallmark
7,prerank,E2F Targets,0.2576238931912111,1.2584211423932257,0.08333333333333333,0.3731111972103836,0.272,10/67,6.20%,BRCA1;CHEK1;CENPE;CHEK2;JPT1;UBE2T;CKS2;RAD51C;PCNA;MCM6,CD8 Naive,Erlotinib_vs._Erlotinib hydrochloride,Hallmark
8,prerank,Interferon Alpha Response,-0.4321943865537289,-1.233741759661186,0.1679144385026738,0.6750538615757503,0.987,14/35,31.63%,CSF1;IRF1;LAMP3;IFIT2;IFI35;BST2;TXNIP;UBE2L6;IFITM2;IFIH1;IL4R;IRF2;ISG20;CD47,CD8 Naive,Erlotinib_vs._Erlotinib hydrochloride,Hallmark
9,prerank,Androgen Response,-0.4882769676101721,-1.2130933375490622,0.2066905615292712,0.6810197791675395,0.994,4/16,16.95%,MAF;ARID5B;UBE2J1;PTK2B,CD8 Naive,Erlotinib_vs._Erlotinib hydrochloride,Hallmark
10,prerank,Xenobiotic Metabolism,0.30324720520249493,1.1843662778615516,0.22826086956521738,0.28244866330879503,0.37,5/28,6.51%,FAH;ABCC2;ALAS1;ARG2;BPHL,CD8 Naive,Erlotinib_vs._Erlotinib hydrochloride,Hallmark
11,prerank,PI3K/AKT/mTOR  Signaling,-0.3850316361498129,-1.1073088022536248,0.3251336898395722,1.0,1.0,10/39,21.27%,PAK4;DUSP3;MYD88;NOD1;TRAF2;TIAM1;PIN1;LCK;CDK4;MAPK9,CD8 Naive,Erlotinib_vs._Erlotinib hydrochloride,Hallmark
12,prerank,Estrogen Response Late,-0.39899540652657595,-1.103037628769847,0.332244008714597,0.9990424608755498,1.0,16/30,29.91%,DUSP2;FOS;MAPK13;MEST;EGR3;PTPN6;BATF;TIAM1;BCL2;ZFP36;ID2;ETFB;WFS1;XBP1;JAK2;ISG20,CD8 Naive,Erlotinib_vs._Erlotinib hydrochloride,Hallmark
13,prerank,Unfolded Protein Response,-0.4086095436300454,-1.0921723543700064,0.369757174392936,0.9609653191298364,1.0,14/27,30.69%,FKBP14;BAG3;DDIT4;TATDN2;DDX10;MTHFD2;EDEM1;CEBPB;WFS1;EIF4G1;NOLC1;XBP1;POP4;SHC1,CD8 Naive,Erlotinib_vs._Erlotinib hydrochloride,Hallmark
14,prerank,Complement,-0.358149692552443,-1.0779742574577758,0.346875,0.937861235087364,1.0,20/56,30.14%,GZMB;CCL5;CD40LG;PLAUR;F5;S100A13;IRF1;LGALS3;XPNPEP1;LCK;PIK3CG;DPP4;CEBPB;FCER1G;STX4;IRF2;JAK2;CBLB;CASP7;ANXA5,CD8 Naive,Erlotinib_vs._Erlotinib hydrochloride,Hallmark
15,prerank,UV Response Up,-0.3778933371996896,-1.0608920252655987,0.40471092077087795,0.9342097951122758,1.0,14/35,32.73%,NR4A1;IRF1;FOS;PARP2;ACAA1;TFRC;FEN1;YKT6;POLG2;CCND3;STK25;RPN1;DNAJB1;SLC25A4,CD8 Naive,Erlotinib_vs._Erlotinib hydrochloride,Hallmark
16,prerank,heme Metabolism,-0.40801727735120763,-1.0586822714009212,0.4144960362400906,0.8788413776594153,1.0,8/21,33.12%,CAT;PPOX;NNT;TFRC;LRP10;CCND3;SLC25A37;XPO7,CD8 Naive,Erlotinib_vs._Erlotinib hydrochloride,Hallmark
17,prerank,Epithelial Mesenchymal Transition,-0.33137956536370566,-0.8870524650560088,0.6479190101237345,1.0,1.0,7/25,22.53%,PLAUR;MEST;JUN;TPM1;TGFB1;ID2;ITGB1,CD8 Naive,Erlotinib_vs._Erlotinib hydrochloride,Hallmark
18,prerank,Estrogen Response Early,-0.3131113539642274,-0.8555696972610015,0.7160087719298246,1.0,1.0,11/29,29.51%,GAB2;FOS;PMAIP1;EGR3;MUC1;TIAM1;BCL2;BCL11B;WFS1;XBP1;JAK2,CD8 Naive,Erlotinib_vs._Erlotinib hydrochloride,Hallmark
19,prerank,Hypoxia,-0.2841760488603948,-0.8313448565133282,0.7631027253668763,1.0,1.0,15/44,29.91%,PLAUR;FOS;DDIT4;GAA;JUN;XPNPEP1;BCL2;ZFP36;FOSL2;DUSP1;HK1;EXT1;MAP3K1;JMJD6;ISG20,CD8 Naive,Erlotinib_vs._Erlotinib hydrochloride,Hallmark
20,prerank,Myogenesis,-0.34430814685665756,-0.8292052980065718,0.7314487632508834,1.0,1.0,10/15,50.08%,GAA;TGFB1;ITGB1;RB1;NOTCH1;CDKN1A;AGL;BHLHE40;APP;AKT2,CD8 Naive,Erlotinib_vs._Erlotinib hydrochloride,Hallmark
21,prerank,DNA Repair,-0.2969331252144132,-0.8231902315871483,0.7529411764705882,1.0,1.0,13/30,43.49%,RFC5;POLA1;RNMT;FEN1;RAE1;POLD4;PRIM1;RPA2;NUDT9;POLD3;POLR2K;TP53;LIG1,CD8 Naive,Erlotinib_vs._Erlotinib hydrochloride,Hallmark
22,prerank,UV Response Dn,-0.2959527126727921,-0.8098220608919098,0.7554824561403509,1.0,1.0,15/26,49.76%,PRKCE;ACVR2A;RUNX1;DUSP1;SMAD7;AKT3;SMAD3;TENT4A;DMAC2L;MAP2K5;CDKN1B;IGF1R;MYC;ATP2C1;BHLHE40,CD8 Naive,Erlotinib_vs._Erlotinib hydrochloride,Hallmark
23,prerank,Glycolysis,0.19154850505656512,0.8079319229533877,0.7972972972972973,0.8066640836884929,0.854,3/35,2.35%,IER3;GALE;GPC1,CD8 Naive,Erlotinib_vs._Erlotinib hydrochloride,Hallmark
24,prerank,mTORC1 Signaling,-0.25876066189801766,-0.7771713340261209,0.8595213319458896,1.0,1.0,21/55,38.93%,BUB1;PSMG1;DDIT4;UNG;NAMPT;CCNF;TFRC;PHGDH;YKT6;MTHFD2;EDEM1;ACLY;TRIB3;XBP1;G6PD;RPN1;UFM1;ATP6V1D;LGMN;MCM2;EPRS1,CD8 Naive,Erlotinib_vs._Erlotinib hydrochloride,Hallmark
25,prerank,Oxidative Phosphorylation,-0.2776905413818713,-0.7370473789139222,0.8353726362625139,1.0,1.0,12/24,41.92%,NNT;ACAA1;ETFB;CASP7;SLC25A4;OXA1L;ATP6V1D;DLD;SUPV3L1;TOMM70;SLC25A3;TIMM9,CD8 Naive,Erlotinib_vs._Erlotinib hydrochloride,Hallmark
26,prerank,Myc Targets V1,-0.26688032936560824,-0.7115349111246113,0.8501118568232662,1.0,1.0,11/24,44.58%,RNPS1;MCM5;CDK4;NOLC1;SMARCC1;TOMM70;MCM2;EPRS1;SLC25A3;USP1;MYC,CD8 Naive,Erlotinib_vs._Erlotinib hydrochloride,Hallmark
27,prerank,Apical Junction,-0.23846895933120532,-0.6721574993054592,0.9164882226980728,1.0,1.0,13/36,30.69%,MAPK13;CD274;IKBKG;MAP4K2;ITGB1;GNAI1;ITGA3;MAPK11;AKT3;STX4;EPB41L2;ICAM2;SHC1,CD8 Naive,Erlotinib_vs._Erlotinib hydrochloride,Hallmark
28,prerank,Pperoxisome,-0.25601647366123503,-0.6613276557681296,0.8929765886287625,1.0,1.0,13/19,57.22%,CAT;ACAA1;FIS1;SLC25A4;ITGB1BP1;SMARCC1;CDK7;MVP;HSD17B11;ABCB1;BCL10;ABCC5;IDE,CD8 Naive,Erlotinib_vs._Erlotinib hydrochloride,Hallmark
29,prerank,Apoptosis,-0.21248185102859724,-0.6449642593257425,0.9643221202854231,1.0,1.0,10/59,19.86%,PRF1;IRF1;PMAIP1;EGR3;HMGB2;LGALS3;JUN;TXNIP;CCND2;FEZ1,CD8 Naive,Erlotinib_vs._Erlotinib hydrochloride,Hallmark
30,prerank,p53 Pathway,-0.21594820978408422,-0.6388570756307169,0.95,1.0,1.0,18/50,37.13%,FOS;MAPKAPK3;DDIT4;SOCS1;CD81;JUN;TGFB1;TXNIP;CCND2;COQ8A;RB1;TRIB3;CCND3;ACVR1B;BLCAP;SESN1;IRAK1;NOTCH1,CD8 Naive,Erlotinib_vs._Erlotinib hydrochloride,Hallmark
31,prerank,G2-M Checkpoint,-0.21242600641220732,-0.629656979015536,0.9624217118997912,1.0,1.0,25/49,44.58%,BUB1;TACC3;CASP8AP2;MCM5;CCNF;HIF1A;TGFB1;MNAT1;CDK4;NOLC1;PAFAH1B1;SMAD3;EWSR1;TENT4A;NDC80;RPA2;NASP;SMARCC1;MCM3;MCM2;CDKN1B;SMC4;SMC1A;LBR;MYC,CD8 Naive,Erlotinib_vs._Erlotinib hydrochloride,Hallmark
32,prerank,Mitotic Spindle,-0.18246210323614342,-0.49566853362417057,0.9911699779249448,1.0,1.0,15/27,49.06%,BUB1;NCK2;TIAM1;CKAP5;PAFAH1B1;EPB41L2;ARFIP2;NDC80;SMC4;SMC1A;PXN;PCM1;ARHGEF2;NCK1;CDK1,CD8 Naive,Erlotinib_vs._Erlotinib hydrochloride,Hallmark
33,prerank,Cholesterol Homeostasis,-0.1813807157142038,-0.4764127573321221,0.9911991199119912,1.0,1.0,5/22,30.14%,PLAUR;LGALS3;GNAI1;TRIB3;ANXA5,CD8 Naive,Erlotinib_vs._Erlotinib hydrochloride,Hallmark
34,prerank,Adipogenesis,-0.17416723352577357,-0.475698847643943,0.9911797133406836,1.0,1.0,6/25,24.10%,CAT;BCL6;ETFB;TANK;ACLY;VEGFB,CD8 Naive,Erlotinib_vs._Erlotinib hydrochloride,Hallmark
35,prerank,Fatty Acid Metabolism,-0.1545342314278796,-0.4131733989876835,0.9977678571428571,0.9988629222897154,1.0,11/23,53.14%,ACAA1;CRYZ;UBE2L6;CBR3;DLD;CBR1;BLVRA;HADH;UGDH;HSD17B11;PCBD1,CD8 Naive,Erlotinib_vs._Erlotinib hydrochloride,Hallmark
0,prerank,IL-2/STAT5 Signaling,0.39651508649230643,1.5285435910061187,0.017064846416382253,0.29482283988988545,0.274,12/62,7.69%,TNFRSF21;TNFRSF18;CSF1;ALCAM;IL3RA;CCR4;IL18R1;CTLA4;PLSCR1;PRKCH;ABCB1;IL2RA,CD8 Naive,Gefitinib_vs._Gefitinib hydrochloride,Hallmark
1,prerank,Unfolded Protein Response,0.4787629969340801,1.5248484663454724,0.038461538461538464,0.1509635023532546,0.28,6/27,8.95%,SLC1A4;ATF3;DDIT4;CEBPB;FKBP14;ATF6,CD8 Naive,Gefitinib_vs._Gefitinib hydrochloride,Hallmark
2,prerank,IL-6/JAK/STAT3 Signaling,0.42437653610787396,1.4426822585612158,0.054140127388535034,0.1767160998135157,0.447,7/35,7.69%,TNFRSF21;CSF1;CD38;IL3RA;IL18R1;IL12RB1;IL2RA,CD8 Naive,Gefitinib_vs._Gefitinib hydrochloride,Hallmark
3,prerank,Complement,-0.437442586444335,-1.4376763497133707,0.027972027972027972,1.0,0.657,25/56,28.65%,PLAUR;FCER1G;GZMB;CDK5R1;TIMP2;GATA3;PRCP;JAK2;LIPA;CD40LG;PRKCD;LGMN;DOCK9;IRF7;CSRP1;LRP1;IRF1;GNAI2;PSEN1;CD46;F5;PSMB9;APOBEC3G;C1S;IRF2,CD8 Naive,Gefitinib_vs._Gefitinib hydrochloride,Hallmark
4,prerank,mTORC1 Signaling,0.36767128259105186,1.322045942851927,0.06390977443609022,0.2624100879140396,0.661,10/55,8.24%,SLC1A4;PLK1;TBK1;DDIT4;TRIB3;NAMPT;INSIG1;EBP;YKT6;RPA1,CD8 Naive,Gefitinib_vs._Gefitinib hydrochloride,Hallmark
5,prerank,Myc Targets V1,0.4252422522779256,1.3164727749062934,0.14414414414414414,0.2179202557499334,0.675,11/24,21.43%,RNPS1;MCM2;PCNA;TFDP1;HDAC2;VDAC1;NOLC1;PSMD7;CDK4;USP1;MYC,CD8 Naive,Gefitinib_vs._Gefitinib hydrochloride,Hallmark
6,prerank,KRAS Signaling Up,-0.4265325894030568,-1.2782864097228064,0.14772727272727273,1.0,0.943,3/36,2.04%,PLAUR;PRDM1;FCER1G,CD8 Naive,Gefitinib_vs._Gefitinib hydrochloride,Hallmark
7,prerank,Estrogen Response Late,0.38163095145557047,1.245263228964307,0.13253012048192772,0.26033803984252435,0.805,4/30,4.24%,SLC1A4;DUSP2;MEST;FKBP4,CD8 Naive,Gefitinib_vs._Gefitinib hydrochloride,Hallmark
8,prerank,Pperoxisome,-0.45778752252378996,-1.198497690588375,0.2515151515151515,1.0,0.99,6/19,18.45%,PEX11A;MSH2;SLC25A4;HRAS;CAT;ACAA1,CD8 Naive,Gefitinib_vs._Gefitinib hydrochloride,Hallmark
9,prerank,UV Response Dn,-0.4059622194190444,-1.147067055648025,0.27811550151975684,1.0,0.996,8/26,17.97%,RXRA;SMAD7;ZMIZ1;MTA1;MAPK14;PIK3CD;NR3C1;ATP2C1,CD8 Naive,Gefitinib_vs._Gefitinib hydrochloride,Hallmark
10,prerank,Myogenesis,-0.4532912636105482,-1.1318087324197594,0.3087557603686636,1.0,0.996,3/15,6.91%,GAA;CDKN1A;ITGB1,CD8 Naive,Gefitinib_vs._Gefitinib hydrochloride,Hallmark
11,prerank,Allograft Rejection,0.2753406045357909,1.1148913928995312,0.21304347826086956,0.3996092709350857,0.938,6/77,4.47%,NLRP3;CSF1;CD79A;BRCA1;HIF1A;IL12RB1,CD8 Naive,Gefitinib_vs._Gefitinib hydrochloride,Hallmark
12,prerank,Mitotic Spindle,-0.3835312031756113,-1.113053610575774,0.31164901664145234,1.0,0.996,5/27,9.97%,NDC80;ECT2;CENPF;SMC4;EPB41L2,CD8 Naive,Gefitinib_vs._Gefitinib hydrochloride,Hallmark
13,prerank,Fatty Acid Metabolism,-0.38445267305946335,-1.0372507172783922,0.41512345679012347,1.0,0.998,5/23,11.07%,ACAT2;UGDH;NSDHL;CBR3;CRYZ,CD8 Naive,Gefitinib_vs._Gefitinib hydrochloride,Hallmark
14,prerank,PI3K/AKT/mTOR  Signaling,-0.33594147970196175,-1.030078569848845,0.4421965317919075,1.0,0.999,12/39,21.35%,GSK3B;RALB;CDKN1A;DUSP3;CDK2;ECSIT;MKNK1;HRAS;PAK4;MAPK1;PIN1;TNFRSF1A,CD8 Naive,Gefitinib_vs._Gefitinib hydrochloride,Hallmark
15,prerank,p53 Pathway,-0.3120324309844855,-1.0118636592611119,0.44677871148459386,1.0,1.0,13/50,17.27%,IER3;RXRA;CDKN1A;CDK5R1;RAD9A;ADA;ABHD4;ACVR1B;RALGDS;DDB2;HRAS;SESN1;FOXO3,CD8 Naive,Gefitinib_vs._Gefitinib hydrochloride,Hallmark
16,prerank,Estrogen Response Early,0.3051969934604812,0.9979600732554039,0.4594594594594595,0.5641150874700293,0.99,13/29,23.08%,SLC1A4;FKBP4;PMAIP1;TIAM1;CANT1;NRIP1;BCL2;FOS;IGF1R;BCL11B;MYC;DYNLT3;TIPARP,CD8 Naive,Gefitinib_vs._Gefitinib hydrochloride,Hallmark
17,prerank,DNA Repair,-0.3375428115481517,-0.9750619596262832,0.5060422960725075,1.0,1.0,5/30,13.97%,RAD51;ADA;MPC2;POLD3;DDB2,CD8 Naive,Gefitinib_vs._Gefitinib hydrochloride,Hallmark
18,prerank,Cholesterol Homeostasis,-0.3450207230603237,-0.9561570382185597,0.5331278890600925,1.0,1.0,8/22,17.82%,PLAUR;ACAT2;CD9;NSDHL;LGMN;FDFT1;HMGCR;ATF5,CD8 Naive,Gefitinib_vs._Gefitinib hydrochloride,Hallmark
19,prerank,Inflammatory Response,-0.29296197809971813,-0.9502238222514983,0.5494350282485876,1.0,1.0,9/52,7.85%,PLAUR;CD40;ITGA5;IL15RA;TNFSF10;ADGRE1;CDKN1A;ACVR1B;RIPK2,CD8 Naive,Gefitinib_vs._Gefitinib hydrochloride,Hallmark
20,prerank,TNF-alpha Signaling via NF-kB,-0.27407218195895483,-0.9340415072547454,0.5724137931034483,1.0,1.0,9/71,10.05%,PLAUR;NR4A1;IER3;IL15RA;CDKN1A;NFKBIE;EGR3;RIPK2;FOSB,CD8 Naive,Gefitinib_vs._Gefitinib hydrochloride,Hallmark
21,prerank,UV Response Up,-0.29825845961792125,-0.906802660275382,0.595166163141994,1.0,1.0,7/35,12.87%,NR4A1;PARP2;STK25;FOSB;CDK2;PRKCD;SLC25A4,CD8 Naive,Gefitinib_vs._Gefitinib hydrochloride,Hallmark
22,prerank,G2-M Checkpoint,-0.27604412699053504,-0.8823552224749158,0.6602475928473177,1.0,1.0,10/49,17.82%,NDC80;CCNF;MTF2;CENPF;SMC4;MAPK14;EZH2;SUV39H1;MCM3;ATF5,CD8 Naive,Gefitinib_vs._Gefitinib hydrochloride,Hallmark
23,prerank,heme Metabolism,-0.32463784723624023,-0.870735430462514,0.6414523449319214,1.0,1.0,11/21,33.20%,PPOX;KLF3;CAT;NR3C1;FOXO3;SLC25A37;BNIP3L;LRP10;TFRC;FBXO7;CCND3,CD8 Naive,Gefitinib_vs._Gefitinib hydrochloride,Hallmark
24,prerank,Interferon Alpha Response,-0.28602035538809345,-0.8650937220301238,0.6730769230769231,1.0,1.0,13/35,29.83%,OAS1;PSME2;RIPK2;IRF7;CD47;IRF1;LAMP3;IFI35;PSMB9;CASP8;C1S;IRF2;HERC6,CD8 Naive,Gefitinib_vs._Gefitinib hydrochloride,Hallmark
25,prerank,Hypoxia,-0.2749022660016629,-0.8645406802591791,0.6939078751857355,0.984352192444678,1.0,11/44,23.63%,PLAUR;IER3;GAA;CDKN1A;TGFB3;NR3C1;EXT1;FOXO3;JMJD6;GLRX;BNIP3L,CD8 Naive,Gefitinib_vs._Gefitinib hydrochloride,Hallmark
26,prerank,E2F Targets,0.21915761228915778,0.8506308766239382,0.8134328358208955,0.791522363318829,1.0,20/67,21.43%,PLK1;ATAD2;BRCA1;SMC3;RPA1;TIMELESS;STMN1;RPA2;MCM2;PCNA;LIG1;TP53;CENPE;CDK1;NOLC1;CDK4;USP1;CKS2;MTHFD2;MYC,CD8 Naive,Gefitinib_vs._Gefitinib hydrochloride,Hallmark
27,prerank,Apoptosis,-0.25134542532808596,-0.8261190945337875,0.7676348547717843,1.0,1.0,16/59,24.49%,IER3;FEZ1;TNFSF10;CDKN1A;SMAD7;TIMP2;EGR3;CDK2;IGF2R;HMGB2;IRF1;PAK1;CYLD;BNIP3L;SQSTM1;PSEN1,CD8 Naive,Gefitinib_vs._Gefitinib hydrochloride,Hallmark
28,prerank,Glycolysis,0.23944397029564501,0.8225023493632618,0.7492163009404389,0.7597016250777018,1.0,10/35,17.90%,GPC1;DDIT4;FKBP4;SPAG4;STMN1;COG2;CDK1;PMM2;ABCB6;SLC35A3,CD8 Naive,Gefitinib_vs._Gefitinib hydrochloride,Hallmark
29,prerank,Epithelial Mesenchymal Transition,-0.2769084610569575,-0.7965771570362726,0.7692307692307693,1.0,1.0,7/25,22.21%,PLAUR;ITGA5;ITGB1;NT5E;LRP1;ITGA2;PLOD3,CD8 Naive,Gefitinib_vs._Gefitinib hydrochloride,Hallmark
30,prerank,Interferon Gamma Response,-0.22230423622594425,-0.767861967347626,0.8791946308724832,1.0,1.0,22/76,31.87%,CD40;IL15RA;TNFSF10;PSME2;CDKN1A;RIPK2;JAK2;PTPN6;NLRC5;IRF7;IRF1;IFNAR2;IL10RA;IFI35;PSMB9;CASP8;C1S;IRF2;HERC6;IRF8;FAS;CASP7,CD8 Naive,Gefitinib_vs._Gefitinib hydrochloride,Hallmark
31,prerank,Adipogenesis,-0.2595124585372969,-0.7362472275208507,0.8436619718309859,1.0,1.0,8/25,26.92%,CAT;TANK;SQOR;SLC5A6;CHUK;STAT5A;DLD;DECR1,CD8 Naive,Gefitinib_vs._Gefitinib hydrochloride,Hallmark
32,prerank,Xenobiotic Metabolism,-0.24332027676936352,-0.7002692781596249,0.890282131661442,1.0,1.0,7/28,21.35%,UGDH;ABHD6;ARG2;ADH5;CAT;ARPP19;TNFRSF1A,CD8 Naive,Gefitinib_vs._Gefitinib hydrochloride,Hallmark
33,prerank,Oxidative Phosphorylation,-0.1969558989955239,-0.5447604392203277,0.9839883551673945,1.0,1.0,7/24,26.92%,SLC25A4;ATP6V1D;ACAA1;OXA1L;ATP6V0B;DLD;DECR1,CD8 Naive,Gefitinib_vs._Gefitinib hydrochloride,Hallmark
34,prerank,Apical Junction,-0.1676181900811535,-0.5196540436623884,0.9955555555555555,1.0,1.0,15/36,36.81%,ITGB1;EPB41L2;MAPK14;HRAS;ITGA2;ITGA3;CTNND1;GNAI2;ICAM2;MAP4K2;SHC1;ICAM1;JAM3;PIK3CB;IKBKG,CD8 Naive,Gefitinib_vs._Gefitinib hydrochloride,Hallmark
35,prerank,Androgen Response,-0.18255358157287607,-0.46651828822311175,0.9892638036809815,0.9969683495695056,1.0,8/16,38.93%,ZMIZ1;HMGCR;CDK6;RAB4A;AKT1;CCND3;RRP12;TMEM50A,CD8 Naive,Gefitinib_vs._Gefitinib hydrochloride,Hallmark
0,prerank,TNF-alpha Signaling via NF-kB,-0.5288618549950567,-2.0558608637710916,0.0,0.0,0.0,23/71,12.40%,NR4A1;CCL4;NFKBIE;BHLHE40;GADD45B;IER5;CSF1;FOSL2;FOSB;IFIT2;ATF3;NAMPT;GADD45A;SMAD3;BCL2A1;REL;CD69;DUSP1;NFKB1;TANK;FOS;IL23A;ZFP36,CD8 Naive,NVP-BSK805_vs._NVP-BSK805 2HCl,Hallmark
1,prerank,Apoptosis,-0.4720295949351071,-1.7914555727296297,0.0,0.023737066342057214,0.037,30/59,28.18%,FEZ1;LGALS3;GADD45B;TNFSF10;ATF3;CD38;GADD45A;TIMP2;PTK2;PAK1;CD69;BID;SMAD7;DNM1L;HMGB2;SQSTM1;PRF1;CDK2;IRF1;CREBBP;BCL10;ISG20;JUN;BIRC3;CDKN1A;FAS;CDKN1B;PSEN1;RELA;CASP8,CD8 Naive,NVP-BSK805_vs._NVP-BSK805 2HCl,Hallmark
2,prerank,Estrogen Response Early,-0.46725660949654974,-1.5069095328250486,0.034653465346534656,0.1740718198417529,0.331,8/29,10.60%,SCARB1;BHLHE40;PEX11A;BCL2;CANT1;RRP12;GAB2;FOS,CD8 Naive,NVP-BSK805_vs._NVP-BSK805 2HCl,Hallmark
3,prerank,Myogenesis,-0.5321234524275652,-1.4509195322015935,0.059907834101382486,0.19598295800365187,0.458,9/15,24.88%,BHLHE40;GADD45B;FOXO4;TGFB1;COL1A1;GAA;SORBS3;AKT2;CDKN1A,CD8 Naive,NVP-BSK805_vs._NVP-BSK805 2HCl,Hallmark
4,prerank,Myc Targets V1,0.4909590458453365,1.4045383044664295,0.08576329331046312,1.0,0.701,6/24,7.06%,MYC;PCNA;C1QBP;MCM2;TFDP1;MCM5,CD8 Naive,NVP-BSK805_vs._NVP-BSK805 2HCl,Hallmark
5,prerank,Xenobiotic Metabolism,0.4534010213792417,1.3852665091890621,0.05902192242833052,0.6440390326686466,0.749,6/28,9.50%,PYCR1;CBR1;TNFRSF1A;TMEM97;PSMB10;ADH5,CD8 Naive,NVP-BSK805_vs._NVP-BSK805 2HCl,Hallmark
6,prerank,UV Response Up,-0.40543668074277023,-1.351501346958351,0.08845208845208845,0.2809494826536823,0.654,13/35,22.29%,NR4A1;FOSB;ATF3;PARP2;CREG1;FOS;BID;FEN1;PRKCD;SQSTM1;CDK2;EIF5;IRF1,CD8 Naive,NVP-BSK805_vs._NVP-BSK805 2HCl,Hallmark
7,prerank,IL-2/STAT5 Signaling,-0.3521810306382353,-1.3441598120474203,0.06735751295336788,0.24690606613917632,0.668,9/62,7.61%,TNFRSF4;BHLHE40;GADD45B;TNFSF10;CSF1;IRF4;BCL2;IL2RA;TNFRSF1B,CD8 Naive,NVP-BSK805_vs._NVP-BSK805 2HCl,Hallmark
8,prerank,Glycolysis,0.41082648142165473,1.296462422194251,0.13217391304347825,0.736812332060529,0.902,6/35,9.03%,PGAM1;GLRX;SLC25A13;CDK1;ME2;SLC37A4,CD8 Naive,NVP-BSK805_vs._NVP-BSK805 2HCl,Hallmark
9,prerank,Mitotic Spindle,0.4362620433782556,1.2927775038297968,0.12962962962962962,0.5644887568943573,0.911,13/27,27.47%,BUB1;PXN;HDAC6;CDK1;CKAP5;ABL1;SMC1A;PLK1;CEP57;TIAM1;RASA1;EPB41L2;NDC80,CD8 Naive,NVP-BSK805_vs._NVP-BSK805 2HCl,Hallmark
10,prerank,heme Metabolism,0.456491942928895,1.2644432258432357,0.14788732394366197,0.5233771743742044,0.944,3/21,5.18%,PPOX;HEBP1;LAMP2,CD8 Naive,NVP-BSK805_vs._NVP-BSK805 2HCl,Hallmark
11,prerank,Hypoxia,-0.35468007493485376,-1.2371337486429843,0.13231552162849872,0.39909573080601685,0.868,11/44,13.81%,SCARB1;BHLHE40;FOSL2;ATF3;BCL2;FOXO3;DUSP1;KDM3A;FOS;ZFP36;XPNPEP1,CD8 Naive,NVP-BSK805_vs._NVP-BSK805 2HCl,Hallmark
12,prerank,p53 Pathway,-0.334575711826012,-1.192465288013561,0.16159250585480095,0.4363968350578211,0.923,21/50,26.14%,IER5;CGRRF1;ATF3;ACVR1B;GADD45A;FOXO3;TGFB1;RXRA;TRIB3;FOS;CTSD;RRP8;RAD51C;BLCAP;S100A10;DDB2;DDIT4;JUN;CDKN1A;FAS;ABHD4,CD8 Naive,NVP-BSK805_vs._NVP-BSK805 2HCl,Hallmark
13,prerank,Inflammatory Response,-0.3159549189954453,-1.1592031797291515,0.22105263157894736,0.45012510989382565,0.944,17/52,20.57%,RGS1;TNFSF10;CSF1;CD40;LTA;NAMPT;ACVR1B;TNFRSF1B;CD69;NFKB1;OSM;IL4R;RIPK2;LAMP3;SLC11A2;IFNAR1;SLAMF1,CD8 Naive,NVP-BSK805_vs._NVP-BSK805 2HCl,Hallmark
14,prerank,Cholesterol Homeostasis,-0.37365444323809527,-1.1323850026173439,0.25821596244131456,0.4625684723067559,0.961,9/22,17.66%,LGALS3;ATF3;ATF5;TRIB3;ANXA5;HMGCR;HMGCS1;FDFT1;GNAI1,CD8 Naive,NVP-BSK805_vs._NVP-BSK805 2HCl,Hallmark
15,prerank,Adipogenesis,-0.3525668993707864,-1.0995356168741612,0.2997711670480549,0.48813146682897135,0.98,8/25,16.72%,SCARB1;GADD45A;SLC5A6;DHRS7;REEP5;TANK;FAH;SQOR,CD8 Naive,NVP-BSK805_vs._NVP-BSK805 2HCl,Hallmark
16,prerank,Allograft Rejection,-0.2759071727288641,-1.0922600058255851,0.2648648648648649,0.4623655913978495,0.983,15/77,16.17%,IL12A;CCL4;CSF1;GZMB;CD40;AARS1;IRF4;IL2RA;TGFB1;CXCR3;CD40LG;CD8A;IL4R;RIPK2;IL12RB1,CD8 Naive,NVP-BSK805_vs._NVP-BSK805 2HCl,Hallmark
17,prerank,Complement,-0.29581089037405434,-1.0871717568425474,0.2889447236180904,0.43747366449740155,0.983,15/56,15.78%,LGALS3;GZMB;SRC;TIMP2;LRP1;PIK3CA;ANXA5;CTSD;APOBEC3G;CD40LG;FCER1G;XPNPEP1;PRKCD;DOCK9;CALM3,CD8 Naive,NVP-BSK805_vs._NVP-BSK805 2HCl,Hallmark
18,prerank,DNA Repair,0.35206216038618027,1.0751523874698645,0.33037300177619894,1.0,0.998,12/30,27.94%,POLA1;PCNA;POLR2K;PRIM1;RAE1;VPS28;POLR2I;RBX1;ADA;LIG1;POLD3;RPA2,CD8 Naive,NVP-BSK805_vs._NVP-BSK805 2HCl,Hallmark
19,prerank,E2F Targets,0.290942010465908,1.049367103205295,0.3685897435897436,0.9835747621067943,0.999,9/67,7.06%,ATAD2;CHEK2;MYC;PCNA;MCM2;PAICS;CDK1;MCM3;MCM5,CD8 Naive,NVP-BSK805_vs._NVP-BSK805 2HCl,Hallmark
20,prerank,Fatty Acid Metabolism,0.35913194556968175,1.0434858575642905,0.4018018018018018,0.8791896478574459,0.999,9/23,28.26%,CBR1;GSTZ1;BPHL;PSME1;ACAA1;HSD17B10;UGDH;PCBD1;HSD17B11,CD8 Naive,NVP-BSK805_vs._NVP-BSK805 2HCl,Hallmark
21,prerank,G2-M Checkpoint,0.28406435347853176,0.973956979129753,0.5043782837127846,0.994861641446283,1.0,20/49,28.02%,MYC;BUB1;MCM2;TFDP1;CDK1;MCM3;MCM5;ABL1;SMC1A;MNAT1;CASP8AP2;CDC25B;MAPK14;PLK1;MTF2;TACC3;STMN1;NDC80;RPA2;CKS1B,CD8 Naive,NVP-BSK805_vs._NVP-BSK805 2HCl,Hallmark
22,prerank,Oxidative Phosphorylation,0.3245480910882652,0.9504607120416285,0.5062836624775583,0.964446330080611,1.0,12/24,37.21%,ATP1B1;SDHB;TOMM70;CYCS;ACAA1;HSD17B10;ALAS1;SLC25A4;SLC25A3;ECH1;CASP7;ATP6V0B,CD8 Naive,NVP-BSK805_vs._NVP-BSK805 2HCl,Hallmark
23,prerank,IL-6/JAK/STAT3 Signaling,-0.2781758320429548,-0.9466598257305893,0.5510204081632653,0.701069472219807,1.0,14/35,25.82%,CSF1;CD38;IL2RA;ACVR1B;TNFRSF1B;TGFB1;IL4R;IL12RB1;IFNAR1;IRF1;TLR2;JUN;TYK2;FAS,CD8 Naive,NVP-BSK805_vs._NVP-BSK805 2HCl,Hallmark
24,prerank,UV Response Dn,-0.30694770398669735,-0.945504666453926,0.5533980582524272,0.657334144856969,1.0,7/26,10.75%,BHLHE40;INSIG1;SMAD3;DUSP1;RXRA;NFKB1;TENT4A,CD8 Naive,NVP-BSK805_vs._NVP-BSK805 2HCl,Hallmark
25,prerank,Androgen Response,-0.32498404631053585,-0.9143995389666408,0.5812356979405034,0.6785605599513087,1.0,7/16,25.04%,INSIG1;RRP12;HMGCR;HMGCS1;RAB4A;APPBP2;ZMIZ1,CD8 Naive,NVP-BSK805_vs._NVP-BSK805 2HCl,Hallmark
26,prerank,Pperoxisome,0.32056937470745545,0.8811835334598606,0.6519524617996605,1.0,1.0,12/19,32.81%,SCP2;ABCC5;FIS1;ISOC1;ACAA1;HRAS;MVP;HSD17B11;CAT;MSH2;SLC25A4;ABCB1,CD8 Naive,NVP-BSK805_vs._NVP-BSK805 2HCl,Hallmark
27,prerank,Interferon Alpha Response,0.2765684463775562,0.8745664166984126,0.6805555555555556,0.996605854900297,1.0,8/35,22.29%,PSME2;PSMB9;IFITM2;ISG15;STAT2;PSME1;C1S;PSMB8,CD8 Naive,NVP-BSK805_vs._NVP-BSK805 2HCl,Hallmark
28,prerank,mTORC1 Signaling,0.23819638940984494,0.8281865072807064,0.7615894039735099,1.0,1.0,7/55,9.03%,CD9;BUB1;GLRX;MCM2;CFP;TMEM97;SLC37A4,CD8 Naive,NVP-BSK805_vs._NVP-BSK805 2HCl,Hallmark
29,prerank,Estrogen Response Late,-0.2523655264466306,-0.8280022696201268,0.7330097087378641,0.8064874154165622,1.0,8/30,18.52%,SCARB1;BCL2;LSR;FOS;ZFP36;FDFT1;DUSP2;ID2,CD8 Naive,NVP-BSK805_vs._NVP-BSK805 2HCl,Hallmark
30,prerank,Interferon Gamma Response,0.21022213064780926,0.7854687441354761,0.8540706605222734,1.0,1.0,16/76,20.17%,PSME2;NOD1;PSMB9;PSMB10;IFITM2;ISG15;PTPN6;SOCS1;IFNAR2;IL15RA;STAT2;ARID5B;JAK2;PSME1;ISOC1;C1S,CD8 Naive,NVP-BSK805_vs._NVP-BSK805 2HCl,Hallmark
31,prerank,KRAS Signaling Up,0.25121710751267057,0.7824477354711773,0.8082644628099174,0.9755904398246358,1.0,3/36,3.30%,ITGA2;LY96;GLRX,CD8 Naive,NVP-BSK805_vs._NVP-BSK805 2HCl,Hallmark
32,prerank,Apical Junction,-0.22585485602356187,-0.7698166607001845,0.8805970149253731,0.8493947386217624,1.0,11/36,24.80%,INSIG1;SRC;PTK2;MPZL1;ITGA3;RSU1;GNAI1;SORBS3;AKT2;CTNND1;HADH,CD8 Naive,NVP-BSK805_vs._NVP-BSK805 2HCl,Hallmark
33,prerank,Epithelial Mesenchymal Transition,0.2603856615003741,0.7688396465629318,0.8258620689655173,0.935033941450997,1.0,3/25,7.61%,ITGA2;PVR;TPM1,CD8 Naive,NVP-BSK805_vs._NVP-BSK805 2HCl,Hallmark
34,prerank,PI3K/AKT/mTOR  Signaling,0.20969629190881303,0.686560319156614,0.9432387312186978,0.9800593975392448,1.0,12/39,24.80%,NOD1;DUSP3;CDK1;TNFRSF1A;STAT2;LCK;NFKBIB;AKT1;TIAM1;HRAS;GSK3B;IRAK4,CD8 Naive,NVP-BSK805_vs._NVP-BSK805 2HCl,Hallmark
35,prerank,Unfolded Protein Response,0.22636865873153372,0.6824712177142646,0.9183006535947712,0.9290529392353746,1.0,2/27,4.32%,EIF4EBP1;WFS1,CD8 Naive,NVP-BSK805_vs._NVP-BSK805 2HCl,Hallmark
0,prerank,Inflammatory Response,-0.4944138864471659,-1.5949123928973672,0.006016847172081829,0.20341476767262026,0.18,16/52,15.15%,PVR;PLAUR;OSM;CSF1;TLR1;ACVR2A;HIF1A;IL4R;ACVR1B;EDN1;NAMPT;IRAK2;IRF7;IL15RA;SLC11A2;ADGRE1,CD8 Naive,Ruxolitinib_vs._Ruxolitinib phosphate,Hallmark
1,prerank,Androgen Response,0.49358923586719905,1.4830197168389787,0.0546218487394958,0.23250664304694418,0.198,4/16,11.22%,MAF;CDK6;CCND3;ARID5B,CD8 Naive,Ruxolitinib_vs._Ruxolitinib phosphate,Hallmark
2,prerank,Epithelial Mesenchymal Transition,-0.4873855180824673,-1.3638449442675264,0.0986093552465234,1.0,0.87,11/25,26.69%,PVR;PLAUR;ITGA2;CALU;COL1A1;ID2;LRP1;SGCB;NT5E;GADD45A;TPM1,CD8 Naive,Ruxolitinib_vs._Ruxolitinib phosphate,Hallmark
3,prerank,Cholesterol Homeostasis,-0.49012907252345894,-1.334426626330972,0.10886075949367088,0.8748488788521636,0.918,8/22,16.72%,PLAUR;TRIB3;ACAT2;ATF3;CD9;ATF5;PLSCR1;ALDOC,CD8 Naive,Ruxolitinib_vs._Ruxolitinib phosphate,Hallmark
4,prerank,Unfolded Protein Response,-0.4628071641838484,-1.3258115259981311,0.10269576379974327,0.6928505440361322,0.932,12/27,28.89%,DDIT4;ATF3;MTHFD2;FKBP14;DDX10;EIF4G1;HYOU1;CEBPB;CNOT2;PDIA6;CNOT4;ATF6,CD8 Naive,Ruxolitinib_vs._Ruxolitinib phosphate,Hallmark
5,prerank,Fatty Acid Metabolism,-0.4873737090063902,-1.3239197343681863,0.10852713178294573,0.5616232122083076,0.935,7/23,13.42%,BPHL;ACAT2;ACAA1;HADH;CBR1;DECR1;CRYZ,CD8 Naive,Ruxolitinib_vs._Ruxolitinib phosphate,Hallmark
6,prerank,KRAS Signaling Up,-0.42859555912826464,-1.2864594553336481,0.12484394506866417,0.6013138985834531,0.969,14/36,32.89%,PLAUR;ITGA2;LAT2;CLEC4A;ABCB1;ID2;AKT2;ST6GAL1;F2RL1;LCP1;FCER1G;CCND2;PECAM1;IL10RA,CD8 Naive,Ruxolitinib_vs._Ruxolitinib phosphate,Hallmark
7,prerank,Apoptosis,0.30592870153163837,1.2810115741838404,0.060810810810810814,0.3854443460289342,0.518,7/59,5.97%,FEZ1;LGALS3;BRCA1;CD38;CDK2;CASP7;IER3,CD8 Naive,Ruxolitinib_vs._Ruxolitinib phosphate,Hallmark
8,prerank,Interferon Alpha Response,-0.42814168810673775,-1.2756848395383444,0.13316582914572864,0.5525510553225602,0.979,11/35,22.92%,CSF1;STAT2;IL4R;PSME2;IRF7;PLSCR1;CASP8;RIPK2;LAMP3;IFITM2;PSMB9,CD8 Naive,Ruxolitinib_vs._Ruxolitinib phosphate,Hallmark
9,prerank,Apical Junction,-0.40236910915787827,-1.2182147243837538,0.18925518925518925,0.6826798056525012,0.994,18/36,37.28%,ITGA2;SRC;HADH;PIK3CB;PTK2;AKT2;AKT3;RASA1;EVL;MAPK14;GNAI1;MAP4K2;ITGB1;PECAM1;RAC2;MPZL1;CD274;SHC1,CD8 Naive,Ruxolitinib_vs._Ruxolitinib phosphate,Hallmark
10,prerank,Xenobiotic Metabolism,-0.427504309840612,-1.2168957722513376,0.21179302045728038,0.6110160663640442,0.994,10/28,24.57%,ABCC2;BPHL;FAH;CBR1;PYCR1;SLC35B1;ID2;ALAS1;NPC1;PPARD,CD8 Naive,Ruxolitinib_vs._Ruxolitinib phosphate,Hallmark
11,prerank,mTORC1 Signaling,-0.3727361285857682,-1.2010689556957654,0.19626168224299065,0.6001231779921986,0.996,14/55,18.92%,TRIB3;DDIT4;MLLT11;CCNF;BUB1;MTHFD2;CD9;NAMPT;PLK1;ACLY;GPI;TXNRD1;G6PD;NFKBIB,CD8 Naive,Ruxolitinib_vs._Ruxolitinib phosphate,Hallmark
12,prerank,G2-M Checkpoint,-0.36487283898209133,-1.1728141891483599,0.21933962264150944,0.6300896462054335,0.998,14/49,17.50%,NDC80;CENPE;CCNF;BUB1;HIF1A;ATF5;STMN1;CDK4;TACC3;SUV39H1;CASP8AP2;PLK1;MCM6;TENT4A,CD8 Naive,Ruxolitinib_vs._Ruxolitinib phosphate,Hallmark
13,prerank,Allograft Rejection,0.2563529349154163,1.1386188838080709,0.2032520325203252,0.5604271233146344,0.787,15/77,11.85%,CCL4;IL2RA;CD40LG;BRCA1;CCL5;GZMB;IL12A;IRF8;CCND3;NLRP3;ICAM1;CD4;DYRK3;ITGB2;CD3G,CD8 Naive,Ruxolitinib_vs._Ruxolitinib phosphate,Hallmark
14,prerank,Hypoxia,-0.3571808776446579,-1.1095615717798522,0.3024390243902439,0.7707435160473551,1.0,8/44,16.72%,TGFB3;PLAUR;DDIT4;ATF3;FOSL2;BCL2;GPI;ALDOC,CD8 Naive,Ruxolitinib_vs._Ruxolitinib phosphate,Hallmark
15,prerank,Oxidative Phosphorylation,-0.3895915174917093,-1.0771121724146784,0.3682170542635659,0.8127431317741316,1.0,13/24,38.54%,SLC25A4;ACAA1;DECR1;GPI;ATP1B1;BAX;TOMM70;ALAS1;SUPV3L1;OXA1L;ETFB;ATP6V1D;VDAC1,CD8 Naive,Ruxolitinib_vs._Ruxolitinib phosphate,Hallmark
16,prerank,IL-6/JAK/STAT3 Signaling,-0.3529692659304209,-1.0632509736840536,0.37192118226600984,0.797711919914753,1.0,11/35,24.18%,CSF1;TYK2;CD9;STAT2;IL4R;ACVR1B;IL15RA;STAT3;IL10RB;TNFRSF21;IL18R1,CD8 Naive,Ruxolitinib_vs._Ruxolitinib phosphate,Hallmark
17,prerank,TNF-alpha Signaling via NF-kB,-0.3163446753502443,-1.0595169721484723,0.38265895953757223,0.7559091220146444,1.0,22/71,25.82%,PLAUR;SLC2A6;CSF1;NR4A1;ATF3;EGR3;EDN1;NAMPT;FOSL2;BCL2A1;IL15RA;ID2;REL;CEBPB;RIPK2;FUT4;KLF9;TIPARP;FOSL1;F2RL1;CD83;GADD45A,CD8 Naive,Ruxolitinib_vs._Ruxolitinib phosphate,Hallmark
18,prerank,Complement,0.26563992708149886,1.0539914767363336,0.3333333333333333,0.6319013876586951,0.899,6/56,4.47%,LGALS3;CD40LG;CCL5;LIPA;GZMB;CASP7,CD8 Naive,Ruxolitinib_vs._Ruxolitinib phosphate,Hallmark
19,prerank,UV Response Dn,-0.3694114906410316,-1.0432704301713245,0.4312736443883985,0.7511462396496271,1.0,11/26,35.64%,ACVR2A;COL1A1;RUNX1;TENT4A;DMAC2L;AKT3;ATP2C1;MAPK14;BHLHE40;IGF1R;MYC,CD8 Naive,Ruxolitinib_vs._Ruxolitinib phosphate,Hallmark
20,prerank,Pperoxisome,-0.3976270961459265,-1.0427583341786986,0.417890520694259,0.7085954891092139,1.0,5/19,21.04%,SLC25A4;ACAA1;ABCC5;ABCB1;ITGB1BP1,CD8 Naive,Ruxolitinib_vs._Ruxolitinib phosphate,Hallmark
21,prerank,UV Response Up,-0.3442436274565665,-1.03008422226771,0.4245049504950495,0.6998791030817308,1.0,11/35,24.02%,SLC25A4;NR4A1;ATF3;CREG1;FKBP4;ACAA1;ABCB1;STK25;PRKACA;POLG2;ALAS1,CD8 Naive,Ruxolitinib_vs._Ruxolitinib phosphate,Hallmark
22,prerank,Mitotic Spindle,-0.3561886008371049,-1.0039954042848875,0.4726114649681529,0.7241983525843968,1.0,9/27,21.66%,NDC80;CENPE;BUB1;NCK2;CEP57;NCK1;PLK1;RASA1;KIF20B,CD8 Naive,Ruxolitinib_vs._Ruxolitinib phosphate,Hallmark
23,prerank,heme Metabolism,0.30533382951619525,0.9789349734788074,0.4838709677419355,0.6873929731325656,0.955,4/21,6.91%,HEBP1;BLVRA;FOXO3;CCND3,CD8 Naive,Ruxolitinib_vs._Ruxolitinib phosphate,Hallmark
24,prerank,Myogenesis,-0.36560429628701097,-0.9190387394843724,0.6090534979423868,0.8809347840963525,1.0,9/15,44.43%,COL1A1;RB1;AKT2;FOXO4;BHLHE40;ITGB1;AGL;APP;GADD45B,CD8 Naive,Ruxolitinib_vs._Ruxolitinib phosphate,Hallmark
25,prerank,Estrogen Response Early,-0.30527266405544384,-0.8817265085717078,0.6670792079207921,0.9171383601685388,1.0,10/29,31.63%,EGR3;FKBP4;CANT1;BCL2;FDFT1;TIPARP;MUC1;DYNLT3;BHLHE40;IGF1R,CD8 Naive,Ruxolitinib_vs._Ruxolitinib phosphate,Hallmark
26,prerank,IL-2/STAT5 Signaling,0.20392820151449825,0.8555967820273788,0.7482014388489209,0.840985139257947,0.988,9/62,6.99%,IL2RA;CCR4;CTLA4;FLT3LG;IRF8;EOMES;TNFRSF9;CCND3;CST7,CD8 Naive,Ruxolitinib_vs._Ruxolitinib phosphate,Hallmark
27,prerank,Adipogenesis,-0.30806221536323786,-0.8467076534398406,0.71875,0.9446834387811601,1.0,4/25,16.17%,FAH;HADH;DECR1;ACLY,CD8 Naive,Ruxolitinib_vs._Ruxolitinib phosphate,Hallmark
28,prerank,E2F Targets,0.20545032942272098,0.8423897073376014,0.8359375,0.7432831414230883,0.989,15/67,14.21%,CDK1;BRCA1;UNG;CHEK1;CHEK2;JPT1;ATAD2;EED;NASP;CKS2;RPA2;RPA3;RAD51C;CDKN1B;HMGB2,CD8 Naive,Ruxolitinib_vs._Ruxolitinib phosphate,Hallmark
29,prerank,Interferon Gamma Response,-0.24341823468248125,-0.8265044511668928,0.7782805429864253,0.9387710168730046,1.0,17/76,22.92%,MTHFD2;HIF1A;STAT2;IL4R;PSME2;NAMPT;IRF7;PLSCR1;ST3GAL5;IL15RA;CD40;CASP8;RIPK2;SELP;STAT3;IFITM2;PSMB9,CD8 Naive,Ruxolitinib_vs._Ruxolitinib phosphate,Hallmark
30,prerank,p53 Pathway,-0.24977866047831673,-0.7896004194786939,0.8173076923076923,0.9636154451515774,1.0,5/50,8.48%,TRIB3;MAPKAPK3;DDIT4;ATF3;ACVR1B,CD8 Naive,Ruxolitinib_vs._Ruxolitinib phosphate,Hallmark
31,prerank,Glycolysis,-0.24809890431659745,-0.7408308430905479,0.8624078624078624,0.9942516936973927,1.0,10/35,25.98%,DDIT4;FKBP4;STMN1;PGAM1;SPAG4;G6PD;ECD;NT5E;COG2;EXT1,CD8 Naive,Ruxolitinib_vs._Ruxolitinib phosphate,Hallmark
32,prerank,PI3K/AKT/mTOR  Signaling,-0.22428926717656605,-0.6881216823438355,0.9103194103194103,1.0,1.0,15/39,34.38%,TRIB3;STAT2;PAK4;CDK4;NCK1;AKT1;NFKBIB;MAPK9;DUSP3;RAF1;MAPK1;TBK1;GSK3B;IRAK4;TNFRSF1A,CD8 Naive,Ruxolitinib_vs._Ruxolitinib phosphate,Hallmark
33,prerank,Estrogen Response Late,-0.2309138269036667,-0.6621300925858691,0.9265463917525774,0.9992497801298185,1.0,5/30,15.62%,EGR3;CD9;FKBP4;BCL2;ID2,CD8 Naive,Ruxolitinib_vs._Ruxolitinib phosphate,Hallmark
34,prerank,DNA Repair,-0.2314411542930442,-0.6616617804545949,0.91343669250646,0.9638812309978395,1.0,6/30,20.41%,VPS28;CANT1;POLD4;LIG1;RFC5;POLR1C,CD8 Naive,Ruxolitinib_vs._Ruxolitinib phosphate,Hallmark
35,prerank,Myc Targets V1,-0.21490676744097748,-0.5937345803505272,0.9625468164794008,0.9705057140901937,1.0,13/24,50.47%,CDK4;RNPS1;MCM6;TOMM70;MCM4;MYC;VDAC1;HPRT1;SMARCC1;NOLC1;USP1;C1QBP;PSMD7,CD8 Naive,Ruxolitinib_vs._Ruxolitinib phosphate,Hallmark
0,prerank,Mitotic Spindle,-0.5862528019220475,-1.6656153452551803,0.014519056261343012,0.14904419002227634,0.127,7/27,10.44%,ECT2;NDC80;CENPE;CDK1;ABL1;CENPF;NET1,CD8 Naive,Tofacitinib citrate_vs._Tofacitinib,Hallmark
1,prerank,Complement,-0.47993819306843,-1.6319393020965771,0.0018587360594795538,0.10335181059938871,0.174,12/56,9.65%,CD40LG;GZMB;CCL5;ANXA5;LGALS3;PLAUR;CTSD;TIMP2;LGMN;C1S;LAP3;CSRP1,CD8 Naive,Tofacitinib citrate_vs._Tofacitinib,Hallmark
2,prerank,Cholesterol Homeostasis,-0.4923278771638699,-1.3553459814303623,0.10555555555555556,0.5856602600632026,0.802,7/22,7.46%,GNAI1;ANXA5;LGALS3;PLAUR;ALCAM;ATF3;LGMN,CD8 Naive,Tofacitinib citrate_vs._Tofacitinib,Hallmark
3,prerank,IL-6/JAK/STAT3 Signaling,0.4247163874677376,1.3120774851146595,0.09504132231404959,1.0,0.821,13/35,17.35%,IL18R1;IRF1;STAT3;TLR2;SOCS1;IL2RA;CD38;IL12RB1;CD9;ITGA4;IFNGR1;TYK2;MYD88,CD8 Naive,Tofacitinib citrate_vs._Tofacitinib,Hallmark
4,prerank,Allograft Rejection,-0.3607110123795298,-1.2752913838501942,0.0933572710951526,0.7014324198311144,0.922,9/77,5.26%,CD40LG;CSF1;TLR1;GZMB;KLRD1;CD4;CCL5;CCL4;CFP,CD8 Naive,Tofacitinib citrate_vs._Tofacitinib,Hallmark
5,prerank,Inflammatory Response,0.3824778980688807,1.275214606741975,0.11434977578475336,0.9895490207821765,0.873,11/52,7.38%,OSM;IL2RB;IL18R1;IRF1;MYC;ICAM1;TLR2;NLRP3;HIF1A;LTA;LCK,CD8 Naive,Tofacitinib citrate_vs._Tofacitinib,Hallmark
6,prerank,Epithelial Mesenchymal Transition,-0.4239984501777285,-1.188175593208229,0.2112676056338028,0.8807750090659483,0.989,13/25,24.88%,GPC1;PLAUR;SGCB;NT5E;GADD45A;COL1A1;LGALS1;ITGB1;CD59;TGFB1;FAS;CALU;TNFAIP3,CD8 Naive,Tofacitinib citrate_vs._Tofacitinib,Hallmark
7,prerank,Apical Junction,0.37443306699363726,1.1727439087831943,0.22737306843267108,1.0,0.963,7/36,9.34%,ITGA2;MAPK11;ICAM1;ITGA3;CD274;SRC;INSIG1,CD8 Naive,Tofacitinib citrate_vs._Tofacitinib,Hallmark
8,prerank,TNF-alpha Signaling via NF-kB,-0.3127945376888849,-1.099754716386357,0.26127819548872183,1.0,1.0,13/71,8.48%,FOS;CSF1;CCL5;CCL4;NR4A1;EDN1;PLAUR;EGR3;ATF3;FOSB;GADD45A;BCL2A1;BHLHE40,CD8 Naive,Tofacitinib citrate_vs._Tofacitinib,Hallmark
9,prerank,IL-2/STAT5 Signaling,-0.32188590916572485,-1.0969826453544391,0.27692307692307694,0.9438429259700565,1.0,14/62,10.91%,TNFSF10;CSF1;CCR4;CST7;TNFRSF18;IL3RA;TNFRSF4;ALCAM;TNFRSF1B;NT5E;BHLHE40;EOMES;BCL2;IL10RA,CD8 Naive,Tofacitinib citrate_vs._Tofacitinib,Hallmark
10,prerank,Estrogen Response Late,-0.36562006063594016,-1.0902729933785484,0.3288201160541586,0.844493083976584,1.0,8/30,10.52%,WFS1;FOS;SCARB1;EGR3;MAPK13;NRIP1;BCL2;UGDH,CD8 Naive,Tofacitinib citrate_vs._Tofacitinib,Hallmark
11,prerank,Interferon Gamma Response,0.29911451641022085,1.0799205199803772,0.30861723446893785,1.0,0.995,13/76,11.93%,IL2RB;IRF1;STAT3;ICAM1;IFITM3;SOCS1;HIF1A;CD274;CD38;PLSCR1;NOD1;NCOA3;IFITM2,CD8 Naive,Tofacitinib citrate_vs._Tofacitinib,Hallmark
12,prerank,UV Response Up,0.34470211570080583,1.0650615909181904,0.3515981735159817,1.0,0.996,8/35,10.68%,IRF1;PARP2;ICAM1;JUNB;FKBP4;STK25;SLC25A4;RAB27A,CD8 Naive,Tofacitinib citrate_vs._Tofacitinib,Hallmark
13,prerank,Apoptosis,-0.3028141166930513,-1.02728336016175,0.4166666666666667,0.9621993127147767,1.0,17/59,22.37%,TNFSF10;LGALS3;EGR3;ATF3;PTK2;TIMP2;CASP2;GADD45A;IER3;CDKN1A;EBP;SPTAN1;HSPB1;ISG20;PSEN1;DFFA;FAS,CD8 Naive,Tofacitinib citrate_vs._Tofacitinib,Hallmark
14,prerank,Estrogen Response Early,-0.33419613928839303,-0.9683824412329542,0.5104364326375711,1.0,1.0,7/29,9.50%,WFS1;FOS;SCARB1;EGR3;BHLHE40;NRIP1;BCL2,CD8 Naive,Tofacitinib citrate_vs._Tofacitinib,Hallmark
15,prerank,mTORC1 Signaling,0.28547047662923064,0.9534734083294466,0.5175644028103045,1.0,1.0,11/55,12.01%,DDIT4;SLC37A4;NFKBIB;CCNF;SLC1A4;ITGB2;PLK1;INSIG1;UNG;CD9;HMGCS1,CD8 Naive,Tofacitinib citrate_vs._Tofacitinib,Hallmark
16,prerank,Hypoxia,-0.29755357599308996,-0.9283907051270108,0.5928705440900562,1.0,1.0,12/44,13.97%,FOS;GPC1;PLAUR;SCARB1;ATF3;BHLHE40;MAP3K1;BCL2;TES;IER3;KDM3A;CDKN1A,CD8 Naive,Tofacitinib citrate_vs._Tofacitinib,Hallmark
17,prerank,Unfolded Protein Response,-0.309677420678101,-0.8827164427649553,0.6370370370370371,1.0,1.0,3/27,6.28%,WFS1;FKBP14;ATF3,CD8 Naive,Tofacitinib citrate_vs._Tofacitinib,Hallmark
18,prerank,KRAS Signaling Up,-0.2805879286789052,-0.8699780646266083,0.6838235294117647,1.0,1.0,6/36,11.07%,LAT2;PLAUR;TNFRSF1B;MAP3K1;IL10RA;ATG10,CD8 Naive,Tofacitinib citrate_vs._Tofacitinib,Hallmark
19,prerank,UV Response Dn,0.29246467156886957,0.8461051462134884,0.7188841201716738,1.0,1.0,4/26,12.09%,MYC;RUNX1;INSIG1;TENT4A,CD8 Naive,Tofacitinib citrate_vs._Tofacitinib,Hallmark
20,prerank,Androgen Response,0.33233782757494623,0.8419183011473994,0.6809815950920245,1.0,1.0,4/16,16.01%,RRP12;INSIG1;HMGCS1;TMEM50A,CD8 Naive,Tofacitinib citrate_vs._Tofacitinib,Hallmark
21,prerank,Oxidative Phosphorylation,-0.2981482829023374,-0.8122709051678025,0.7486033519553073,1.0,1.0,1/24,0.78%,ATP1B1,CD8 Naive,Tofacitinib citrate_vs._Tofacitinib,Hallmark
22,prerank,E2F Targets,0.23117885075051653,0.8094927777672171,0.8179775280898877,1.0,1.0,24/67,26.84%,MYC;CHEK1;CHEK2;TP53;PLK1;CBX5;UNG;CDK4;PAN2;PAICS;TIMELESS;MTHFD2;TIPIN;PCNA;DNMT1;EZH2;EED;ATAD2;CTCF;UBE2T;ILF3;SMC1A;ANP32E;CKS2,CD8 Naive,Tofacitinib citrate_vs._Tofacitinib,Hallmark
23,prerank,Glycolysis,-0.26302437968698894,-0.80297475076607,0.7922077922077922,1.0,1.0,16/35,27.94%,GPC1;CDK1;NASP;NT5E;SLC25A13;IER3;ISG20;GFPT1;ECD;G6PD;STMN1;COPB2;PGAM1;COG2;ERO1A;GLRX,CD8 Naive,Tofacitinib citrate_vs._Tofacitinib,Hallmark
24,prerank,G2-M Checkpoint,-0.24841812231407961,-0.8008892821250287,0.8080438756855576,1.0,1.0,8/49,11.70%,NDC80;CENPE;CDK1;NASP;JPT1;ABL1;CENPF;MCM5,CD8 Naive,Tofacitinib citrate_vs._Tofacitinib,Hallmark
25,prerank,p53 Pathway,-0.24973026224830683,-0.8000179074274826,0.793418647166362,0.9754107103132399,1.0,17/50,24.25%,FOS;CTSD;ATF3;GADD45A;ABHD4;TRIB3;IER3;CDKN1A;RAD51C;CYFIP2;ADA;TGFB1;SESN1;FAS;S100A10;ELP1;CGRRF1,CD8 Naive,Tofacitinib citrate_vs._Tofacitinib,Hallmark
26,prerank,DNA Repair,0.2639805159769329,0.7907840474465694,0.774468085106383,1.0,1.0,14/30,31.16%,TP53;DDB2;POLB;POLA1;PCNA;POLR2I;NUDT9;RNMT;FEN1;HPRT1;PRIM1;GTF2A2;POLD4;RPA3,CD8 Naive,Tofacitinib citrate_vs._Tofacitinib,Hallmark
27,prerank,Fatty Acid Metabolism,0.2671768580582032,0.7715363123924637,0.8179871520342612,1.0,1.0,6/23,19.00%,ACAT2;PCBD1;CRYZ;HMGCS1;DECR1;HSD17B10,CD8 Naive,Tofacitinib citrate_vs._Tofacitinib,Hallmark
28,prerank,Myogenesis,-0.31252337008026765,-0.759987702296234,0.7868217054263565,0.9884905627795334,1.0,7/15,19.62%,BHLHE40;COL1A1;CDKN1A;ITGB1;SPTAN1;SORBS3;TGFB1,CD8 Naive,Tofacitinib citrate_vs._Tofacitinib,Hallmark
29,prerank,Xenobiotic Metabolism,0.2576667336791791,0.7537820006614224,0.8456521739130435,1.0,1.0,7/28,20.17%,ABCC2;ABHD6;PPARD;ARG2;CNDP2;NMT1;SLC35B1,CD8 Naive,Tofacitinib citrate_vs._Tofacitinib,Hallmark
30,prerank,PI3K/AKT/mTOR  Signaling,-0.24316859610186564,-0.747815015275875,0.8488805970149254,0.952497157518466,1.0,8/39,18.05%,CDK1;TBK1;CLTC;PAK4;TRIB3;CDKN1A;STAT2;RALB,CD8 Naive,Tofacitinib citrate_vs._Tofacitinib,Hallmark
31,prerank,heme Metabolism,0.2513057100031142,0.7013448716496054,0.8648648648648649,1.0,1.0,2/21,4.55%,PPOX;HEBP1,CD8 Naive,Tofacitinib citrate_vs._Tofacitinib,Hallmark
32,prerank,Adipogenesis,0.24357404916615166,0.6876720612423012,0.895397489539749,0.9933349874656696,1.0,12/25,27.47%,BCL6;IFNGR1;DECR1;NMT1;DNAJC15;REEP5;PGM1;ACLY;SDHB;SCP2;CHUK;DHRS7,CD8 Naive,Tofacitinib citrate_vs._Tofacitinib,Hallmark
33,prerank,Interferon Alpha Response,-0.22094883927173398,-0.67252243145756,0.9337231968810916,0.9843444024244936,1.0,10/35,23.70%,CSF1;C1S;LAP3;PSME2;OAS1;ISG15;STAT2;ISG20;RIPK2;UBE2L6,CD8 Naive,Tofacitinib citrate_vs._Tofacitinib,Hallmark
34,prerank,Pperoxisome,-0.251994447052037,-0.6527558106042424,0.9096045197740112,0.9516137387970782,1.0,4/19,19.54%,CAT;ISOC1;HSD17B11;ACAA1,CD8 Naive,Tofacitinib citrate_vs._Tofacitinib,Hallmark
35,prerank,Myc Targets V1,0.19671885360192748,0.5536319333145177,0.9850107066381156,0.9898185302748996,1.0,5/24,21.82%,MYC;CDK4;PCNA;HSPD1;SMARCC1,CD8 Naive,Tofacitinib citrate_vs._Tofacitinib,Hallmark
0,prerank,Coagulation,0.7138118483786864,2.035949596306385,0.0,0.0024507801650191976,0.002,8/19,8.16%,CLU;S100A13;PECAM1;LGMN;SH2B2;LRP1;DUSP6;SERPINE1,MAIT,Afatinib_vs._Afatinib dimaleate,Hallmark
1,prerank,heme Metabolism,-0.5780424678901992,-1.5776747299062723,0.025559105431309903,0.4134089056252184,0.351,3/23,2.77%,PPOX;BLVRA;ARHGEF12,MAIT,Afatinib_vs._Afatinib dimaleate,Hallmark
2,prerank,Myogenesis,0.5473427960164585,1.5551424803474732,0.04419889502762431,0.16175149089126703,0.218,4/18,4.64%,IGFBP3;CLU;PSEN2;COL1A1,MAIT,Afatinib_vs._Afatinib dimaleate,Hallmark
3,prerank,Adipogenesis,-0.5014932958488553,-1.4078058951291033,0.07656967840735068,0.7656547226212197,0.779,10/26,22.53%,SCARB1;ETFB;CAT;SLC5A6;GADD45A;ELOVL6;ECH1;ACLY;PGM1;SQOR,MAIT,Afatinib_vs._Afatinib dimaleate,Hallmark
4,prerank,Epithelial Mesenchymal Transition,0.41313631813852386,1.3577052322537757,0.08414239482200647,0.4002940936198023,0.603,7/31,8.16%,IGFBP3;LOXL1;COL1A1;TNFRSF12A;LAMA3;LRP1;SERPINE1,MAIT,Afatinib_vs._Afatinib dimaleate,Hallmark
5,prerank,Complement,0.3443818097652982,1.3246937558419498,0.06593406593406594,0.36945510987664404,0.672,18/65,15.12%,CLU;S100A13;FCER1G;CASP7;CALM3;LGMN;LRP1;DUSP6;XPNPEP1;CTSD;PRCP;SERPINE1;CD40LG;TIMP2;CEBPB;JAK2;GZMB;ANXA5,MAIT,Afatinib_vs._Afatinib dimaleate,Hallmark
6,prerank,UV Response Up,-0.40605427120441473,-1.234947067367392,0.17579250720461095,1.0,0.98,10/37,16.32%,PRKCD;NR4A1;POLG2;BID;ACAA1;LYN;RRAD;PRKACA;FKBP4;STK25,MAIT,Afatinib_vs._Afatinib dimaleate,Hallmark
7,prerank,Estrogen Response Late,-0.3971184702173748,-1.188635614592161,0.21068249258160238,1.0,0.993,7/34,10.85%,SCARB1;S100A9;TOP2A;MEST;ETFB;UGDH;EGR3,MAIT,Afatinib_vs._Afatinib dimaleate,Hallmark
8,prerank,Oxidative Phosphorylation,0.37280888937468465,1.1711704939219039,0.2445054945054945,0.6519075238951066,0.921,11/24,20.88%,CASP7;PDHX;ALAS1;TOMM70;HSD17B10;SLC25A4;DECR1;CYCS;ATP1B1;DLD;SUPV3L1,MAIT,Afatinib_vs._Afatinib dimaleate,Hallmark
9,prerank,UV Response Dn,0.3430797835568907,1.1086756565261116,0.3224852071005917,0.7190997467527163,0.969,9/30,19.24%,ID1;IGF1R;COL1A1;CDKN1B;SERPINE1;KIT;RUNX1;MAP2K5;DMAC2L,MAIT,Afatinib_vs._Afatinib dimaleate,Hallmark
10,prerank,KRAS Signaling Up,0.30907495061629026,1.0953040700409291,0.27388535031847133,0.6499819109083058,0.974,5/43,6.51%,IGFBP3;FCER1G;PECAM1;MAP7;DUSP6,MAIT,Afatinib_vs._Afatinib dimaleate,Hallmark
11,prerank,Inflammatory Response,-0.3293951554423319,-1.0932572760306014,0.3131170662905501,1.0,0.999,12/63,17.51%,OSM;TLR1;NOD2;TNFSF9;CCRL2;IL18RAP;PLAUR;LYN;IL10RA;TNFSF10;MYC;PSEN1,MAIT,Afatinib_vs._Afatinib dimaleate,Hallmark
12,prerank,E2F Targets,-0.3187739734749445,-1.08024590778322,0.32694938440492477,1.0,0.999,20/69,21.48%,CENPE;TOP2A;NCAPD2;POLD3;CBX5;CHEK1;HMMR;SMC4;HELLS;ANP32E;LBR;PSIP1;SUV39H1;PAN2;RPA2;MYC;CDK4;NUP107;CCP110;SMC1A,MAIT,Afatinib_vs._Afatinib dimaleate,Hallmark
13,prerank,Cholesterol Homeostasis,0.3480339605248392,1.0540671236323818,0.36538461538461536,0.6776407156278081,0.99,4/22,5.46%,CLU;TRIB3;TNFRSF12A;LGMN,MAIT,Afatinib_vs._Afatinib dimaleate,Hallmark
14,prerank,DNA Repair,-0.36481675314856454,-1.0453997286676668,0.4065934065934066,1.0,1.0,11/30,25.00%,DDB2;POLD3;RFC5;VPS28;TYMS;RPA2;NUDT9;MPC2;POLR1C;FEN1;RPA3,MAIT,Afatinib_vs._Afatinib dimaleate,Hallmark
15,prerank,Xenobiotic Metabolism,0.3112022492432122,1.0135784190488073,0.4171779141104294,0.7097731666802821,0.994,6/28,12.35%,ABHD6;CBR1;BPHL;SERPINE1;ALAS1;FAH,MAIT,Afatinib_vs._Afatinib dimaleate,Hallmark
16,prerank,Spermatogenesis,0.3762639756002226,0.996564876646964,0.46112600536193027,0.684380361081611,0.994,2/15,4.79%,BUB1;MAP7,MAIT,Afatinib_vs._Afatinib dimaleate,Hallmark
17,prerank,mTORC1 Signaling,0.2656126562258935,0.9941965785817555,0.47619047619047616,0.6273997222449147,0.994,5/54,7.34%,BUB1;TRIB3;LGMN;MLLT11;MCM2,MAIT,Afatinib_vs._Afatinib dimaleate,Hallmark
18,prerank,Mitotic Spindle,-0.33257999897643514,-0.9875427278539062,0.4720496894409938,1.0,1.0,8/30,13.10%,CENPE;TOP2A;ARHGEF12;NCK2;SMC4;NDC80;NET1;PCM1,MAIT,Afatinib_vs._Afatinib dimaleate,Hallmark
19,prerank,Glycolysis,0.2816201037941062,0.9638352950628815,0.5227963525835866,0.6440446041990033,0.999,4/38,3.97%,IGFBP3;GALE;SLC25A13;ABCB6,MAIT,Afatinib_vs._Afatinib dimaleate,Hallmark
20,prerank,G2-M Checkpoint,-0.28311537999085007,-0.9284570275347716,0.5850622406639004,1.0,1.0,16/54,21.48%,CENPE;TOP2A;CCNF;ATF5;CHEK1;HMMR;SMC4;NDC80;LBR;CDC7;SUV39H1;RPA2;MYC;CDK4;TENT4A;SMC1A,MAIT,Afatinib_vs._Afatinib dimaleate,Hallmark
21,prerank,IL-6/JAK/STAT3 Signaling,-0.2978040757929284,-0.9149357690072532,0.5889212827988338,1.0,1.0,6/37,18.19%,CSF2;IL3RA;IL17RA;TYK2;ITGA4;STAT2,MAIT,Afatinib_vs._Afatinib dimaleate,Hallmark
22,prerank,Pperoxisome,-0.3375975839149564,-0.9037027524657071,0.5996932515337423,1.0,1.0,14/20,36.68%,TOP2A;MVP;ACAA1;ITGB1BP1;CAT;ECH1;HSD17B11;IDE;SMARCC1;CDK7;FIS1;ABCB1;HRAS;BCL10,MAIT,Afatinib_vs._Afatinib dimaleate,Hallmark
23,prerank,TNF-alpha Signaling via NF-kB,-0.2526958836738382,-0.8825293253689879,0.7121418826739427,1.0,1.0,16/83,22.38%,CSF2;CD80;VEGFA;TNFSF9;TGIF1;CCRL2;NR4A1;EGR3;PLAUR;MSC;MYC;GADD45A;IFIT2;IER3;ATF3;DUSP2,MAIT,Afatinib_vs._Afatinib dimaleate,Hallmark
24,prerank,Fatty Acid Metabolism,-0.318850963051461,-0.8797432271322266,0.6553846153846153,1.0,1.0,4/22,11.53%,ACAT2;BLVRA;UGDH;ACAA1,MAIT,Afatinib_vs._Afatinib dimaleate,Hallmark
25,prerank,p53 Pathway,-0.26735483025459494,-0.8792479265939198,0.6576319543509273,1.0,1.0,18/54,25.97%,DDB2;TNFSF9;MAPKAPK3;ABHD4;RRAD;CDK5R1;RXRA;PDGFA;CYFIP2;GADD45A;IER3;APP;CCP110;ATF3;BAX;COQ8A;FOXO3;ACVR1B,MAIT,Afatinib_vs._Afatinib dimaleate,Hallmark
26,prerank,Apoptosis,0.22396837827017846,0.8630712765273116,0.7789473684210526,0.80856893290518,1.0,5/64,5.01%,CLU;PSEN2;CASP7;CDKN1B;TNFRSF12A,MAIT,Afatinib_vs._Afatinib dimaleate,Hallmark
27,prerank,Hypoxia,-0.25310146763948493,-0.8171773429035645,0.757183908045977,1.0,1.0,4/47,5.46%,SCARB1;VEGFA;GAA;GPC1,MAIT,Afatinib_vs._Afatinib dimaleate,Hallmark
28,prerank,Interferon Alpha Response,-0.26235388291115846,-0.8104001963944134,0.7557803468208093,1.0,1.0,3/36,5.54%,IFITM3;OAS1;CCRL2,MAIT,Afatinib_vs._Afatinib dimaleate,Hallmark
29,prerank,Estrogen Response Early,-0.2710629110281536,-0.7958545300367827,0.7807407407407407,1.0,1.0,6/30,16.92%,SCARB1;GAB2;EGR3;MUC1;FKBP4;MYC,MAIT,Afatinib_vs._Afatinib dimaleate,Hallmark
30,prerank,Apical Junction,-0.25689855104265297,-0.7695226805217231,0.827893175074184,1.0,1.0,3/37,5.31%,MAPK11;SORBS3;SRC,MAIT,Afatinib_vs._Afatinib dimaleate,Hallmark
31,prerank,Unfolded Protein Response,-0.2666176857890438,-0.7689101174207412,0.8093797276853253,0.9934126243050461,1.0,12/28,32.71%,VEGFA;FKBP14;EIF4EBP1;CNOT4;ATF3;DDX10;HERPUD1;SHC1;SLC1A4;DDIT4;EDEM1;TATDN2,MAIT,Afatinib_vs._Afatinib dimaleate,Hallmark
32,prerank,Myc Targets V1,0.23605137575015978,0.7371215905404837,0.8485714285714285,0.9495022582188662,1.0,10/25,27.32%,PCNA;MCM2;TOMM70;C1QBP;NOLC1;USP1;HSPD1;HDAC2;VDAC1;RRM1,MAIT,Afatinib_vs._Afatinib dimaleate,Hallmark
33,prerank,IL-2/STAT5 Signaling,-0.21334397854447218,-0.7231070419301977,0.9200561009817672,1.0,1.0,12/64,19.09%,CSF2;IFITM3;IL3RA;CCR4;SOCS2;IL10RA;MUC1;TNFSF10;MYC;TNFRSF18;PLSCR1;IGF2R,MAIT,Afatinib_vs._Afatinib dimaleate,Hallmark
34,prerank,Allograft Rejection,-0.19806131647541922,-0.7123152044171039,0.9537037037037037,0.9718064328879966,1.0,9/90,11.60%,TLR1;CD80;IL11;TRAF2;IKBKB;IL18RAP;IFNG;NCF4;LYN,MAIT,Afatinib_vs._Afatinib dimaleate,Hallmark
35,prerank,PI3K/AKT/mTOR  Signaling,0.19663571424731288,0.6810850203889153,0.945619335347432,0.9362797157095009,1.0,3/40,7.78%,TRIB3;CDKN1B;CLTC,MAIT,Afatinib_vs._Afatinib dimaleate,Hallmark
36,prerank,Androgen Response,-0.25643824370290513,-0.665219514170955,0.8904761904761904,0.9734549971942728,1.0,2/17,6.89%,HMGCR;ARID5B,MAIT,Afatinib_vs._Afatinib dimaleate,Hallmark
37,prerank,Interferon Gamma Response,-0.17020085315053135,-0.5901378332851814,0.997275204359673,0.974610815637253,1.0,11/77,19.16%,IFITM3;MVP;ARID5B;NUP93;IRF5;IFNAR2;IL10RA;TNFSF10;STAT2;PLSCR1;IFIT2,MAIT,Afatinib_vs._Afatinib dimaleate,Hallmark
0,prerank,Estrogen Response Late,0.48902705812159086,1.5820239602033737,0.02406417112299465,0.3299922354768123,0.24,8/34,4.34%,SCARB1;PRSS23;CDC6;GALE;TOP2A;LSR;MAPK13;SLC1A4,MAIT,Baricitinib_vs._Baricitinib phosphate,Hallmark
1,prerank,Apical Junction,0.4566135421334569,1.5105402179879837,0.0425531914893617,0.27419354838709675,0.361,13/37,14.75%,MAPK11;MPZL1;MAPK13;HRAS;SRC;EPB41L2;HADH;LAMA3;RASA1;AKT3;ITGA3;ITGB1;CD274,MAIT,Baricitinib_vs._Baricitinib phosphate,Hallmark
2,prerank,E2F Targets,0.37758476430221455,1.4245887526388017,0.01910828025477707,0.32039246135385047,0.525,23/69,17.51%,TIPIN;HMMR;RAD51C;STMN1;TOP2A;MSH2;MYC;CHEK2;HMGB2;MCM5;PAICS;CKS2;PAN2;SLBP;UBR7;JPT1;SMC3;PCNA;CDK4;TACC3;CCP110;SMC4;CTCF,MAIT,Baricitinib_vs._Baricitinib phosphate,Hallmark
3,prerank,Complement,-0.3910467399317379,-1.2966385212364104,0.11285266457680251,1.0,0.936,11/65,16.09%,S100A13;CR1;FCER1G;XPNPEP1;GNAI2;LAP3;CEBPB;PIK3CA;PLSCR1;GZMK;S100A9,MAIT,Baricitinib_vs._Baricitinib phosphate,Hallmark
4,prerank,Myc Targets V1,0.42188829098656067,1.258837056001487,0.15873015873015872,0.6188854379896943,0.851,9/25,15.94%,TYMS;MYC;MCM5;SMARCC1;HDAC2;C1QBP;TFDP1;PCNA;CDK4,MAIT,Baricitinib_vs._Baricitinib phosphate,Hallmark
5,prerank,Estrogen Response Early,0.3928114103438281,1.2251622434905054,0.1984126984126984,0.5851062327945225,0.887,5/30,7.34%,SCARB1;PRSS23;MYC;SLC1A4;SH3BP5,MAIT,Baricitinib_vs._Baricitinib phosphate,Hallmark
6,prerank,Allograft Rejection,-0.34939063669027653,-1.2224572760732244,0.13547486033519554,1.0,0.984,9/90,6.96%,IL12A;CD40;NCR1;PTPN6;NCF4;CCR1;TLR3;AKT1;RIPK2,MAIT,Baricitinib_vs._Baricitinib phosphate,Hallmark
7,prerank,Spermatogenesis,-0.4816764482147573,-1.2006829132926913,0.24873949579831933,1.0,0.989,6/15,20.06%,PARP2;PHKG2;BUB1;MTOR;AURKA;PSMG1,MAIT,Baricitinib_vs._Baricitinib phosphate,Hallmark
8,prerank,Myogenesis,0.43066030226867436,1.1959903306520157,0.22033898305084745,0.5637867344297781,0.914,4/18,6.44%,PSEN2;CLU;GADD45B;APP,MAIT,Baricitinib_vs._Baricitinib phosphate,Hallmark
9,prerank,KRAS Signaling Up,-0.3849109556385618,-1.189851799521554,0.20287539936102236,1.0,0.991,8/43,15.64%,FCER1G;PECAM1;IGFBP3;CLEC4A;MAP3K1;TRIB1;GLRX;C3AR1,MAIT,Baricitinib_vs._Baricitinib phosphate,Hallmark
10,prerank,Glycolysis,-0.3842583173469536,-1.1748864171941242,0.2223950233281493,0.9921537364158939,0.995,11/38,16.02%,ABCB6;SLC25A13;GNPDA1;IGFBP3;GPC1;SPAG4;NT5E;COG2;GLRX;IER3;AURKA,MAIT,Baricitinib_vs._Baricitinib phosphate,Hallmark
11,prerank,mTORC1 Signaling,-0.36182758275621635,-1.170354812952032,0.23538011695906433,0.8460328116477154,0.995,17/54,20.06%,CCNF;TRIB3;EDEM1;TMEM97;PIK3R3;MCM2;BUB1;ACLY;UNG;NFIL3;GLRX;GSK3B;AURKA;TBK1;UFM1;PGM1;PSMG1,MAIT,Baricitinib_vs._Baricitinib phosphate,Hallmark
12,prerank,Unfolded Protein Response,0.37035356501656475,1.167188186617917,0.22588832487309646,0.5497584930774738,0.943,11/28,22.98%,PDIA5;SLC1A4;EIF4EBP1;EXOSC4;POP4;DDIT4;VEGFA;NOLC1;BAG3;FKBP14;ATF3,MAIT,Baricitinib_vs._Baricitinib phosphate,Hallmark
13,prerank,heme Metabolism,-0.409192047960657,-1.1211187452032971,0.30718954248366015,0.8995090840431335,1.0,4/23,8.01%,ABCB6;ARHGEF12;ABCG2;KLF3,MAIT,Baricitinib_vs._Baricitinib phosphate,Hallmark
14,prerank,Epithelial Mesenchymal Transition,-0.3727911042278689,-1.0990772606510355,0.337228714524207,0.8559088238996351,1.0,11/31,25.07%,MEST;IGFBP3;GPC1;TNFRSF12A;NT5E;COL1A1;PLOD3;SERPINE1;CALU;ITGA5;LOXL1,MAIT,Baricitinib_vs._Baricitinib phosphate,Hallmark
15,prerank,IL-6/JAK/STAT3 Signaling,0.32211396615522125,1.0757986960933654,0.344559585492228,0.7157831580433403,0.987,5/37,10.63%,TLR2;IL1R1;STAT2;IL3RA;IL2RA,MAIT,Baricitinib_vs._Baricitinib phosphate,Hallmark
16,prerank,Coagulation,-0.40978472858096326,-1.0585828473697128,0.4191829484902309,0.8868096057287514,1.0,2/19,1.95%,S100A13;PECAM1,MAIT,Baricitinib_vs._Baricitinib phosphate,Hallmark
17,prerank,G2-M Checkpoint,0.2909805936887122,1.0501543448823514,0.3663663663663664,0.7083833321568904,0.991,17/54,18.11%,HMMR;CDC6;CENPF;STMN1;TOP2A;MYC;MCM5;CKS2;SMARCC1;JPT1;CASP8AP2;TFDP1;CDK4;TACC3;SMC4;CTCF;ABL1,MAIT,Baricitinib_vs._Baricitinib phosphate,Hallmark
18,prerank,Interferon Gamma Response,-0.30584713200638286,-1.0460606761572189,0.39244186046511625,0.8332857802207024,1.0,8/77,12.65%,IFITM3;CD40;PTPN6;IFIT2;RIPK2;LAP3;CD69;PLSCR1,MAIT,Baricitinib_vs._Baricitinib phosphate,Hallmark
19,prerank,Apoptosis,0.2796964716973016,1.0439832487486542,0.37037037037037035,0.6535046234206253,0.991,8/64,6.44%,PSEN2;TOP2A;LEF1;HMGB2;CLU;GADD45B;LGALS3;APP,MAIT,Baricitinib_vs._Baricitinib phosphate,Hallmark
20,prerank,Cholesterol Homeostasis,-0.3860946939428802,-1.0409533669349715,0.41098169717138106,0.769227541643939,1.0,7/22,12.65%,ATF5;TRIB3;TMEM97;TNFRSF12A;ECH1;NFIL3;PLSCR1,MAIT,Baricitinib_vs._Baricitinib phosphate,Hallmark
21,prerank,Mitotic Spindle,0.3276085714213192,1.0291669932251835,0.3974025974025974,0.6262761731809519,0.994,12/30,18.11%,CENPF;TOP2A;ARFIP2;NET1;EPB41L2;RASA1;PXN;SMC3;PCM1;NCK1;SMC4;ABL1,MAIT,Baricitinib_vs._Baricitinib phosphate,Hallmark
22,prerank,DNA Repair,0.30512357245557176,0.989323752580987,0.4573643410852713,0.6647843580151055,0.998,8/30,23.35%,TYMS;FEN1;RNMT;RFC5;PCNA;VPS28;PNP;HPRT1,MAIT,Baricitinib_vs._Baricitinib phosphate,Hallmark
23,prerank,Adipogenesis,0.31533044259245263,0.9642542731605586,0.5012658227848101,0.6665381629029543,0.998,4/26,11.38%,SCARB1;DNAJC15;HADH;SDHB,MAIT,Baricitinib_vs._Baricitinib phosphate,Hallmark
24,prerank,Interferon Alpha Response,-0.3201434842291923,-0.9621651713001768,0.5184615384615384,0.9060965887634792,1.0,5/36,12.65%,IFITM3;IFIT2;RIPK2;LAP3;PLSCR1,MAIT,Baricitinib_vs._Baricitinib phosphate,Hallmark
25,prerank,UV Response Up,-0.3050390020091909,-0.9299602087544839,0.5425361155698234,0.9136652798801919,1.0,7/37,14.52%,CDK2;PARP2;FOSB;RRAD;ALAS1;DNAJB1;NR4A1,MAIT,Baricitinib_vs._Baricitinib phosphate,Hallmark
26,prerank,TNF-alpha Signaling via NF-kB,-0.2549892846821171,-0.8944413207700123,0.625748502994012,0.9369571602400033,1.0,15/83,15.12%,MSC;TNFSF9;FOSB;IFIT2;RIPK2;CEBPB;FUT4;NFIL3;FOSL1;CD69;TNF;NR4A1;TRIB1;CCL4;IER3,MAIT,Baricitinib_vs._Baricitinib phosphate,Hallmark
27,prerank,PI3K/AKT/mTOR  Signaling,0.26666509236016805,0.8859991357819493,0.6424731182795699,0.7852958081658583,1.0,16/40,24.03%,NFKBIB;HRAS;STAT2;RALB;PIN1;PAK4;ATF1;ECSIT;NCK1;CDK4;LCK;DUSP3;CDKN1A;MAP3K7;TRAF2;MYD88,MAIT,Baricitinib_vs._Baricitinib phosphate,Hallmark
28,prerank,Androgen Response,0.32386256325649226,0.8820999046057834,0.6319612590799032,0.7403825792334299,1.0,4/17,15.72%,MAP7;ARID5B;RRP12;APPBP2,MAIT,Baricitinib_vs._Baricitinib phosphate,Hallmark
29,prerank,Pperoxisome,0.3130179923495006,0.8781838589446024,0.619277108433735,0.7020584809769181,1.0,7/20,18.56%,TOP2A;MSH2;HRAS;SMARCC1;CDK7;FIS1;ABCB1,MAIT,Baricitinib_vs._Baricitinib phosphate,Hallmark
30,prerank,p53 Pathway,-0.2477517052368163,-0.8013499402331256,0.7789634146341463,1.0,1.0,11/54,18.11%,TNFSF9;TRIB3;DDB2;RRAD;RB1;RAD9A;ABCC5;ELP1;IER3;BLCAP;FOS,MAIT,Baricitinib_vs._Baricitinib phosphate,Hallmark
31,prerank,Hypoxia,-0.25282421915177755,-0.7867068410490937,0.802130898021309,1.0,1.0,12/47,19.91%,IGFBP3;XPNPEP1;GPC1;MAP3K1;NFIL3;GLRX;IER3;KDM3A;FOS;PGM1;ALDOC;SERPINE1,MAIT,Baricitinib_vs._Baricitinib phosphate,Hallmark
32,prerank,Inflammatory Response,-0.23148273251042317,-0.7708291608519339,0.8351145038167939,1.0,1.0,4/63,6.96%,CD40;TNFSF9;TLR3;RIPK2,MAIT,Baricitinib_vs._Baricitinib phosphate,Hallmark
33,prerank,IL-2/STAT5 Signaling,-0.2118220025130309,-0.7036282170546369,0.932824427480916,1.0,1.0,7/64,12.65%,IFITM3;FAH;BCL2L1;BATF;NFIL3;NT5E;PLSCR1,MAIT,Baricitinib_vs._Baricitinib phosphate,Hallmark
34,prerank,UV Response Dn,-0.2284803095374409,-0.6470258636699942,0.9204737732656514,1.0,1.0,7/30,19.91%,MAP2K5;PIK3R3;COL1A1;IGF1R;MAPK14;TGFBR2;SERPINE1,MAIT,Baricitinib_vs._Baricitinib phosphate,Hallmark
35,prerank,Xenobiotic Metabolism,-0.21999675513613687,-0.6299419109250807,0.9141004862236629,1.0,1.0,5/28,12.05%,FAH;TMEM97;ALAS1;ECH1;SLC35B1,MAIT,Baricitinib_vs._Baricitinib phosphate,Hallmark
36,prerank,Fatty Acid Metabolism,-0.2147801175446973,-0.5839628431659057,0.9527145359019265,0.9757479125582176,1.0,1/22,1.42%,CRYZ,MAIT,Baricitinib_vs._Baricitinib phosphate,Hallmark
37,prerank,Oxidative Phosphorylation,0.17295043546715194,0.5114708799691307,0.9902676399026764,0.9936472083009812,1.0,9/24,31.59%,SDHB;OXA1L;GPI;SUPV3L1;TIMM9;HSD17B10;ETFB;VDAC1;SLC25A4,MAIT,Baricitinib_vs._Baricitinib phosphate,Hallmark
0,prerank,Pperoxisome,0.6145926762463165,1.7298905224731629,0.013043478260869565,0.04739510169180969,0.089,4/20,6.44%,PEX11A;SMARCC1;HRAS;TOP2A,MAIT,Canertinib_vs._Canertinib dihydrochloride,Hallmark
1,prerank,Mitotic Spindle,-0.5698341398177436,-1.7282860622515153,0.005376344086021506,0.18033014287695934,0.122,7/30,5.99%,AURKA;CENPF;ECT2;KIF23;NET1;CENPE;EPB41L2,MAIT,Canertinib_vs._Canertinib dihydrochloride,Hallmark
2,prerank,Myogenesis,-0.6078922601316763,-1.6270294283545477,0.033807829181494664,0.23720349563046195,0.284,6/18,7.26%,PSEN2;COL1A1;SORBS3;NOTCH1;IGFBP3;CLU,MAIT,Canertinib_vs._Canertinib dihydrochloride,Hallmark
3,prerank,Xenobiotic Metabolism,0.5318215439275567,1.5968676823973766,0.011037527593818985,0.0791547059182801,0.265,9/28,12.28%,SERPINE1;TMEM97;FAH;ABHD6;PGRMC1;DHRS7;PSMB10;IL1R1;PPARD,MAIT,Canertinib_vs._Canertinib dihydrochloride,Hallmark
4,prerank,G2-M Checkpoint,-0.45359337353727086,-1.5058322765774659,0.02460456942003515,0.3916400795302168,0.547,13/54,13.70%,AURKA;CENPF;KIF23;CENPE;MAP3K20;CKS2;MTF2;KIF20B;HMMR;CCNF;EZH2;JPT1;TMPO,MAIT,Canertinib_vs._Canertinib dihydrochloride,Hallmark
5,prerank,Spermatogenesis,-0.5719645631266664,-1.4282856062320046,0.08422939068100359,0.4796088223054515,0.7,1/15,0.15%,AURKA,MAIT,Canertinib_vs._Canertinib dihydrochloride,Hallmark
6,prerank,Glycolysis,-0.4444951763934943,-1.3734534515279928,0.07867132867132867,0.5329449299486753,0.818,7/38,10.48%,AURKA;VEGFA;IGFBP3;SLC37A4;GPC1;HMMR;G6PD,MAIT,Canertinib_vs._Canertinib dihydrochloride,Hallmark
7,prerank,Cholesterol Homeostasis,-0.4863331212833434,-1.337727753543465,0.13957597173144876,0.5368289637952559,0.865,8/22,13.85%,TNFRSF12A;TRIB3;NFIL3;CLU;FDFT1;PLAUR;CXCL16;HMGCS1,MAIT,Canertinib_vs._Canertinib dihydrochloride,Hallmark
8,prerank,mTORC1 Signaling,-0.40517853798407766,-1.325674170524372,0.10398613518197573,0.495412480431207,0.883,9/54,13.85%,AURKA;TRIB3;ELOVL6;NFIL3;SLC37A4;CCNF;G6PD;NAMPT;HMGCS1,MAIT,Canertinib_vs._Canertinib dihydrochloride,Hallmark
9,prerank,Apoptosis,-0.3860862678015993,-1.320200123682664,0.09555189456342669,0.44718407546122907,0.89,14/64,17.59%,TNFRSF12A;PSEN2;TNFSF10;CDK2;TIMP2;CLU;IFITM3;TXNIP;LEF1;WEE1;EGR3;PAK1;TNF;ATF3,MAIT,Canertinib_vs._Canertinib dihydrochloride,Hallmark
10,prerank,IL-6/JAK/STAT3 Signaling,-0.4055918397847571,-1.2672489648496408,0.1542649727767695,0.5178711795440885,0.951,9/37,17.51%,TNFRSF12A;IL17RA;TLR2;CCR1;TNFRSF1B;CSF2;PIM1;SOCS1;TNF,MAIT,Canertinib_vs._Canertinib dihydrochloride,Hallmark
11,prerank,E2F Targets,-0.36590153299769307,-1.2641562785048648,0.12186978297161936,0.47357469829379945,0.952,13/69,13.70%,AURKA;TIPIN;PAICS;CHEK2;PCNA;CENPE;LIG1;CKS2;HMMR;EZH2;WEE1;JPT1;TMPO,MAIT,Canertinib_vs._Canertinib dihydrochloride,Hallmark
12,prerank,Inflammatory Response,-0.3623503200603533,-1.2359971828005765,0.16062176165803108,0.49218779555858216,0.964,22/63,22.01%,TLR1;NOD2;TNFSF9;LAMP3;TNFSF10;LTA;TLR2;PLAUR;TNFRSF1B;NLRP3;NAMPT;RIPK2;OSM;ICAM1;CD40;RGS1;CD70;CD48;TLR3;CCL20;IL15RA;IRF7,MAIT,Canertinib_vs._Canertinib dihydrochloride,Hallmark
13,prerank,Epithelial Mesenchymal Transition,-0.4012010401308889,-1.1957568339725795,0.20446096654275092,0.5407592361400101,0.983,8/31,10.40%,TNFRSF12A;VEGFA;COL1A1;LOXL1;IGFBP3;PLAUR;GPC1;CD59,MAIT,Canertinib_vs._Canertinib dihydrochloride,Hallmark
14,prerank,Coagulation,0.4298711207551932,1.181368065583118,0.23820754716981132,0.5871455037765426,0.96,3/19,2.84%,SERPINE1;THBS1;PLAU,MAIT,Canertinib_vs._Canertinib dihydrochloride,Hallmark
15,prerank,Fatty Acid Metabolism,-0.4276116144100176,-1.1730080255326647,0.24814814814814815,0.5517675555128738,0.99,12/22,33.16%,BPHL;CBR1;BLVRA;DECR1;HMGCS1;UGDH;ECH1;HSD17B10;HADH;MIF;PCBD1;PSME1,MAIT,Canertinib_vs._Canertinib dihydrochloride,Hallmark
16,prerank,Estrogen Response Early,0.3532063599268372,1.099234078889063,0.3448275862068966,0.6245648323459354,0.99,8/30,19.39%,PEX11A;IGF1R;TIAM1;JAK2;MYC;DYNLT3;SCARB1;BHLHE40,MAIT,Canertinib_vs._Canertinib dihydrochloride,Hallmark
17,prerank,UV Response Dn,-0.364627637775668,-1.0838179291822314,0.3327526132404181,0.7330123060460139,0.999,4/30,4.27%,ID1;KIT;COL1A1;MAP2K5,MAIT,Canertinib_vs._Canertinib dihydrochloride,Hallmark
18,prerank,Unfolded Protein Response,-0.3699919971340991,-1.0667065059334386,0.3567467652495379,0.7273315762704028,1.0,8/28,21.18%,VEGFA;WFS1;EIF4EBP1;MTHFD2;SHC1;ATF3;HERPUD1;SLC1A4,MAIT,Canertinib_vs._Canertinib dihydrochloride,Hallmark
19,prerank,Interferon Alpha Response,-0.3257541812081016,-1.0119134914861816,0.44584837545126355,0.8263975586072964,1.0,9/36,13.40%,LAMP3;IFITM2;ISG15;LAP3;IFITM3;TXNIP;PSME2;IFIH1;RIPK2,MAIT,Canertinib_vs._Canertinib dihydrochloride,Hallmark
20,prerank,Apical Junction,-0.32149729882790384,-0.9905193871207011,0.45,0.831476993627247,1.0,8/37,8.01%,SRC;PECAM1;ITGA3;SORBS3;MMP9;EPB41L2;MPZL1;MAP3K20,MAIT,Canertinib_vs._Canertinib dihydrochloride,Hallmark
21,prerank,Hypoxia,-0.29220738536304447,-0.9334128884631228,0.584717607973422,0.9300873907615481,1.0,7/47,9.58%,VEGFA;NFIL3;IGFBP3;SLC37A4;FOXO3;PLAUR;GPC1,MAIT,Canertinib_vs._Canertinib dihydrochloride,Hallmark
22,prerank,DNA Repair,-0.3152782955342389,-0.9183499694808621,0.5648994515539305,0.9181505574172636,1.0,6/30,11.30%,POLR1C;PCNA;LIG1;CANT1;RNMT;MPC2,MAIT,Canertinib_vs._Canertinib dihydrochloride,Hallmark
23,prerank,IL-2/STAT5 Signaling,0.24892214653791553,0.9151452561694025,0.6059850374064838,0.9380321260611983,1.0,12/64,13.17%,FAH;NT5E;IGF1R;IL3RA;SOCS2;TNFRSF9;TIAM1;CDC6;MYC;SELL;PLSCR1;NCOA3,MAIT,Canertinib_vs._Canertinib dihydrochloride,Hallmark
24,prerank,Androgen Response,-0.3505329927330383,-0.903227274519523,0.5954063604240283,0.9051879594950757,1.0,7/17,22.83%,RAB4A;ARID5B;HMGCS1;RRP12;CCND3;MAF;APPBP2,MAIT,Canertinib_vs._Canertinib dihydrochloride,Hallmark
25,prerank,TNF-alpha Signaling via NF-kB,-0.2508459515430749,-0.8960593910623252,0.6491525423728813,0.8786635752927888,1.0,19/83,18.26%,VEGFA;TNFSF9;NFIL3;TLR2;NR4A1;PLAUR;CD83;IFIH1;NAMPT;NFKBIE;RIPK2;EGR3;F2RL1;ICAM1;CSF2;EGR1;TNF;ATF3;TIPARP,MAIT,Canertinib_vs._Canertinib dihydrochloride,Hallmark
26,prerank,Allograft Rejection,-0.2449707136829447,-0.891907780322292,0.6549520766773163,0.8484974589843505,1.0,22/90,22.08%,CD4;TLR1;AARS1;MMP9;TLR2;CCR1;CD3G;NLRP3;RIPK2;NCF4;ICAM1;IL16;SOCS1;IRF8;TNF;CD40;TLR3;ITK;CD8A;CCND3;IRF7;GZMA,MAIT,Canertinib_vs._Canertinib dihydrochloride,Hallmark
27,prerank,heme Metabolism,-0.3225250129638039,-0.8787770316532717,0.631578947368421,0.8374797203978118,1.0,6/23,11.45%,HEBP1;FOXO3;BLVRA;LAMP2;PSMD9;PPOX,MAIT,Canertinib_vs._Canertinib dihydrochloride,Hallmark
28,prerank,Complement,-0.24699952030925512,-0.8500876990121332,0.7137989778534923,0.8635039533915937,1.0,11/65,11.83%,SRC;TIMP2;CALM3;CTSH;HSPA1A;CLU;LAP3;PLAUR;CD59;LAMP2;CASP10,MAIT,Canertinib_vs._Canertinib dihydrochloride,Hallmark
29,prerank,UV Response Up,-0.275347310662975,-0.8475664574738926,0.6702127659574468,0.8331807462893605,1.0,18/37,36.98%,CDK2;NR4A1;CLTB;ICAM1;ATF3;CREG1;CCND3;FOSB;FOS;EIF5;JUNB;NFKBIA;TFRC;IL6ST;ABCB1;FEN1;IRF1;PRKCD,MAIT,Canertinib_vs._Canertinib dihydrochloride,Hallmark
30,prerank,KRAS Signaling Up,-0.25330138146182607,-0.8165986955801056,0.7537942664418212,0.85555448851329,1.0,9/43,17.07%,PECAM1;MMP9;IGFBP3;PLAUR;KIF5C;TNFRSF1B;F2RL1;CSF2;IRF8,MAIT,Canertinib_vs._Canertinib dihydrochloride,Hallmark
31,prerank,PI3K/AKT/mTOR  Signaling,-0.2548106276459359,-0.8013048951639036,0.7806122448979592,0.8484250653760987,1.0,4/40,5.46%,TRIB3;CDK2;VAV3;ECSIT,MAIT,Canertinib_vs._Canertinib dihydrochloride,Hallmark
32,prerank,Interferon Gamma Response,-0.2168207385474214,-0.7654416644246357,0.837248322147651,0.8722727542952261,1.0,17/77,17.66%,TNFSF10;IFITM2;ARID5B;ISG15;LAP3;IFITM3;TXNIP;PSME2;IFIH1;NAMPT;RIPK2;ICAM1;PIM1;MTHFD2;SOCS1;IRF8;CD40,MAIT,Canertinib_vs._Canertinib dihydrochloride,Hallmark
33,prerank,Estrogen Response Late,0.23196071590936337,0.7346524869808937,0.8514412416851441,1.0,1.0,11/34,22.75%,MAPK13;TOP2A;TIAM1;JAK2;CDC6;DUSP2;GALE;DYNLT3;SCARB1;MEST;PRSS23,MAIT,Canertinib_vs._Canertinib dihydrochloride,Hallmark
34,prerank,p53 Pathway,-0.22033575195564103,-0.7257502472616885,0.8588640275387264,0.8962934263205475,1.0,9/54,17.59%,TRIB3;TNFSF9;NOTCH1;PCNA;FOXO3;TXNIP;SOCS1;IRAK1;ATF3,MAIT,Canertinib_vs._Canertinib dihydrochloride,Hallmark
35,prerank,Adipogenesis,0.24132710796013562,0.7198918892638823,0.847457627118644,1.0,1.0,4/26,11.38%,FAH;SLC5A6;DHRS7;PGM1,MAIT,Canertinib_vs._Canertinib dihydrochloride,Hallmark
36,prerank,Oxidative Phosphorylation,-0.24017601727261012,-0.683595177535079,0.8866906474820144,0.9098349285615204,1.0,9/24,24.55%,TIMM9;DECR1;ATP1B1;ATP6V0B;CYCS;ECH1;SUPV3L1;HSD17B10;CASP7,MAIT,Canertinib_vs._Canertinib dihydrochloride,Hallmark
37,prerank,Myc Targets V1,0.20982774528231135,0.6179693573153664,0.9403341288782816,0.9632321504916631,1.0,7/25,21.26%,SMARCC1;MCM2;TOMM70;MYC;USP1;TYMS;CDK4,MAIT,Canertinib_vs._Canertinib dihydrochloride,Hallmark
0,prerank,UV Response Up,-0.6221286831368068,-1.8587489241140527,0.0,0.001951854261548471,0.002,20/37,27.32%,PARP2;DNAJB1;STK25;POLG2;RRAD;SLC25A4;CREG1;CDK2;LYN;NR4A1;FOS;TFRC;IL6ST;ATF3;ACAA1;FOSB;CLTB;BID;IRF1;RPN1,MAIT,Erlotinib_vs._Erlotinib hydrochloride,Hallmark
1,prerank,Fatty Acid Metabolism,0.48907781605450906,1.481846560876137,0.035830618892508145,0.3885233210760596,0.299,9/22,14.30%,CBR3;BPHL;CRYZ;UGDH;HSD17B11;UBE2L6;NSDHL;LGALS1;CBR1,MAIT,Erlotinib_vs._Erlotinib hydrochloride,Hallmark
2,prerank,Apical Junction,-0.5035602971220563,-1.4817018785937548,0.028795811518324606,0.4255042290175667,0.562,11/37,14.30%,MAPK11;MMP9;CTNND1;SORBS3;CD274;SRC;RASA1;EVL;PECAM1;HADH;ITGA3,MAIT,Erlotinib_vs._Erlotinib hydrochloride,Hallmark
3,prerank,Epithelial Mesenchymal Transition,0.4427830007379975,1.4743376531148145,0.024822695035460994,0.20277724017805304,0.312,6/31,5.31%,LOXL1;LRP1;SERPINE1;COL1A1;THBS1;GPC1,MAIT,Erlotinib_vs._Erlotinib hydrochloride,Hallmark
4,prerank,Interferon Gamma Response,-0.4117267456304169,-1.3846852277174162,0.043037974683544304,0.6275211450878335,0.834,34/77,32.26%,IRF5;PSME2;IFI35;HERC6;IFIH1;TNFSF10;MTHFD2;CD274;IRF8;PTPN6;BST2;IRF7;PTPN1;IFITM2;CASP8;PLSCR1;NAMPT;MX1;JAK2;KLRK1;IL10RA;ISG20;IL15RA;RIPK2;LAP3;IRF1;PSMB10;CD69;PSMB8;ICAM1;IL4R;IFIT2;ISG15;STAT2,MAIT,Erlotinib_vs._Erlotinib hydrochloride,Hallmark
5,prerank,Complement,0.3521164188037354,1.3478813806238898,0.039301310043668124,0.2973356557641443,0.535,10/65,8.98%,FCER1G;LRP1;TIMP2;SERPINE1;S100A9;S100A13;GNAI2;CDK5R1;IRF2;CD40LG,MAIT,Erlotinib_vs._Erlotinib hydrochloride,Hallmark
6,prerank,Myc Targets V1,-0.4664617291304909,-1.2906641321226775,0.1476608187134503,0.8710149642160053,0.956,9/25,24.10%,PCNA;CDK2;VDAC1;EPRS1;HPRT1;MCM2;CDK4;MCM4;MCM6,MAIT,Erlotinib_vs._Erlotinib hydrochloride,Hallmark
7,prerank,TNF-alpha Signaling via NF-kB,-0.36948174586113436,-1.2414604522847041,0.13010204081632654,0.9119063109954457,0.983,39/83,30.91%,CSF2;EGR2;EGR1;DUSP2;IFIH1;TRIB1;GADD45A;SLC2A6;NR4A1;IER3;JUN;FOS;GADD45B;FOSL2;CD83;FOSL1;TIPARP;IL6ST;ATF3;PLAU;NAMPT;VEGFA;FOSB;NFE2L2;IL15RA;CCL4;RIPK2;EGR3;RELA;ZFP36;IRF1;CD69;BHLHE40;MYC;CEBPD;DUSP1;ICAM1;CEBPB;IFIT2,MAIT,Erlotinib_vs._Erlotinib hydrochloride,Hallmark
8,prerank,p53 Pathway,-0.39592213806274773,-1.239060588267703,0.1539491298527443,0.7709824333116461,0.983,18/54,20.28%,PDGFA;RAD51C;NOTCH1;COQ8A;RRAD;PCNA;MAPKAPK3;CGRRF1;GADD45A;IER3;JUN;FOS;RRP8;DDIT4;ATF3;BAX;ABCC5;RAD9A,MAIT,Erlotinib_vs._Erlotinib hydrochloride,Hallmark
9,prerank,Estrogen Response Late,-0.42708338432982357,-1.2321574554652415,0.1746905089408528,0.6864950274189052,0.985,17/34,25.22%,BATF;WFS1;CDC6;FDFT1;DUSP2;PTPN6;FOS;HPRT1;IL6ST;MICB;NRIP1;TIAM1;JAK2;ISG20;BCL2;EGR3;ZFP36,MAIT,Erlotinib_vs._Erlotinib hydrochloride,Hallmark
10,prerank,Coagulation,0.4203733879302448,1.2187513358193445,0.18803418803418803,0.44946293787497577,0.783,4/19,5.16%,LRP1;SERPINE1;S100A13;THBS1,MAIT,Erlotinib_vs._Erlotinib hydrochloride,Hallmark
11,prerank,IL-6/JAK/STAT3 Signaling,-0.41312522394692147,-1.2128928334304503,0.18326118326118326,0.6609466493168511,0.988,15/37,32.49%,TNFRSF12A;CSF2;CCR1;JUN;PTPN1;IL6ST;TNFRSF1A;IL1R1;IL15RA;IRF1;IL10RB;IL4R;IFNAR1;STAT2;IL17RA,MAIT,Erlotinib_vs._Erlotinib hydrochloride,Hallmark
12,prerank,Androgen Response,-0.4776897210116942,-1.2015891896538864,0.2303120356612184,0.6238343092604641,0.99,6/17,23.80%,MAP7;UBE2J1;RRP12;RAB4A;HMGCS1;MAF,MAIT,Erlotinib_vs._Erlotinib hydrochloride,Hallmark
13,prerank,Mitotic Spindle,0.3632002484742465,1.1912716800855396,0.1814814814814815,0.4164118443971357,0.823,6/30,5.46%,BUB1;NET1;CENPE;ARHGEF12;ECT2;KIF23,MAIT,Erlotinib_vs._Erlotinib hydrochloride,Hallmark
14,prerank,Estrogen Response Early,-0.41495020045742115,-1.1637257183199559,0.2733516483516483,0.6738776837996097,0.997,17/30,30.46%,WFS1;GAB2;FDFT1;FOS;TIPARP;PEX11A;IL6ST;MICB;RRP12;NRIP1;TIAM1;JAK2;BCL2;EGR3;BHLHE40;MYC;PMAIP1,MAIT,Erlotinib_vs._Erlotinib hydrochloride,Hallmark
15,prerank,heme Metabolism,0.38393418522116135,1.1467063261725285,0.2875816993464052,0.4344719695503516,0.894,3/23,3.97%,HEBP1;ARHGEF12;CAT,MAIT,Erlotinib_vs._Erlotinib hydrochloride,Hallmark
16,prerank,Xenobiotic Metabolism,0.34896676551850253,1.1097510937407788,0.28524590163934427,0.4437225248140673,0.926,5/28,5.99%,ADH5;SERPINE1;CAT;BPHL;UGDH,MAIT,Erlotinib_vs._Erlotinib hydrochloride,Hallmark
17,prerank,IL-2/STAT5 Signaling,-0.32319974490153447,-1.0482666110984373,0.4,0.9800970012420891,1.0,17/64,23.13%,BATF;CSF2;SELL;CDC6;TNFSF10;FAH;IRF8;CTLA4;GADD45B;CD83;ICOS;EOMES;PLSCR1;TIAM1;PRKCH;IL10RA;BCL2,MAIT,Erlotinib_vs._Erlotinib hydrochloride,Hallmark
18,prerank,Interferon Alpha Response,-0.35500932116799544,-1.047429580373715,0.39398084815321477,0.9008620689655172,1.0,20/36,32.26%,SELL;PSME2;IFI35;HERC6;IFIH1;BST2;IRF7;IFITM2;CASP8;PLSCR1;MX1;ISG20;RIPK2;LAP3;IRF1;PSMB8;IL4R;IFIT2;ISG15;STAT2,MAIT,Erlotinib_vs._Erlotinib hydrochloride,Hallmark
19,prerank,Inflammatory Response,-0.30874885360032744,-1.0175357981188906,0.4456094364351245,0.9191732145538262,1.0,23/63,30.84%,OSM;SELL;ACVR2A;TNFSF10;LYN;BST2;IRF7;ATP2C1;IL1R1;NOD2;NAMPT;GNA15;IL10RA;IL15RA;RIPK2;RELA;IRF1;CD69;IL18RAP;MYC;ICAM1;IL4R;IFNAR1,MAIT,Erlotinib_vs._Erlotinib hydrochloride,Hallmark
20,prerank,Apoptosis,-0.30520381028246324,-0.9975857977385117,0.46153846153846156,0.911515940143136,1.0,22/64,27.25%,TNFRSF12A;SMAD7;HMGB2;TNFSF10;GADD45A;CDK2;IER3;JUN;GADD45B;FASLG;ATF3;CASP8;BAX;CREBBP;GNA15;ISG20;EGR3;RELA;BID;IRF1;CASP2;CD69,MAIT,Erlotinib_vs._Erlotinib hydrochloride,Hallmark
21,prerank,Unfolded Protein Response,-0.3513596646675877,-0.9780304340377893,0.5077574047954866,0.905985686402082,1.0,7/28,16.09%,PDIA5;WFS1;EXOSC4;MTHFD2;EIF4EBP1;DDIT4;ATF3,MAIT,Erlotinib_vs._Erlotinib hydrochloride,Hallmark
22,prerank,Spermatogenesis,-0.40542705612635915,-0.9759424731703654,0.503725782414307,0.8539362394274561,1.0,5/15,16.69%,PARP2;MAP7;AURKA;IL12RB2;TOPBP1,MAIT,Erlotinib_vs._Erlotinib hydrochloride,Hallmark
23,prerank,UV Response Dn,0.3032137193722128,0.9719989819908138,0.5287769784172662,0.6961486355718985,0.99,4/30,3.14%,KIT;DMAC2L;SERPINE1;COL1A1,MAIT,Erlotinib_vs._Erlotinib hydrochloride,Hallmark
24,prerank,Oxidative Phosphorylation,-0.3408011571512409,-0.9302350263143364,0.5522174535050072,0.9186344674499598,1.0,14/24,47.68%,GPI;SLC25A4;VDAC1;BAX;ACAA1;SDHB;DECR1;HSD17B10;NNT;SLC25A3;ATP6V0B;ETFB;CYCS;CASP7,MAIT,Erlotinib_vs._Erlotinib hydrochloride,Hallmark
25,prerank,Glycolysis,0.26114774664549406,0.9121467383188037,0.6268115942028986,0.7475969292303721,0.996,7/38,11.98%,SLC25A13;GNPDA1;GPC1;ERO1A;NSDHL;G6PD;AGL,MAIT,Erlotinib_vs._Erlotinib hydrochloride,Hallmark
26,prerank,E2F Targets,-0.2703212888376183,-0.90612186700424,0.6425806451612903,0.9227391021470398,1.0,16/69,19.61%,CDCA8;RAD51C;UBE2T;HMGB2;PCNA;MTHFD2;SLBP;TIMELESS;AURKA;PAICS;MCM2;UBR7;TFRC;CDK4;CTCF;MCM4,MAIT,Erlotinib_vs._Erlotinib hydrochloride,Hallmark
27,prerank,mTORC1 Signaling,-0.2872150635732049,-0.9037693013432376,0.6348387096774194,0.8795671677567374,1.0,16/54,20.06%,MLLT11;ACLY;GPI;CCNF;NFKBIB;MTHFD2;EPRS1;AURKA;HPRT1;ELOVL6;MCM2;TFRC;DDIT4;NAMPT;MCM4;ITGB2,MAIT,Erlotinib_vs._Erlotinib hydrochloride,Hallmark
28,prerank,Cholesterol Homeostasis,0.2914111104216879,0.8920089280963616,0.5802047781569966,0.7153086897619508,0.997,1/22,0.15%,TRIB3,MAIT,Erlotinib_vs._Erlotinib hydrochloride,Hallmark
29,prerank,Myogenesis,0.2944451654598375,0.8613784856366516,0.6666666666666666,0.7087284691310238,0.998,6/18,17.22%,GAA;COL1A1;PSEN2;AGL;AKT2;TGFB1,MAIT,Erlotinib_vs._Erlotinib hydrochloride,Hallmark
30,prerank,KRAS Signaling Up,-0.2683202801233409,-0.8255990874268063,0.7270306258322237,1.0,1.0,9/43,20.06%,MMP9;CSF2;MAP7;TRIB1;IRF8;PECAM1;CLEC4A;PLAU;ITGB2,MAIT,Erlotinib_vs._Erlotinib hydrochloride,Hallmark
31,prerank,Hypoxia,-0.25750823496584285,-0.8044538884207149,0.7823218997361477,0.9922390556743191,1.0,19/47,29.34%,GPI;TGFB3;IER3;JUN;FOS;FOSL2;HK1;TIPARP;DDIT4;ATF3;XPNPEP1;VEGFA;KDM3A;ISG20;BCL2;ZFP36;GLRX;BHLHE40;DUSP1,MAIT,Erlotinib_vs._Erlotinib hydrochloride,Hallmark
32,prerank,G2-M Checkpoint,-0.25397502453771975,-0.8019736687368099,0.806970509383378,0.951662033477258,1.0,11/54,18.19%,NDC80;CDC6;CENPF;CCNF;MTF2;KIF20B;AURKA;MCM2;CDC7;CDK4;CTCF,MAIT,Erlotinib_vs._Erlotinib hydrochloride,Hallmark
33,prerank,Pperoxisome,-0.30078192674108467,-0.7957536093787517,0.7528901734104047,0.9207660320783004,1.0,6/20,20.58%,SLC25A4;FIS1;PEX11A;ITGB1BP1;ABCC5;ACAA1,MAIT,Erlotinib_vs._Erlotinib hydrochloride,Hallmark
34,prerank,PI3K/AKT/mTOR  Signaling,-0.24552129107071136,-0.7384858427115796,0.874828060522696,0.966208523096942,1.0,12/40,24.18%,DUSP3;NFKBIB;CDK2;CLTC;MKNK1;FASLG;TNFRSF1A;CDK4;TIAM1;SMAD2;PAK4;PIK3R3,MAIT,Erlotinib_vs._Erlotinib hydrochloride,Hallmark
35,prerank,Adipogenesis,-0.2591431703788649,-0.7190567089133909,0.8573407202216067,0.9510605074821079,1.0,5/26,13.55%,ACLY;FAH;GADD45A;ELOVL6;HADH,MAIT,Erlotinib_vs._Erlotinib hydrochloride,Hallmark
36,prerank,Allograft Rejection,-0.18774881763710607,-0.650769591846282,0.9798994974874372,0.9782918772834193,1.0,21/90,29.87%,MMP9;CCR1;ACVR2A;LYN;IRF8;PTPN6;IRF7;CD3G;CCR5;FASLG;CD7;JAK2;ITGB2;IKBKB;CCL4;RIPK2;CD3E;PSMB10;IL18RAP;ICAM1;IL4R,MAIT,Erlotinib_vs._Erlotinib hydrochloride,Hallmark
37,prerank,DNA Repair,-0.19934667305740456,-0.5671089274425757,0.9770114942528736,0.9815658208631534,1.0,14/30,38.17%,PCNA;HPRT1;RALA;RFC2;POLR2K;POLR1C;MPC2;GTF2A2;RPA3;RPA2;VPS28;POLR2I;RFC5;RAE1,MAIT,Erlotinib_vs._Erlotinib hydrochloride,Hallmark
0,prerank,Epithelial Mesenchymal Transition,0.5823751217832452,1.808844571727111,0.0,0.03827751196172249,0.037,11/31,10.63%,LRP1;IGFBP3;TNFRSF12A;VEGFA;MEST;COL1A1;GADD45B;TPM1;LAMA3;IL15;PLOD3,MAIT,Gefitinib_vs._Gefitinib hydrochloride,Hallmark
1,prerank,UV Response Up,-0.4407226767887808,-1.3498761490425901,0.09650582362728785,1.0,0.866,16/37,28.97%,RRAD;ALAS1;SLC25A4;RPN1;RAB27A;CREG1;POLG2;CASP3;PRKCD;DNAJB1;IRF1;FKBP4;ATF3;JUNB;STK25;CDK2,MAIT,Gefitinib_vs._Gefitinib hydrochloride,Hallmark
2,prerank,Estrogen Response Late,0.4285068473394744,1.346985951227964,0.09905660377358491,0.7686538212854003,0.734,9/34,11.53%,WFS1;MEST;CDC6;DUSP2;DYNLT3;ETFB;TIAM1;EGR3;GALE,MAIT,Gefitinib_vs._Gefitinib hydrochloride,Hallmark
3,prerank,mTORC1 Signaling,-0.41233770901137234,-1.3320515594180713,0.08620689655172414,1.0,0.89,14/54,16.77%,PIK3R3;TRIB3;MLLT11;ACLY;UNG;CCNF;AURKA;G6PD;TMEM97;RPN1;HSPD1;PGM1;UFM1;HSPA4,MAIT,Gefitinib_vs._Gefitinib hydrochloride,Hallmark
4,prerank,Glycolysis,0.4079621706678928,1.308064685348302,0.1371571072319202,0.6276132591922066,0.807,13/38,16.09%,IGFBP3;VEGFA;SLC37A4;ABCB6;HMMR;PGAM1;ME2;GALE;NASP;COG2;HS2ST1;NT5E;GLRX,MAIT,Gefitinib_vs._Gefitinib hydrochloride,Hallmark
5,prerank,Coagulation,0.461078642629734,1.2879416771417271,0.136986301369863,0.524763998448209,0.843,2/19,1.20%,LRP1;SH2B2,MAIT,Gefitinib_vs._Gefitinib hydrochloride,Hallmark
6,prerank,heme Metabolism,-0.46534766194714505,-1.2768243903455192,0.15808170515097691,1.0,0.949,8/23,18.79%,PPOX;ABCG2;ARHGEF12;BNIP3L;PSMD9;KLF3;FBXO7;CAST,MAIT,Gefitinib_vs._Gefitinib hydrochloride,Hallmark
7,prerank,UV Response Dn,-0.4378256446724274,-1.2683329497873728,0.18600682593856654,0.8301011804384485,0.954,3/30,1.35%,PIK3R3;MAP2K5;SERPINE1,MAIT,Gefitinib_vs._Gefitinib hydrochloride,Hallmark
8,prerank,Cholesterol Homeostasis,-0.4429512251785015,-1.2105827436814613,0.22126929674099485,0.8773054051655277,0.983,6/22,13.47%,TRIB3;ALCAM;ACAT2;PLAUR;TMEM97;ALDOC,MAIT,Gefitinib_vs._Gefitinib hydrochloride,Hallmark
9,prerank,Complement,-0.3521655807779841,-1.1943398237947962,0.17922948073701842,0.7891778349752967,0.989,20/65,19.16%,F5;FCER1G;SERPINE1;S100A9;S100A13;CDK5R1;PLAUR;HSPA1A;GZMK;CR1;DOCK9;CTSD;XPNPEP1;CASP10;CALM3;CASP3;PRKCD;LAP3;CTSH;GATA3,MAIT,Gefitinib_vs._Gefitinib hydrochloride,Hallmark
10,prerank,p53 Pathway,-0.3531001014632237,-1.171383220809335,0.21533442088091354,0.750776604242478,0.993,18/54,27.99%,TRIB3;RRAD;PDGFA;CDK5R1;TNFSF9;DDB2;CTSD;ELP1;SESN1;RB1;RAD9A;IER5;IRAK1;CD81;PCNA;RRP8;ATF3;FAS,MAIT,Gefitinib_vs._Gefitinib hydrochloride,Hallmark
11,prerank,KRAS Signaling Up,-0.37081825911460564,-1.1692505277934737,0.23128119800332778,0.6649840241412975,0.993,5/43,6.59%,F2RL1;FCER1G;PLAU;LAT2;PLAUR,MAIT,Gefitinib_vs._Gefitinib hydrochloride,Hallmark
12,prerank,PI3K/AKT/mTOR  Signaling,-0.3757766748198237,-1.153936711994723,0.25126475548060706,0.6304744435568966,0.993,5/40,11.45%,PIK3R3;TRIB3;MKNK1;TRAF2;RALB,MAIT,Gefitinib_vs._Gefitinib hydrochloride,Hallmark
13,prerank,Xenobiotic Metabolism,-0.3910045941059125,-1.1415088805426847,0.28034188034188035,0.59671607348895,0.995,5/28,9.28%,SERPINE1;ALAS1;IL1R1;ABHD6;TMEM97,MAIT,Gefitinib_vs._Gefitinib hydrochloride,Hallmark
14,prerank,Inflammatory Response,-0.33616023498152425,-1.1234351590077083,0.2727272727272727,0.5811662376852755,0.996,11/63,11.83%,TLR2;SERPINE1;TLR1;CSF1;IL1R1;RIPK2;PLAUR;TNFSF9;GNA15;TNFSF10;IFNAR1,MAIT,Gefitinib_vs._Gefitinib hydrochloride,Hallmark
15,prerank,Myogenesis,0.4202771417488512,1.1232167138259483,0.31542056074766356,0.9101771628087418,0.99,3/18,4.79%,IGFBP3;COL1A1;GADD45B,MAIT,Gefitinib_vs._Gefitinib hydrochloride,Hallmark
16,prerank,E2F Targets,0.3015137390592826,1.088559991146509,0.31466666666666665,0.8712444501918185,0.993,20/69,20.06%,CENPE;TIMELESS;MCM4;HMMR;POLD3;CDCA8;WEE1;NASP;CKS1B;UBR7;USP1;SLBP;RAD51C;CHEK2;PAICS;TMPO;TFRC;UBE2T;SMC4;ASF1A,MAIT,Gefitinib_vs._Gefitinib hydrochloride,Hallmark
17,prerank,Myc Targets V1,0.3616122417453946,1.0735854379196368,0.35224586288416077,0.7911178437494227,0.993,7/25,16.02%,TYMS;MCM4;RRM1;EPRS1;USP1;HDAC2;TOMM70,MAIT,Gefitinib_vs._Gefitinib hydrochloride,Hallmark
18,prerank,TNF-alpha Signaling via NF-kB,-0.2848578863785954,-1.0099729503121517,0.44983818770226536,0.8130158871039319,1.0,11/83,11.00%,F2RL1;TLR2;SERPINE1;PLAU;CD80;CSF1;RIPK2;PLAUR;TNFSF9;TANK;IL23A,MAIT,Gefitinib_vs._Gefitinib hydrochloride,Hallmark
19,prerank,IL-2/STAT5 Signaling,0.278236601838796,0.9820764742100772,0.4538653366583541,0.9570671149618518,1.0,14/64,14.90%,CDC6;IFITM3;SPRED2;GADD45B;CSF2;IKZF2;SOCS2;PLSCR1;ITGA6;TIAM1;TNFRSF18;EOMES;TNFRSF4;NT5E,MAIT,Gefitinib_vs._Gefitinib hydrochloride,Hallmark
20,prerank,Estrogen Response Early,0.3100353600985622,0.9350278729340117,0.5759803921568627,0.9884334094860411,1.0,8/30,16.32%,WFS1;DYNLT3;TIAM1;EGR3;SH3BP5;PMAIP1;JAK2;GAB2,MAIT,Gefitinib_vs._Gefitinib hydrochloride,Hallmark
21,prerank,G2-M Checkpoint,0.2699063302821528,0.9327991437245076,0.5919395465994962,0.8952799689641795,1.0,5/54,5.39%,CENPE;NUSAP1;MAP3K20;CDC6;HMMR,MAIT,Gefitinib_vs._Gefitinib hydrochloride,Hallmark
22,prerank,IL-6/JAK/STAT3 Signaling,-0.2998822113308328,-0.9124107119252854,0.59375,1.0,1.0,6/37,11.98%,TLR2;IL10RB;CSF1;IL1R1;IFNAR1;IL2RA,MAIT,Gefitinib_vs._Gefitinib hydrochloride,Hallmark
23,prerank,Spermatogenesis,-0.36331220881665033,-0.8917085780942118,0.6149825783972126,0.9889944084494542,1.0,5/15,25.90%,AURKA;MAST2;MTOR;IDE;BRAF,MAIT,Gefitinib_vs._Gefitinib hydrochloride,Hallmark
24,prerank,Mitotic Spindle,-0.2872053216315159,-0.8480862176617282,0.6842105263157895,1.0,1.0,6/30,7.86%,NET1;NDC80;ARHGEF12;KIF20B;AURKA;HDAC6,MAIT,Gefitinib_vs._Gefitinib hydrochloride,Hallmark
25,prerank,Allograft Rejection,-0.2305866495977464,-0.8297058160445583,0.7927215189873418,0.9996116978787609,1.0,11/90,12.65%,TLR2;CD4;TLR1;CD80;CSF1;RIPK2;TRAF2;DYRK3;NCR1;IL2RA;ITK,MAIT,Gefitinib_vs._Gefitinib hydrochloride,Hallmark
26,prerank,DNA Repair,0.2718781989257516,0.8232050046181505,0.7335092348284961,1.0,1.0,3/30,9.28%,TYMS;POLD3;RNMT,MAIT,Gefitinib_vs._Gefitinib hydrochloride,Hallmark
27,prerank,Fatty Acid Metabolism,-0.29901733575890455,-0.8210046802022742,0.6948853615520282,0.958958749915161,1.0,9/22,32.71%,ACAT2;CBR3;LGALS1;MIF;HSD17B10;CRYZ;CBR1;UGDH;NSDHL,MAIT,Gefitinib_vs._Gefitinib hydrochloride,Hallmark
28,prerank,Androgen Response,0.3047320805696404,0.8062761543958806,0.7063106796116505,1.0,1.0,3/17,13.25%,HMGCR;ARID5B;CDK6,MAIT,Gefitinib_vs._Gefitinib hydrochloride,Hallmark
29,prerank,Unfolded Protein Response,0.2691765046195077,0.7960271364872336,0.7627118644067796,0.9682380208695999,1.0,3/28,2.62%,WFS1;VEGFA;PDIA5,MAIT,Gefitinib_vs._Gefitinib hydrochloride,Hallmark
30,prerank,Adipogenesis,0.2630343262571251,0.787825401938803,0.7747524752475248,0.9142265984371247,1.0,4/26,9.43%,SLC5A6;ETFB;ELOVL6;BCL6,MAIT,Gefitinib_vs._Gefitinib hydrochloride,Hallmark
31,prerank,Apoptosis,0.21071741833004512,0.7492417178582764,0.9207650273224044,0.9105220052588474,1.0,10/64,16.39%,TNFRSF12A;IFITM3;TIMP2;GADD45B;EGR3;WEE1;PMAIP1;BCL10;JUN;TXNIP,MAIT,Gefitinib_vs._Gefitinib hydrochloride,Hallmark
32,prerank,Hypoxia,-0.22492918592109648,-0.7104267789583298,0.9058823529411765,1.0,1.0,18/47,30.99%,SERPINE1;TGFB3;PLAUR;GAA;XPNPEP1;BNIP3L;ALDOC;PGM1;MIF;TIPARP;GPI;ATF3;PIM1;ERO1A;MAP3K1;SCARB1;GPC1;S100A4,MAIT,Gefitinib_vs._Gefitinib hydrochloride,Hallmark
33,prerank,Apical Junction,-0.22396015141157563,-0.6806993543193318,0.9003322259136213,1.0,1.0,1/37,0.30%,PIK3R3,MAIT,Gefitinib_vs._Gefitinib hydrochloride,Hallmark
34,prerank,Oxidative Phosphorylation,0.22075625810151772,0.6451470596995821,0.919047619047619,0.9473037630932368,1.0,6/24,19.16%,SUPV3L1;ETFB;NNT;PDHX;TOMM70;OXA1L,MAIT,Gefitinib_vs._Gefitinib hydrochloride,Hallmark
35,prerank,Interferon Alpha Response,-0.20417160258225026,-0.6170477938957396,0.9631490787269682,1.0,1.0,10/36,24.03%,CSF1;RIPK2;IFIH1;CD47;LAP3;IL4R;IFITM2;CCRL2;IRF1;PSMB8,MAIT,Gefitinib_vs._Gefitinib hydrochloride,Hallmark
36,prerank,Pperoxisome,-0.21544180348568398,-0.5768491666744571,0.9578414839797639,1.0,1.0,2/20,7.71%,SLC25A4;MSH2,MAIT,Gefitinib_vs._Gefitinib hydrochloride,Hallmark
37,prerank,Interferon Gamma Response,-0.12760510812471987,-0.4461715414835175,1.0,0.9982692819739061,1.0,19/77,32.11%,IRF5;RIPK2;TNFSF10;IFIH1;CASP3;NLRC5;LAP3;IL4R;IFITM2;IRF1;PSMB10;PSMB8;NUP93;NAMPT;FAS;PIM1;OAS3;PNP;PSMB9,MAIT,Gefitinib_vs._Gefitinib hydrochloride,Hallmark
0,prerank,Epithelial Mesenchymal Transition,0.5122483312918208,1.6211232667476412,0.014204545454545454,0.20944558521560577,0.147,8/31,7.93%,MEST;SERPINE1;IGFBP3;THBS1;IL15;NT5E;TNFRSF12A;PLOD3,MAIT,NVP-BSK805_vs._NVP-BSK805 2HCl,Hallmark
1,prerank,Interferon Alpha Response,-0.5027986289021507,-1.4686011910814853,0.04938271604938271,0.8796829101444611,0.628,21/36,30.99%,PSME2;IFITM3;IFI35;MX1;IFIH1;ISG15;SELL;LAMP3;CCRL2;OAS1;IRF1;CD47;IRF7;IL4R;IRF2;HERC6;IFITM2;STAT2;ISG20;RIPK2;BST2,MAIT,NVP-BSK805_vs._NVP-BSK805 2HCl,Hallmark
2,prerank,heme Metabolism,-0.5347531398678518,-1.4306043225020149,0.07154471544715447,0.5763148364250936,0.721,3/23,1.42%,HEBP1;ARHGEF12;ABCB6,MAIT,NVP-BSK805_vs._NVP-BSK805 2HCl,Hallmark
3,prerank,Complement,0.3788499868585068,1.4237652035647301,0.03125,0.4473343980530839,0.478,13/65,11.90%,CR1;SERPINE1;S100A9;DUSP6;HSPA1A;F5;DPP4;STX4;SRC;LGALS3;CDK5R1;GZMA;LGMN,MAIT,NVP-BSK805_vs._NVP-BSK805 2HCl,Hallmark
4,prerank,Myogenesis,0.4969244253636758,1.4196159855553783,0.10327455919395466,0.3081349659036175,0.487,3/18,6.21%,IGFBP3;GAA;AGL,MAIT,NVP-BSK805_vs._NVP-BSK805 2HCl,Hallmark
5,prerank,Interferon Gamma Response,-0.4095813265356907,-1.3919009939444686,0.04922644163150492,0.5061768138103094,0.805,25/77,24.78%,PSME2;IFITM3;IFI35;PTPN6;MX1;NOD1;IFIH1;OAS3;ISG15;CD274;IL15RA;IRF4;MVP;SOCS1;PSMB10;TAPBP;IL10RA;IRF1;MYD88;ARID5B;TNFSF10;IRF7;IL4R;IRF2;HERC6,MAIT,NVP-BSK805_vs._NVP-BSK805 2HCl,Hallmark
6,prerank,Coagulation,0.48454235088991693,1.3486465153990728,0.10199004975124377,0.35941896722184197,0.643,8/19,11.90%,SERPINE1;DUSP6;THBS1;DPP4;PLAU;DUSP14;SH2B2;LGMN,MAIT,NVP-BSK805_vs._NVP-BSK805 2HCl,Hallmark
7,prerank,Unfolded Protein Response,-0.4541253492264377,-1.2981732096427552,0.13225806451612904,0.6713814333427226,0.934,2/28,0.75%,WFS1;PDIA5,MAIT,NVP-BSK805_vs._NVP-BSK805 2HCl,Hallmark
8,prerank,Mitotic Spindle,-0.4434174918810207,-1.26138952199694,0.15748031496062992,0.6538891795098789,0.958,9/30,18.11%,CENPE;ARHGEF12;NDC80;NET1;AURKA;SMC3;KIF20B;CEP57;RASA1,MAIT,NVP-BSK805_vs._NVP-BSK805 2HCl,Hallmark
9,prerank,E2F Targets,-0.363746109554463,-1.217411129101558,0.1634756995581738,0.6780008852762465,0.984,17/69,17.14%,CENPE;TIMELESS;ATAD2;LIG1;JPT1;UBE2T;CBX5;HMMR;DCK;CHEK1;TACC3;AURKA;SMC3;PAN2;RAD51C;PAICS;HMGB2,MAIT,NVP-BSK805_vs._NVP-BSK805 2HCl,Hallmark
10,prerank,UV Response Dn,-0.42568535808888713,-1.2022581716888048,0.20123839009287925,0.6260512655426341,0.991,4/30,4.79%,ACVR2A;ID1;MAP2K5;PIK3R3,MAIT,NVP-BSK805_vs._NVP-BSK805 2HCl,Hallmark
11,prerank,Hypoxia,0.3359317772800692,1.1976653059498328,0.15548780487804878,0.6329911019849418,0.902,4/47,5.61%,SERPINE1;IGFBP3;PGM1;GAA,MAIT,NVP-BSK805_vs._NVP-BSK805 2HCl,Hallmark
12,prerank,Pperoxisome,0.4158008910334432,1.177342894129053,0.22077922077922077,0.5882576621796334,0.926,11/20,25.45%,PEX11A;TOP2A;ISOC1;SMARCC1;SCP2;ABCB1;CDK7;FIS1;ACAA1;IDE;HRAS,MAIT,NVP-BSK805_vs._NVP-BSK805 2HCl,Hallmark
13,prerank,IL-2/STAT5 Signaling,-0.3597063496599303,-1.1580334432999009,0.22425952045133993,0.6776135769184339,0.996,11/64,13.32%,CSF2;IFITM3;FAH;CDC6;ALCAM;IGF1R;IRF4;BCL2L1;SELL;CTLA4;ICOS,MAIT,NVP-BSK805_vs._NVP-BSK805 2HCl,Hallmark
14,prerank,G2-M Checkpoint,-0.35702255106457037,-1.1349345205721963,0.29046898638426627,0.6650436602148807,0.997,9/54,13.25%,CENPE;CDC6;CDC7;NDC80;JPT1;HMMR;CHEK1;TACC3;AURKA,MAIT,NVP-BSK805_vs._NVP-BSK805 2HCl,Hallmark
15,prerank,Estrogen Response Late,-0.38343212456011144,-1.0873759294751675,0.33014354066985646,0.7156613415959117,0.999,5/34,4.34%,WFS1;CDC6;PRSS23;PTPN6;FDFT1,MAIT,NVP-BSK805_vs._NVP-BSK805 2HCl,Hallmark
16,prerank,IL-6/JAK/STAT3 Signaling,0.32811345338110093,1.0783721284504293,0.3230769230769231,0.7903153960648828,0.986,10/37,13.55%,CCR1;ACVR1B;TLR2;IL10RB;TNFRSF12A;CSF1;IL17RA;IFNAR1;IL1R1;IFNGR1,MAIT,NVP-BSK805_vs._NVP-BSK805 2HCl,Hallmark
17,prerank,Estrogen Response Early,-0.3819747083673529,-1.070791645899756,0.36335877862595417,0.6930066834698438,1.0,6/30,14.52%,WFS1;PRSS23;FDFT1;IGF1R;SH3BP5;IL6ST,MAIT,NVP-BSK805_vs._NVP-BSK805 2HCl,Hallmark
18,prerank,Apoptosis,-0.315425129452517,-1.0366087755988187,0.3841726618705036,0.7148303891191501,1.0,9/64,11.83%,IFITM3;TIMP2;LEF1;HSPB1;JUN;CASP2;PSEN1;BCL2L1;BAX,MAIT,NVP-BSK805_vs._NVP-BSK805 2HCl,Hallmark
19,prerank,Adipogenesis,-0.38113640863106346,-1.0357834873914828,0.41411042944785276,0.6615335089440759,1.0,2/26,1.57%,FAH;ELOVL6,MAIT,NVP-BSK805_vs._NVP-BSK805 2HCl,Hallmark
20,prerank,Allograft Rejection,-0.29713796509004786,-1.0275588695542475,0.41383989145183175,0.6326908373908495,1.0,26/90,24.18%,ACVR2A;TLR3;PTPN6;CSK;NCF4;IL16;TLR1;CD4;ITGAL;FYB1;IRF4;TRAF2;SOCS1;PSMB10;TAPBP;LCK;ZAP70;GZMB;CXCR3;MMP9;IL18RAP;CD47;NCR1;ETS1;IRF7;IL4R,MAIT,NVP-BSK805_vs._NVP-BSK805 2HCl,Hallmark
21,prerank,PI3K/AKT/mTOR  Signaling,-0.33252222930114367,-0.9936560057731844,0.46607669616519176,0.6591847410566979,1.0,13/40,24.93%,VAV3;NFKBIB;PIK3R3;NOD1;CLTC;TRAF2;CDK2;LCK;RAF1;MYD88;TBK1;CDK4;MAPK1,MAIT,NVP-BSK805_vs._NVP-BSK805 2HCl,Hallmark
22,prerank,Myc Targets V1,0.32277777990922835,0.9741851177584894,0.5014005602240896,1.0,0.998,9/25,28.59%,HDAC2;MCM5;PSMD7;SMARCC1;TFDP1;PCNA;MYC;VDAC1;NOLC1,MAIT,NVP-BSK805_vs._NVP-BSK805 2HCl,Hallmark
23,prerank,UV Response Up,-0.31956668409212974,-0.9406941133988329,0.5347758887171561,0.7229286547825038,1.0,9/37,15.12%,PRKACA;RPN1;FOSB;RRAD;CLTB;POLG2;NR4A1;IL6ST;CDK2,MAIT,NVP-BSK805_vs._NVP-BSK805 2HCl,Hallmark
24,prerank,Spermatogenesis,0.32973134447569397,0.8893983637068129,0.5959595959595959,1.0,1.0,3/15,5.16%,PARP2;PSMG1;JAM3,MAIT,NVP-BSK805_vs._NVP-BSK805 2HCl,Hallmark
25,prerank,Xenobiotic Metabolism,-0.3225647671394859,-0.8887155510747501,0.6232558139534884,0.7848399993372263,1.0,6/28,16.69%,FAH;ARG2;PPARD;CNDP2;CAT;PSMB10,MAIT,NVP-BSK805_vs._NVP-BSK805 2HCl,Hallmark
26,prerank,KRAS Signaling Up,0.2535764055058426,0.8759039682139486,0.693939393939394,1.0,1.0,7/43,8.68%,IGFBP3;DUSP6;C3AR1;PLAU;LAT2;ATG10;PRDM1,MAIT,NVP-BSK805_vs._NVP-BSK805 2HCl,Hallmark
27,prerank,Apical Junction,0.25495218705921285,0.8591004022240649,0.6997167138810199,1.0,1.0,7/37,10.78%,MPZL1;STX4;JAM3;SRC;HADH;MAP4K2;MAP3K20,MAIT,NVP-BSK805_vs._NVP-BSK805 2HCl,Hallmark
28,prerank,Fatty Acid Metabolism,0.29144659346694335,0.8559048555841494,0.6828644501278772,1.0,1.0,6/22,22.68%,HSD17B10;HADH;CBR3;CBR1;DECR1;ACAA1,MAIT,NVP-BSK805_vs._NVP-BSK805 2HCl,Hallmark
29,prerank,Glycolysis,0.23437429522421535,0.7877032415277528,0.8470254957507082,1.0,1.0,7/38,12.28%,IGFBP3;GALE;NT5E;AGL;G6PD;ARPP19;SPAG4,MAIT,NVP-BSK805_vs._NVP-BSK805 2HCl,Hallmark
30,prerank,Inflammatory Response,-0.24428675317127702,-0.7869631441105643,0.856929955290611,0.9269580030314005,1.0,19/63,24.18%,ACVR2A;NOD2;TLR3;OSM;TLR1;IL15RA;PSEN1;SELL;LAMP3;CCRL2;TAPBP;LCK;IL10RA;IRF1;RAF1;IL18RAP;TNFSF10;IRF7;IL4R,MAIT,NVP-BSK805_vs._NVP-BSK805 2HCl,Hallmark
31,prerank,Cholesterol Homeostasis,0.242257848622444,0.7178946513311207,0.8605898123324397,1.0,1.0,6/22,19.09%,TNFRSF12A;LGALS3;LGMN;TMEM97;TRIB3;PLSCR1,MAIT,NVP-BSK805_vs._NVP-BSK805 2HCl,Hallmark
32,prerank,mTORC1 Signaling,0.19859711190074458,0.7165298322483646,0.9518072289156626,1.0,1.0,12/54,19.16%,UNG;PGM1;PSMG1;G6PD;UFM1;LGMN;NAMPT;TXNRD1;TMEM97;TRIB3;SLC1A4;HSPA4,MAIT,NVP-BSK805_vs._NVP-BSK805 2HCl,Hallmark
33,prerank,TNF-alpha Signaling via NF-kB,-0.1975072249697682,-0.676195257786019,0.9672578444747613,1.0,1.0,11/83,16.24%,CSF2;F2RL1;IFIH1;JUN;IL15RA;DUSP2;FOSB;NR4A1;IL6ST;BCL2A1;CCRL2,MAIT,NVP-BSK805_vs._NVP-BSK805 2HCl,Hallmark
34,prerank,Oxidative Phosphorylation,0.22355119732455458,0.6708022877825762,0.9205479452054794,1.0,1.0,7/24,26.35%,ETFB;HSD17B10;NNT;DECR1;ACAA1;ALAS1;VDAC1,MAIT,NVP-BSK805_vs._NVP-BSK805 2HCl,Hallmark
35,prerank,Androgen Response,0.21591937567640113,0.6027553461543608,0.9574468085106383,0.9773366795954065,1.0,5/17,23.58%,AKT1;APPBP2;RRP12;UBE2J1;TMEM50A,MAIT,NVP-BSK805_vs._NVP-BSK805 2HCl,Hallmark
36,prerank,DNA Repair,-0.2080726325630204,-0.5815585627552714,0.9588607594936709,1.0,1.0,3/30,7.26%,DDB2;LIG1;VPS28,MAIT,NVP-BSK805_vs._NVP-BSK805 2HCl,Hallmark
37,prerank,p53 Pathway,-0.18107754710925683,-0.5697562776238437,0.9840579710144928,0.9791960082089252,1.0,8/54,16.09%,DDB2;JUN;RRP8;BAX;RRAD;RAD51C;ABCC5;SOCS1,MAIT,NVP-BSK805_vs._NVP-BSK805 2HCl,Hallmark
0,prerank,KRAS Signaling Up,0.5789024039903302,2.072259970789419,0.0,0.002129358530742614,0.001,10/43,4.19%,F2RL1;IGFBP3;C3AR1;MMP9;PLAUR;CSF2;LAT2;PLAU;ATG10;FCER1G,MAIT,Ruxolitinib_vs._Ruxolitinib phosphate,Hallmark
1,prerank,TNF-alpha Signaling via NF-kB,0.3788247728425628,1.5674772453636296,0.008771929824561403,0.2651051370774554,0.21,34/83,24.25%,F2RL1;ATF3;DUSP4;FOSB;PLAUR;CSF2;PLAU;ICAM1;FOS;EGR3;DUSP2;IFIT2;JUN;CDKN1A;NFE2L2;DUSP1;TNF;FOSL2;CCL4;TNFSF9;GADD45A;CEBPD;NR4A1;IER5;ZFP36;BHLHE40;TNFRSF9;NFIL3;BIRC2;TIPARP;JUNB;SLC2A6;BCL6;IL7R,MAIT,Ruxolitinib_vs._Ruxolitinib phosphate,Hallmark
2,prerank,Hypoxia,0.3775384841218605,1.3701404443195924,0.05673758865248227,0.617513973915358,0.544,21/47,24.48%,IGFBP3;ATF3;PLAUR;FOS;GPI;JUN;CDKN1A;SLC37A4;DUSP1;TGFB3;FOSL2;MIF;GAA;DDIT4;ZFP36;BHLHE40;NFIL3;SCARB1;GPC1;TIPARP;CDKN1B,MAIT,Ruxolitinib_vs._Ruxolitinib phosphate,Hallmark
3,prerank,UV Response Dn,0.4078089980197025,1.3383328318100032,0.09615384615384616,0.5552302368911366,0.617,7/30,12.72%,PIK3R3;SMAD7;ACVR2A;MAP2K5;MTA1;DUSP1;COL1A1,MAIT,Ruxolitinib_vs._Ruxolitinib phosphate,Hallmark
4,prerank,Myc Targets V1,0.4145372595287748,1.3081656163120703,0.11331444759206799,0.5199893532073463,0.678,8/25,19.84%,TYMS;PCNA;SLC25A3;VDAC1;RNPS1;PSMD7;NOLC1;USP1,MAIT,Ruxolitinib_vs._Ruxolitinib phosphate,Hallmark
5,prerank,Estrogen Response Late,-0.428519039481986,-1.2338935824755364,0.1638418079096045,1.0,0.984,9/34,11.68%,PRSS23;MAPK13;GALE;MEST;UGDH;BCL2;FKBP4;MICB;BATF,MAIT,Ruxolitinib_vs._Ruxolitinib phosphate,Hallmark
6,prerank,Myogenesis,0.41056180134798054,1.2081727970118104,0.21068249258160238,0.7438559134060864,0.846,9/18,19.91%,IGFBP3;CDKN1A;APP;CLU;COL1A1;ITGB1;GAA;FOXO4;BHLHE40,MAIT,Ruxolitinib_vs._Ruxolitinib phosphate,Hallmark
7,prerank,Mitotic Spindle,0.36413046487797684,1.2036630643657307,0.19461077844311378,0.650975322255599,0.852,6/30,9.13%,NDC80;ARHGEF12;TOP2A;NUSAP1;CENPE;AURKA,MAIT,Ruxolitinib_vs._Ruxolitinib phosphate,Hallmark
8,prerank,E2F Targets,0.3025818944284345,1.2024250053714178,0.14767932489451477,0.5735959542187916,0.852,15/69,10.93%,CDCA8;TOP2A;CKS2;PAICS;MSH2;RPA1;CENPE;PCNA;ATAD2;EED;ASF1A;CDKN1A;AURKA;CKS1B;TMPO,MAIT,Ruxolitinib_vs._Ruxolitinib phosphate,Hallmark
9,prerank,IL-6/JAK/STAT3 Signaling,-0.40794044208522584,-1.1842063919401868,0.1914008321775312,1.0,0.994,9/37,18.56%,CCR1;TNFRSF12A;FAS;IL15RA;STAT2;IL18R1;ACVR1B;IFNAR1;IL12RB1,MAIT,Ruxolitinib_vs._Ruxolitinib phosphate,Hallmark
10,prerank,heme Metabolism,0.37001108889481527,1.150136429243277,0.2588996763754045,0.645195634815012,0.915,3/23,4.57%,HEBP1;ARHGEF12;ABCB6,MAIT,Ruxolitinib_vs._Ruxolitinib phosphate,Hallmark
11,prerank,Pperoxisome,0.36268118649751024,1.103720565051795,0.3058103975535168,0.7192973116848549,0.955,8/20,22.46%,TOP2A;MSH2;ABCC5;HSD17B11;ECH1;IDE;BCL10;CAT,MAIT,Ruxolitinib_vs._Ruxolitinib phosphate,Hallmark
12,prerank,Apical Junction,0.3079106535760334,1.0567638417268672,0.35714285714285715,0.7870883441817698,0.976,6/37,4.64%,PIK3R3;CTNND1;MMP9;HADH;ICAM1;MPZL1,MAIT,Ruxolitinib_vs._Ruxolitinib phosphate,Hallmark
13,prerank,Coagulation,-0.39862196321189863,-1.0487195135634446,0.38200589970501475,1.0,1.0,3/19,5.76%,PRSS23;S100A13;SH2B2,MAIT,Ruxolitinib_vs._Ruxolitinib phosphate,Hallmark
14,prerank,Interferon Gamma Response,-0.3145393500164704,-1.0171020646027882,0.3668407310704961,1.0,1.0,7/77,8.08%,CD40;IRF5;FAS;IL15RA;STAT2;SLAMF7;IFNAR2,MAIT,Ruxolitinib_vs._Ruxolitinib phosphate,Hallmark
15,prerank,p53 Pathway,0.2689718564079529,1.012022017122858,0.4095940959409594,0.8632774376719013,0.983,19/54,20.66%,ATF3;PDGFA;FOS;PCNA;ABCC5;SOCS1;JUN;CDKN1A;APP;CD81;RAD51C;MAPKAPK3;TNFSF9;GADD45A;CCND3;DDIT4;IER5;TRIB3;CCND2,MAIT,Ruxolitinib_vs._Ruxolitinib phosphate,Hallmark
16,prerank,Fatty Acid Metabolism,-0.379508732605794,-1.0089467926357052,0.44169096209912534,1.0,1.0,7/22,16.62%,CBR3;CRYZ;ACAT2;UGDH;PCBD1;LGALS1;UBE2L6,MAIT,Ruxolitinib_vs._Ruxolitinib phosphate,Hallmark
17,prerank,Glycolysis,-0.34239027043183035,-1.0070976809242436,0.4074074074074074,0.9536209111202564,1.0,18/38,29.04%,GNPDA1;VEGFA;COG2;GALE;STMN1;FKBP4;PGAM1;SLC35A3;NASP;IER3;NT5E;AGL;ARPP19;ERO1A;NSDHL;G6PD;EXT1;ME2,MAIT,Ruxolitinib_vs._Ruxolitinib phosphate,Hallmark
18,prerank,Spermatogenesis,-0.3956149825790397,-1.0030737268780214,0.4709784411276949,0.8304837442478207,1.0,6/15,25.82%,BUB1;MAP7;TOPBP1;IL12RB2;PARP2;MAST2,MAIT,Ruxolitinib_vs._Ruxolitinib phosphate,Hallmark
19,prerank,DNA Repair,0.29497303705417577,0.9741298419531417,0.4688427299703264,0.9156241682193239,0.989,1/30,0.07%,TYMS,MAIT,Ruxolitinib_vs._Ruxolitinib phosphate,Hallmark
20,prerank,Estrogen Response Early,-0.34451477253125506,-0.9715370556890381,0.46924177396280403,0.8043230199408883,1.0,5/30,8.76%,PRSS23;GAB2;BCL2;FKBP4;MICB,MAIT,Ruxolitinib_vs._Ruxolitinib phosphate,Hallmark
21,prerank,Epithelial Mesenchymal Transition,0.2936168846780588,0.9684710767810295,0.47318611987381703,0.8686261835050761,0.99,10/31,17.66%,IGFBP3;LOXL1;PLAUR;JUN;SGCB;COL1A1;ITGA5;GADD45A;ITGB1;CD59,MAIT,Ruxolitinib_vs._Ruxolitinib phosphate,Hallmark
22,prerank,Complement,0.24480781562745968,0.9581445982814307,0.5423728813559322,0.8358442019341673,0.991,13/65,13.17%,CR1;ITGAM;S100A9;PLAUR;LIPA;FCER1G;CTSH;CSRP1;CLU;GZMK;LGMN;PLSCR1;CTSS,MAIT,Ruxolitinib_vs._Ruxolitinib phosphate,Hallmark
23,prerank,Cholesterol Homeostasis,0.2920688618673975,0.896480199534594,0.6153846153846154,0.953952621772691,0.995,9/22,20.88%,ATF3;PLAUR;CLU;LGMN;PLSCR1;ECH1;TRIB3;FDFT1;NFIL3,MAIT,Ruxolitinib_vs._Ruxolitinib phosphate,Hallmark
24,prerank,Allograft Rejection,0.21918982671595677,0.8937533759523776,0.6948356807511737,0.9044763500289655,0.996,14/90,10.78%,NCR1;CD4;IL12A;MMP9;ICAM1;CD3G;TLR3;SOCS1;TLR1;FYB1;DYRK3;IL16;ACVR2A;TNF,MAIT,Ruxolitinib_vs._Ruxolitinib phosphate,Hallmark
25,prerank,Unfolded Protein Response,0.26233706021980113,0.867148232529314,0.6634920634920635,0.9166888474846951,0.996,9/28,18.56%,ATF3;POP4;WFS1;CKS1B;FKBP14;NOLC1;DDIT4;TATDN2;BAG3,MAIT,Ruxolitinib_vs._Ruxolitinib phosphate,Hallmark
26,prerank,Apoptosis,-0.27550729622823406,-0.8664037999713257,0.6420911528150134,0.9690431948653355,1.0,7/64,6.74%,TIMP2;PSEN2;TNFRSF12A;FAS;HSPB1;BID;CDK2,MAIT,Ruxolitinib_vs._Ruxolitinib phosphate,Hallmark
27,prerank,IL-2/STAT5 Signaling,0.21654636310453274,0.8340399054608088,0.7915057915057915,0.9408402560833812,0.999,19/64,20.88%,IFITM3;CSF2;SELL;SOCS2;ICOS;CD79B;TNFSF10;SOCS1;TNFRSF4;CD81;PLSCR1;CCR4;CCND3;CD48;CTLA4;BHLHE40;TNFRSF9;CCND2;NFIL3,MAIT,Ruxolitinib_vs._Ruxolitinib phosphate,Hallmark
28,prerank,Androgen Response,-0.3181166556361934,-0.8135849595323614,0.7044776119402985,0.9896217591380149,1.0,10/17,44.84%,MAP7;CDK6;PTK2B;APPBP2;ARID5B;AKT1;MAF;RAB4A;HMGCS1;HMGCR,MAIT,Ruxolitinib_vs._Ruxolitinib phosphate,Hallmark
29,prerank,Adipogenesis,-0.2972443289497529,-0.8042752174462141,0.7333333333333333,0.9166550461024627,1.0,7/26,24.40%,FAH;DNAJC15;TANK;VEGFB;NMT1;CHUK;SQOR,MAIT,Ruxolitinib_vs._Ruxolitinib phosphate,Hallmark
30,prerank,UV Response Up,0.22679391617835953,0.7971233557452679,0.8164794007490637,0.9631088634548841,0.999,6/37,8.76%,ATF3;FOSB;ICAM1;FOS;CREG1;DNAJB1,MAIT,Ruxolitinib_vs._Ruxolitinib phosphate,Hallmark
31,prerank,Inflammatory Response,0.20238496019995364,0.7757722684284128,0.8901960784313725,0.9512148750903077,1.0,11/63,10.10%,C3AR1;RGS1;PLAUR;SELL;ICAM1;TLR3;TNFSF10;CDKN1A;TLR1;ACVR2A;NOD2,MAIT,Ruxolitinib_vs._Ruxolitinib phosphate,Hallmark
32,prerank,Xenobiotic Metabolism,-0.2786980311716575,-0.7748929364184731,0.7624633431085044,0.8908551261426416,1.0,3/28,8.16%,FAH;FAS;UGDH,MAIT,Ruxolitinib_vs._Ruxolitinib phosphate,Hallmark
33,prerank,PI3K/AKT/mTOR  Signaling,-0.2534736615591435,-0.7421717143169262,0.7835497835497836,0.8748262474926398,1.0,9/40,17.66%,PIN1;STAT2;CDK2;TRAF2;MAPK9;MAPK8;DUSP3;IRAK4;LCK,MAIT,Ruxolitinib_vs._Ruxolitinib phosphate,Hallmark
34,prerank,mTORC1 Signaling,0.18796075489918312,0.720229038805046,0.953125,0.9724393253805019,1.0,13/54,20.88%,PIK3R3;RPA1;GPI;CDKN1A;AURKA;SLC37A4;LGMN;DDIT4;TRIB3;BHLHE40;TFRC;ITGB2;NFIL3,MAIT,Ruxolitinib_vs._Ruxolitinib phosphate,Hallmark
35,prerank,G2-M Checkpoint,-0.22248909950727574,-0.6909828119919206,0.8853146853146853,0.8758277526282315,1.0,9/54,12.87%,CCNF;KIF23;BUB1;MAP3K20;STMN1;SMC1A;CASP8AP2;MTF2;ATF5,MAIT,Ruxolitinib_vs._Ruxolitinib phosphate,Hallmark
36,prerank,Interferon Alpha Response,0.1712402514175477,0.5987507055917148,0.9773462783171522,1.0,1.0,10/36,23.20%,IFITM3;SELL;IFIT2;ISG15;PLSCR1;LAP3;CASP8;IRF7;IFITM2;MX1,MAIT,Ruxolitinib_vs._Ruxolitinib phosphate,Hallmark
37,prerank,Oxidative Phosphorylation,0.1520716723295565,0.4757635923560381,0.984984984984985,0.9968946854760004,1.0,4/24,16.09%,GPI;SLC25A3;VDAC1;ECH1,MAIT,Ruxolitinib_vs._Ruxolitinib phosphate,Hallmark
0,prerank,Estrogen Response Late,-0.4825771187650292,-1.4726789455117575,0.03551401869158879,0.8782114975159688,0.539,8/34,9.81%,TOP2A;SCARB1;MICB;PRSS23;ETFB;BATF;S100A9;MEST,MAIT,Tofacitinib citrate_vs._Tofacitinib,Hallmark
1,prerank,mTORC1 Signaling,0.41938471447749176,1.4140934106648273,0.038202247191011236,0.9605692262081234,0.641,7/54,6.29%,PIK3R3;MLLT11;AURKA;LGMN;ELOVL6;NFKBIB;TRIB3,MAIT,Tofacitinib citrate_vs._Tofacitinib,Hallmark
2,prerank,G2-M Checkpoint,-0.417468396140022,-1.3969203465780993,0.06666666666666667,0.7389164892358647,0.71,14/54,16.69%,TOP2A;CENPE;KIF23;MAP3K20;NDC80;CDC7;TACC3;MTF2;CCNF;TFDP1;MYC;CASP8AP2;NASP;HMMR,MAIT,Tofacitinib citrate_vs._Tofacitinib,Hallmark
3,prerank,Interferon Alpha Response,-0.4451543230745971,-1.3793783332692497,0.08639705882352941,0.5568172857030202,0.757,15/36,26.05%,IFITM3;PSME2;OAS1;LAP3;IFIT2;LAMP3;SELL;BST2;PSMB9;CSF1;ISG20;CASP8;CCRL2;IL15;IRF2,MAIT,Tofacitinib citrate_vs._Tofacitinib,Hallmark
4,prerank,PI3K/AKT/mTOR  Signaling,0.4140034510347108,1.320607590930274,0.1038135593220339,0.8356062852060481,0.822,9/40,10.48%,PIK3R3;PAK4;NFKBIB;PIN1;DUSP3;TRIB3;CDK2;NCK1;NOD1,MAIT,Tofacitinib citrate_vs._Tofacitinib,Hallmark
5,prerank,Spermatogenesis,0.47582986077257794,1.231367379093044,0.2217391304347826,0.8671805514378891,0.924,3/15,10.25%,IDE;AURKA;MTOR,MAIT,Tofacitinib citrate_vs._Tofacitinib,Hallmark
6,prerank,Glycolysis,-0.38713985632025816,-1.2243930440807798,0.15916955017301038,1.0,0.954,13/38,19.76%,SPAG4;IGFBP3;SLC25A13;ABCB6;G6PD;DLD;GPC1;NT5E;VEGFA;NASP;HMMR;PMM2;ISG20,MAIT,Tofacitinib citrate_vs._Tofacitinib,Hallmark
7,prerank,Mitotic Spindle,-0.3904721850592152,-1.1637735109538803,0.23844731977818853,1.0,0.985,8/30,14.07%,TOP2A;CENPE;KIF23;NDC80;NET1;ARFIP2;EPB41L2;RASA1,MAIT,Tofacitinib citrate_vs._Tofacitinib,Hallmark
8,prerank,IL-2/STAT5 Signaling,-0.33825217002006824,-1.1602630634240063,0.19964349376114082,0.9166627237599558,0.986,18/64,20.43%,CTLA4;IFITM3;SOCS2;CCR4;IGF1R;SPRED2;CD81;BATF;SELL;CSF2;NT5E;MYC;CSF1;IRF4;TNFSF10;CCND3;IGF2R;ICOS,MAIT,Tofacitinib citrate_vs._Tofacitinib,Hallmark
9,prerank,Epithelial Mesenchymal Transition,-0.3762349153257992,-1.1236120528396072,0.29982964224872233,0.9273378620433268,0.994,8/31,15.49%,IGFBP3;PLOD3;TNFRSF12A;MEST;GPC1;NT5E;SGCB;VEGFA,MAIT,Tofacitinib citrate_vs._Tofacitinib,Hallmark
10,prerank,Coagulation,0.4002236510843017,1.1171896029678665,0.2837209302325581,1.0,0.987,9/19,21.26%,DUSP6;LGMN;SH2B2;S100A13;CLU;MMP9;PLAU;LAMP2;LRP1,MAIT,Tofacitinib citrate_vs._Tofacitinib,Hallmark
11,prerank,DNA Repair,-0.3773322399603528,-1.1074004068123395,0.3007380073800738,0.8667849538679915,0.995,14/30,25.67%,GTF2A2;POLD4;POLA1;POLD3;RAE1;POLB;NUDT9;PCNA;POLR1C;ADA;RFC2;RALA;CANT1;RPA2,MAIT,Tofacitinib citrate_vs._Tofacitinib,Hallmark
12,prerank,Xenobiotic Metabolism,-0.36006971626906176,-1.0682871604332425,0.35818181818181816,0.910496017664222,0.997,6/28,10.33%,ABHD6;PPARD;ARG2;CNDP2;SLC35B1;ALAS1,MAIT,Tofacitinib citrate_vs._Tofacitinib,Hallmark
13,prerank,KRAS Signaling Up,-0.33145745090518686,-1.061259536209739,0.3742911153119093,0.8441495150224746,0.997,10/43,18.26%,FCER1G;IGFBP3;TRIB1;LAT2;C3AR1;PECAM1;CSF2;ETS1;MAP3K1;KIF5C,MAIT,Tofacitinib citrate_vs._Tofacitinib,Hallmark
14,prerank,Complement,0.29854789887439936,1.0516088430284054,0.34299516908212563,1.0,0.993,21/65,22.08%,CR1;TIMP2;F5;DUSP6;LGMN;PLSCR1;S100A13;GZMK;GNAI2;IRF1;CASP7;CLU;IRF7;ITGAM;HSPA1A;PSEN1;CEBPB;LAMP2;LRP1;PIM1;PRKCD,MAIT,Tofacitinib citrate_vs._Tofacitinib,Hallmark
15,prerank,Adipogenesis,0.35703222391926265,1.049571902455389,0.3811659192825112,0.9340349836940409,0.993,7/26,14.90%,FAH;VEGFB;ELOVL6;SQOR;DNAJC15;HADH;ECH1,MAIT,Tofacitinib citrate_vs._Tofacitinib,Hallmark
16,prerank,UV Response Dn,0.3456913659854204,1.0446723385182155,0.3865168539325843,0.8145779509550632,0.995,10/30,27.47%,PIK3R3;KIT;ACVR2A;DMAC2L;ZMIZ1;COL1A1;ATP2C1;MAP2K5;PRKCE;BHLHE40,MAIT,Tofacitinib citrate_vs._Tofacitinib,Hallmark
17,prerank,Estrogen Response Early,-0.34353407156287136,-1.0215346250541373,0.44344703770197486,0.8905778867453814,0.997,4/30,5.09%,SCARB1;MICB;PRSS23;IGF1R,MAIT,Tofacitinib citrate_vs._Tofacitinib,Hallmark
18,prerank,p53 Pathway,-0.2956712651145683,-0.9980016111713287,0.47330960854092524,0.88927529374655,0.998,14/54,21.33%,PDGFA;TNFSF9;APP;CD81;ABCC5;RAD9A;DNTTIP2;PCNA;CGRRF1;MAPKAPK3;CCND3;ADA;HRAS;IRAK1,MAIT,Tofacitinib citrate_vs._Tofacitinib,Hallmark
19,prerank,Cholesterol Homeostasis,0.3491657678645328,0.9717017249942238,0.5042918454935622,0.9259931811443819,0.998,6/22,14.90%,LGMN;CXCL16;TRIB3;PLSCR1;CLU;ECH1,MAIT,Tofacitinib citrate_vs._Tofacitinib,Hallmark
20,prerank,Inflammatory Response,0.27452921920633805,0.9641126919392933,0.5022727272727273,0.8465263365945251,0.999,16/63,19.54%,CD70;TLR3;NLRP3;LTA;ICAM1;NOD2;IRF1;SLC11A2;ACVR2A;ACVR1B;CD48;IRF7;NFKBIA;OSM;PSEN1;IL10RA,MAIT,Tofacitinib citrate_vs._Tofacitinib,Hallmark
21,prerank,Apical Junction,0.2932326222533761,0.9506873575330556,0.5456570155902004,0.7967388081826269,0.999,6/37,12.13%,MAPK11;PIK3R3;CD274;ICAM1;GNAI2;SHC1,MAIT,Tofacitinib citrate_vs._Tofacitinib,Hallmark
22,prerank,heme Metabolism,-0.3307787506819077,-0.929676562826519,0.552158273381295,1.0,1.0,2/23,3.97%,ABCG2;ABCB6,MAIT,Tofacitinib citrate_vs._Tofacitinib,Hallmark
23,prerank,E2F Targets,-0.2666785446343873,-0.928032882921703,0.6010016694490818,0.952211970664774,1.0,22/69,25.67%,TOP2A;CENPE;HELLS;TIMELESS;UBE2T;PAICS;TACC3;POLD3;MCM4;MYC;PCNA;NASP;HMMR;ATAD2;ASF1A;RFC2;CKS2;SLBP;MSH2;CCP110;CKS1B;RPA2,MAIT,Tofacitinib citrate_vs._Tofacitinib,Hallmark
24,prerank,Hypoxia,-0.28621561420321406,-0.9260303480080677,0.5622710622710623,0.8935919880135637,1.0,9/47,19.76%,SCARB1;IGFBP3;ALDOC;TGFB3;GPC1;ETS1;VEGFA;MAP3K1;ISG20,MAIT,Tofacitinib citrate_vs._Tofacitinib,Hallmark
25,prerank,Oxidative Phosphorylation,-0.3246988754604888,-0.9240191382189153,0.5768566493955095,0.8425035486160398,1.0,6/24,18.41%,ETFB;TIMM9;ALAS1;DLD;ATP6V1D;SLC25A4,MAIT,Tofacitinib citrate_vs._Tofacitinib,Hallmark
26,prerank,Myogenesis,-0.33140538816718423,-0.891665226608809,0.6223021582733813,0.8675211177444718,1.0,3/18,4.87%,IGFBP3;APP;FOXO4,MAIT,Tofacitinib citrate_vs._Tofacitinib,Hallmark
27,prerank,IL-6/JAK/STAT3 Signaling,-0.27251927309639795,-0.8486431286244098,0.705078125,0.9131561653917935,1.0,9/37,24.55%,TLR2;TNFRSF12A;CSF2;TYK2;CSF1;IL17RA;IL6ST;TNF;IL18R1,MAIT,Tofacitinib citrate_vs._Tofacitinib,Hallmark
28,prerank,Apoptosis,-0.21593867540995262,-0.7451343205442121,0.9025735294117647,1.0,1.0,5/64,9.06%,TOP2A;IFITM3;APP;TNFRSF12A;FASLG,MAIT,Tofacitinib citrate_vs._Tofacitinib,Hallmark
29,prerank,Unfolded Protein Response,-0.25196868840279535,-0.7328881118792969,0.8519163763066202,1.0,1.0,5/28,15.49%,PDIA5;EXOSC4;FKBP14;CNOT4;VEGFA,MAIT,Tofacitinib citrate_vs._Tofacitinib,Hallmark
30,prerank,UV Response Up,0.22361706072284274,0.7015044820494114,0.903755868544601,1.0,1.0,5/37,11.53%,RRAD;CDK2;JUNB;ICAM1;IRF1,MAIT,Tofacitinib citrate_vs._Tofacitinib,Hallmark
31,prerank,Pperoxisome,0.25263840116285663,0.6984489343809214,0.9035087719298246,1.0,1.0,10/20,25.37%,IDE;PEX11A;HSD17B11;ECH1;CDK7;SCP2;BCL10;FIS1;ACAA1;CAT,MAIT,Tofacitinib citrate_vs._Tofacitinib,Hallmark
32,prerank,TNF-alpha Signaling via NF-kB,-0.1832915660296186,-0.6663766680628848,0.976027397260274,1.0,1.0,16/83,24.48%,TLR2;TNFSF9;TRIB1;IFIT2;CSF2;FUT4;MYC;VEGFA;CSF1;DUSP4;RELA;STAT5A;CCRL2;NFKBIE;IL6ST;TNF,MAIT,Tofacitinib citrate_vs._Tofacitinib,Hallmark
33,prerank,Myc Targets V1,-0.21916526209374493,-0.619438121650858,0.9558823529411765,1.0,1.0,5/25,16.09%,MCM4;PSMD7;TFDP1;MYC;PCNA,MAIT,Tofacitinib citrate_vs._Tofacitinib,Hallmark
34,prerank,Fatty Acid Metabolism,0.21527701637813706,0.6035882987757047,0.9616252821670429,1.0,1.0,7/22,25.15%,PCBD1;HSD17B11;HADH;ECH1;UGDH;ACAA1;HSD17B10,MAIT,Tofacitinib citrate_vs._Tofacitinib,Hallmark
35,prerank,Allograft Rejection,0.16101652720841653,0.6007276037696472,0.9929577464788732,1.0,1.0,11/90,11.98%,TLR3;CD80;CCR1;IRF8;CXCR3;NLRP3;NCK1;AARS1;ICAM1;IL12A;ACVR2A,MAIT,Tofacitinib citrate_vs._Tofacitinib,Hallmark
36,prerank,Interferon Gamma Response,-0.1473874018610198,-0.5339225872705302,0.9982578397212544,0.9909155429382541,1.0,19/77,29.04%,IFITM3;PSME2;LAP3;IFIT2;BST2;PSMB9;IRF4;TNFSF10;ISG20;MVP;CASP8;IL15;GZMA;IRF2;NUP93;IRF5;STAT3;PSMB8;ST3GAL5,MAIT,Tofacitinib citrate_vs._Tofacitinib,Hallmark
37,prerank,Androgen Response,0.16854994559031444,0.4494415526193466,0.993421052631579,0.9985176400830121,1.0,6/17,27.25%,RRP12;UBE2J1;ZMIZ1;RAB4A;HMGCR;ARID5B,MAIT,Tofacitinib citrate_vs._Tofacitinib,Hallmark
0,prerank,Allograft Rejection,0.41345114533525107,1.5646193422107166,0.0,0.38844553577518587,0.268,17/80,12.86%,GZMB;CCL4;KLRD1;IL7;CSF1;CD8A;CCR5;CD40;DYRK3;IRF8;CD79A;CD80;IL18RAP;TRAT1;AARS1;IL12RB1;RIPK2,Treg,Afatinib_vs._Afatinib dimaleate,Hallmark
1,prerank,Androgen Response,-0.5490288422599275,-1.4487489444564845,0.06788079470198675,0.9015622901651819,0.604,6/17,15.14%,RAB4A;APPBP2;HMGCR;UBE2J1;AKT1;INSIG1,Treg,Afatinib_vs._Afatinib dimaleate,Hallmark
2,prerank,Glycolysis,-0.427964002906981,-1.3329680695835477,0.10652920962199312,0.9740812032767805,0.865,9/35,16.47%,HMMR;AURKA;SLC25A13;SLC35A3;ME2;SLC37A4;PMM2;GFPT1;NSDHL,Treg,Afatinib_vs._Afatinib dimaleate,Hallmark
3,prerank,PI3K/AKT/mTOR  Signaling,-0.41149632598992175,-1.3053822451016537,0.10135135135135136,0.7693570288135847,0.901,16/39,26.43%,PAK4;CDK2;CLTC;AKT1;MYD88;MAP3K7;RAF1;LCK;MAPK1;CDKN1B;MAPK8;NFKBIB;GSK3B;IRAK4;MAPK9;CAB39,Treg,Afatinib_vs._Afatinib dimaleate,Hallmark
4,prerank,IL-2/STAT5 Signaling,0.3398028666422316,1.2807870341121705,0.11315789473684211,1.0,0.837,9/58,10.20%,CD79B;CSF1;PLSCR1;ABCB1;BCL2L1;IRF8;IL1R2;BHLHE40;SOCS2,Treg,Afatinib_vs._Afatinib dimaleate,Hallmark
5,prerank,Apical Junction,-0.41660128930048074,-1.2783839033142772,0.12335526315789473,0.6781861318769864,0.935,11/34,21.80%,PECAM1;HADH;MPZL1;MAPK11;ITGA3;AKT2;SORBS3;CTNND1;INSIG1;ICAM1;CDH1,Treg,Afatinib_vs._Afatinib dimaleate,Hallmark
6,prerank,Estrogen Response Early,0.3847821067798573,1.2251909842902662,0.19902912621359223,0.9894732055566924,0.906,7/29,13.33%,EGR3;MINDY1;MICB;BHLHE40;SLC1A4;NRIP1;BCL2,Treg,Afatinib_vs._Afatinib dimaleate,Hallmark
7,prerank,TNF-alpha Signaling via NF-kB,0.3050660134247805,1.1712668261502377,0.19298245614035087,0.9482129459109201,0.954,22/72,24.71%,CCL4;EGR3;CSF1;IL23A;BHLHE40;EGR1;CD80;SMAD3;NFKB1;RIPK2;GADD45A;GADD45B;BTG1;CCL5;IER3;NAMPT;TNFRSF9;MYC;STAT5A;TIPARP;NFKBIA;DUSP4,Treg,Afatinib_vs._Afatinib dimaleate,Hallmark
8,prerank,Mitotic Spindle,0.3643992801162239,1.1553241949591875,0.2524752475247525,0.8112134233681194,0.966,9/31,14.59%,PLK1;CENPF;NET1;ECT2;NUSAP1;CDK1;BUB1;SMC3;SMC1A,Treg,Afatinib_vs._Afatinib dimaleate,Hallmark
9,prerank,Xenobiotic Metabolism,-0.3886320551033925,-1.1522307720559033,0.25938009787928223,1.0,0.997,8/27,17.02%,BPHL;TMEM97;CAT;SLC35B1;FAS;ECH1;ID2;ADH5,Treg,Afatinib_vs._Afatinib dimaleate,Hallmark
10,prerank,heme Metabolism,-0.4091219714936597,-1.1436172421821151,0.27677100494233936,0.8745542175865825,0.997,11/22,33.80%,XPO7;CAT;TRAK2;LRP10;PSMD9;KLF3;TFRC;BNIP3L;FBXO7;PPOX;LAMP2,Treg,Afatinib_vs._Afatinib dimaleate,Hallmark
11,prerank,Spermatogenesis,0.4252337118774896,1.1276270997143143,0.30097087378640774,0.7652956824227541,0.979,5/15,9.41%,MAST2;JAM3;EZH2;CDK1;BUB1,Treg,Afatinib_vs._Afatinib dimaleate,Hallmark
12,prerank,Complement,0.3025938351965815,1.0915099803635007,0.30997304582210244,0.7608231751878162,0.99,5/55,4.63%,GZMB;PRCP;PLSCR1;CASP7;HSPA1A,Treg,Afatinib_vs._Afatinib dimaleate,Hallmark
13,prerank,Fatty Acid Metabolism,-0.378310788417785,-1.0686403277422294,0.375,1.0,0.999,6/22,18.59%,BPHL;HADH;PCBD1;ECH1;NSDHL;ACAA1,Treg,Afatinib_vs._Afatinib dimaleate,Hallmark
14,prerank,Interferon Alpha Response,0.32044008179410494,1.054028685403619,0.38403990024937656,0.7732675124479913,0.997,7/34,15.06%,IL7;CSF1;PLSCR1;UBE2L6;LAMP3;RIPK2;MX1,Treg,Afatinib_vs._Afatinib dimaleate,Hallmark
15,prerank,mTORC1 Signaling,-0.29707930282980777,-1.0051741786010122,0.458528951486698,1.0,1.0,18/55,23.69%,ACLY;TMEM97;AURKA;UNG;HMGCR;EBP;SLC37A4;CCNF;ITGB2;EDEM1;CORO1A;INSIG1;MCM2;HSPD1;NFKBIB;ATP6V1D;TFRC;GSK3B,Treg,Afatinib_vs._Afatinib dimaleate,Hallmark
16,prerank,KRAS Signaling Up,0.29913676313787607,0.9912373978389294,0.4387254901960784,0.8693965092573646,0.998,7/36,12.08%,LAT2;ABCB1;KIF5C;IRF8;CLEC4A;LY96;ATG10,Treg,Afatinib_vs._Afatinib dimaleate,Hallmark
17,prerank,Unfolded Protein Response,-0.3408297676255856,-0.9797556650502012,0.5056,1.0,1.0,9/26,28.63%,EIF4EBP1;EIF4G1;FKBP14;EDEM1;NOLC1;ATF6;HYOU1;CKS1B;TATDN2,Treg,Afatinib_vs._Afatinib dimaleate,Hallmark
18,prerank,Cholesterol Homeostasis,-0.352485187747089,-0.9752835426024604,0.5094664371772806,1.0,1.0,6/21,19.22%,TMEM97;HMGCR;EBP;ECH1;NSDHL;ANXA5,Treg,Afatinib_vs._Afatinib dimaleate,Hallmark
19,prerank,G2-M Checkpoint,0.27495664148707755,0.9715883319265657,0.49184149184149184,0.8382306800354683,0.999,20/53,20.63%,PLK1;CENPF;NASP;EWSR1;CKS2;CDC7;NUSAP1;EZH2;CDK1;BUB1;SMAD3;RPA2;CTCF;SMC1A;SUV39H1;LBR;KIF20B;CDK4;PAFAH1B1;KIF11,Treg,Afatinib_vs._Afatinib dimaleate,Hallmark
20,prerank,Adipogenesis,-0.33729458193791145,-0.9407940902875835,0.541038525963149,1.0,1.0,8/23,19.84%,ACLY;CAT;ETFB;HADH;CHUK;ECH1;DNAJC15;BCL6,Treg,Afatinib_vs._Afatinib dimaleate,Hallmark
21,prerank,E2F Targets,-0.26596715131494675,-0.9384035190423456,0.584,0.9384932181386813,1.0,20/69,23.61%,HMMR;AURKA;CHEK1;UNG;RPA3;MSH2;NCAPD2;SMC4;TACC3;NOLC1;ZW10;MCM2;UBE2T;CBX5;CDKN1B;HMGB2;DNMT1;ILF3;DCK;TFRC,Treg,Afatinib_vs._Afatinib dimaleate,Hallmark
22,prerank,Pperoxisome,-0.336561597442981,-0.9220471829948399,0.5666666666666667,0.9072095369601972,1.0,5/19,18.59%,CAT;CDK7;MSH2;ECH1;ACAA1,Treg,Afatinib_vs._Afatinib dimaleate,Hallmark
23,prerank,Epithelial Mesenchymal Transition,-0.33399920656697557,-0.9217587654590422,0.5756097560975609,0.8429204530193832,1.0,5/21,16.08%,LRP1;FAS;MEST;ID2;TPM1,Treg,Afatinib_vs._Afatinib dimaleate,Hallmark
24,prerank,Myc Targets V1,-0.3183018114344014,-0.9050639894106842,0.6140350877192983,0.8259396869451034,1.0,8/24,28.08%,CDK2;TFDP1;NOLC1;MCM2;HSPD1;VDAC1;C1QBP;RRM1,Treg,Afatinib_vs._Afatinib dimaleate,Hallmark
25,prerank,DNA Repair,0.27328769431034805,0.8778017309729057,0.6447058823529411,1.0,1.0,6/30,11.69%,FEN1;HPRT1;RAE1;RALA;MPC2;RPA2,Treg,Afatinib_vs._Afatinib dimaleate,Hallmark
26,prerank,IL-6/JAK/STAT3 Signaling,0.2477873070924538,0.832892503045767,0.7411167512690355,1.0,1.0,6/38,13.65%,IL7;CSF1;IL1R2;IFNAR1;IL12RB1;ITGA4,Treg,Afatinib_vs._Afatinib dimaleate,Hallmark
27,prerank,UV Response Dn,-0.28612930133219444,-0.8288019650684326,0.7504215851602024,0.9276937195040065,1.0,7/27,19.29%,ACVR2A;MAP2K5;MTA1;INSIG1;SMAD7;PIK3CD;CDKN1B,Treg,Afatinib_vs._Afatinib dimaleate,Hallmark
28,prerank,Interferon Gamma Response,0.19907028662896656,0.7689956977935926,0.9242819843342036,1.0,1.0,18/77,20.71%,IL7;CD40;PLSCR1;CASP7;IRF8;UBE2L6;NFKB1;KLRK1;RIPK2;MX1;ST3GAL5;BTG1;CCL5;IRF5;NAMPT;TNFSF10;ISG15;ARID5B,Treg,Afatinib_vs._Afatinib dimaleate,Hallmark
29,prerank,Estrogen Response Late,0.24349665342973673,0.7662599812284991,0.8039702233250621,1.0,1.0,6/31,13.33%,EGR3;HPRT1;MICB;SLC1A4;NRIP1;BCL2,Treg,Afatinib_vs._Afatinib dimaleate,Hallmark
30,prerank,Oxidative Phosphorylation,-0.2654945097655782,-0.76329997576808,0.7893835616438356,0.9864573431324274,1.0,7/24,21.65%,ETFB;OXA1L;PDHX;ECH1;ACAA1;ATP6V1D;VDAC1,Treg,Afatinib_vs._Afatinib dimaleate,Hallmark
31,prerank,Inflammatory Response,0.20496883123563195,0.7479003611181609,0.9215189873417722,0.9826705772684902,1.0,16/54,22.27%,CSF1;CD40;CXCR6;SLAMF1;IFNAR1;IL18RAP;LAMP3;NFKB1;RIPK2;CCL5;NAMPT;TNFSF10;PSEN1;TNFRSF9;MYC;IL1R1,Treg,Afatinib_vs._Afatinib dimaleate,Hallmark
32,prerank,p53 Pathway,0.1891165637251383,0.6695020935031155,0.9699453551912568,0.9995950139826751,1.0,12/51,22.51%,MAPKAPK3;APP;RRP8;GADD45A;RXRA;ABCC5;BTG1;IER3;ABHD4;ADA;DDIT4;TRIB3,Treg,Afatinib_vs._Afatinib dimaleate,Hallmark
33,prerank,Myogenesis,-0.2535086930956647,-0.642606734375471,0.9344827586206896,1.0,1.0,3/15,12.39%,GAA;AKT2;SORBS3,Treg,Afatinib_vs._Afatinib dimaleate,Hallmark
34,prerank,Apoptosis,-0.17159656718510768,-0.5932255280255584,0.9887459807073955,1.0,1.0,8/59,15.45%,CDK2;PAK1;CD38;IGF2R;EBP;CD69;FAS;SMAD7,Treg,Afatinib_vs._Afatinib dimaleate,Hallmark
35,prerank,UV Response Up,-0.18661093145833363,-0.5806393876836723,0.9743589743589743,0.9794529746183804,1.0,16/35,38.67%,CDK2;PRKACA;ACAA1;ICAM1;DNAJB1;TFRC;PARP2;NR4A1;ALAS1;STK25;IRF1;FOS;PRKCD;CREG1;SQSTM1;FKBP4,Treg,Afatinib_vs._Afatinib dimaleate,Hallmark
36,prerank,Hypoxia,0.13478271850504026,0.460209978112102,0.9947780678851175,0.9978855466884933,1.0,18/42,34.04%,PGM1;BHLHE40;TGFB3;BCL2;BTG1;IER3;DDIT4;TIPARP;ISG20;ETS1;GPI;KDM3A;PIM1;PLAUR;JMJD6;XPNPEP1;CDKN1A;FOSL2,Treg,Afatinib_vs._Afatinib dimaleate,Hallmark
0,prerank,Spermatogenesis,-0.6276746905270867,-1.542814973602725,0.04070796460176991,0.5183513700207231,0.364,6/15,11.76%,AURKA;BUB1;IDE;PARP2;CDK1;IL12RB2,Treg,Baricitinib_vs._Baricitinib phosphate,Hallmark
1,prerank,Androgen Response,0.5704211719700145,1.5202383221987583,0.05324074074074074,0.35976447497546615,0.335,2/17,5.80%,INPP4B;CDK6,Treg,Baricitinib_vs._Baricitinib phosphate,Hallmark
2,prerank,Mitotic Spindle,-0.5007848651934195,-1.4506777396659807,0.07525083612040134,0.555929081280221,0.603,9/31,11.69%,AURKA;BUB1;NDC80;CENPE;CEP57;HDAC6;KIF20B;CKAP5;CDK1,Treg,Baricitinib_vs._Baricitinib phosphate,Hallmark
3,prerank,mTORC1 Signaling,-0.41196524276841523,-1.345043711404892,0.07107438016528926,0.7379230946350449,0.848,17/55,19.92%,AURKA;NFIL3;BUB1;MLLT11;NFKBIB;TBK1;ATP6V1D;RPA1;EPRS1;HPRT1;CDKN1A;TES;RPN1;PGM1;MCM2;CD9;SLC37A4,Treg,Baricitinib_vs._Baricitinib phosphate,Hallmark
4,prerank,Glycolysis,-0.4520379487485861,-1.3260509681234074,0.11774744027303755,0.6180980888786554,0.881,9/35,13.57%,AURKA;HMMR;SPAG4;FKBP4;IER3;SLC35A3;ME2;CDK1;ARPP19,Treg,Baricitinib_vs._Baricitinib phosphate,Hallmark
5,prerank,Interferon Alpha Response,0.40913504944542606,1.2935711954122895,0.11217183770883055,0.797350343473994,0.812,7/34,13.02%,PSME2;OAS1;CSF1;LAP3;HERC6;CASP8;PSMB9,Treg,Baricitinib_vs._Baricitinib phosphate,Hallmark
6,prerank,TNF-alpha Signaling via NF-kB,0.3428426236951049,1.275684619151137,0.1111111111111111,0.5842983316977429,0.847,20/72,13.88%,ATF3;CCL4;MYC;BCL6;CSF1;ICAM1;IL15RA;CD69;TNF;ID2;FOSB;GADD45A;EGR3;FUT4;TGIF1;BCL2A1;SMAD3;CD80;IL6ST;KLF9,Treg,Baricitinib_vs._Baricitinib phosphate,Hallmark
7,prerank,UV Response Dn,0.4158957501656729,1.2580717512507404,0.1686182669789227,0.47841020608439644,0.869,8/27,15.45%,INPP4B;MYC;RUNX1;DMAC2L;PIK3CD;SMAD3;INSIG1;MAP2K5,Treg,Baricitinib_vs._Baricitinib phosphate,Hallmark
8,prerank,Fatty Acid Metabolism,-0.46062035501438986,-1.2453483790828659,0.19767441860465115,0.7928897075754087,0.958,8/22,25.02%,BLVRA;CBR1;CRYZ;HADH;DLD;ACAT2;HMGCS1;PCBD1,Treg,Baricitinib_vs._Baricitinib phosphate,Hallmark
9,prerank,G2-M Checkpoint,-0.3655929663420716,-1.1917906588105636,0.2040133779264214,0.8530508864839972,0.986,10/53,13.02%,AURKA;HMMR;BUB1;NDC80;CENPE;CKS1B;KIF20B;CDK1;HIF1A;MTF2,Treg,Baricitinib_vs._Baricitinib phosphate,Hallmark
10,prerank,Complement,-0.3606938487122321,-1.187345728016285,0.2,0.7474490970691753,0.986,9/55,15.14%,CTSH;GZMB;CTSS;LIPA;HSPA1A;IRF2;LGALS3;LRP1;GNAI2,Treg,Baricitinib_vs._Baricitinib phosphate,Hallmark
11,prerank,Estrogen Response Early,-0.39704446470385313,-1.1558884117650723,0.2552845528455285,0.7573566658991481,0.993,3/29,3.69%,WFS1;PEX11A;FKBP4,Treg,Baricitinib_vs._Baricitinib phosphate,Hallmark
12,prerank,Pperoxisome,-0.4326668780483879,-1.1324600312965503,0.2998236331569665,0.746028091181211,0.998,9/19,31.76%,PEX11A;IDE;SCP2;MSH2;ABCC5;ISOC1;CAT;SMARCC1;ITGB1BP1,Treg,Baricitinib_vs._Baricitinib phosphate,Hallmark
13,prerank,E2F Targets,-0.3146059640923237,-1.072892099501556,0.34846029173419774,0.8519088187888556,0.999,24/69,27.06%,AURKA;HMMR;NUP107;HELLS;CENPE;PAICS;TIMELESS;CKS1B;RPA3;RPA1;CDK1;CDKN1A;MSH2;UBR7;MCM2;DNMT1;TP53;ILF3;RFC2;WEE1;MCM3;PCNA;CDKN1B;TFRC,Treg,Baricitinib_vs._Baricitinib phosphate,Hallmark
14,prerank,Interferon Gamma Response,0.2851644452333088,1.0573805286446396,0.3573200992555831,0.9437226038599934,0.994,13/77,13.02%,IRF5;PSME2;CD40;ICAM1;IL15RA;CD69;LAP3;NCOA3;KLRK1;IRF4;HERC6;CASP8;PSMB9,Treg,Baricitinib_vs._Baricitinib phosphate,Hallmark
15,prerank,PI3K/AKT/mTOR  Signaling,-0.33601627206729523,-1.045608689861585,0.3789649415692821,0.8558474452096373,0.999,14/39,23.29%,NFKBIB;NOD1;TBK1;PAK4;CDK1;CDKN1A;MAPK9;MYD88;CDK2;MAPK8;MKNK1;MAP3K7;RALB;IRAK4,Treg,Baricitinib_vs._Baricitinib phosphate,Hallmark
16,prerank,Allograft Rejection,0.2740468754122986,1.028348504950945,0.39896373056994816,0.8807000327118089,0.995,18/80,15.14%,CCL4;IL18RAP;CD8A;CD40;CSF1;ICAM1;TNF;IL12RB1;IRF4;CXCR3;IKBKB;LCK;ITGB2;CD80;CD28;DYRK3;IL2RA;TAPBP,Treg,Baricitinib_vs._Baricitinib phosphate,Hallmark
17,prerank,DNA Repair,-0.35045565540743984,-1.0279931261585769,0.4074074074074074,0.8359198710568732,0.999,12/30,25.57%,DDB2;RAE1;RFC5;POLR2I;RPA3;HPRT1;FEN1;ADA;TP53;VPS28;RFC2;PCNA,Treg,Baricitinib_vs._Baricitinib phosphate,Hallmark
18,prerank,Inflammatory Response,0.27437329281148426,0.9546315844150475,0.5288461538461539,0.9701855226879762,0.999,7/54,4.86%,IL18RAP;CD40;MYC;CSF1;ICAM1;IL15RA;CD69,Treg,Baricitinib_vs._Baricitinib phosphate,Hallmark
19,prerank,Apical Junction,-0.30725307488614345,-0.925630714820804,0.5711835334476844,1.0,1.0,8/34,21.57%,PTK2;CTNND1;CDH1;GNAI2;MPZL1;HADH;MAP4K2;CD274,Treg,Baricitinib_vs._Baricitinib phosphate,Hallmark
20,prerank,Cholesterol Homeostasis,0.32940535457290776,0.9234910336590126,0.5695364238410596,0.9381092574419365,0.999,3/21,7.61%,ATF3;TRIB3;EBP,Treg,Baricitinib_vs._Baricitinib phosphate,Hallmark
21,prerank,Estrogen Response Late,-0.3128731312395789,-0.9135805295514069,0.6013628620102215,1.0,1.0,10/31,20.08%,WFS1;FKBP4;DUSP2;MEST;CDH1;HPRT1;PTPN6;ETFB;CD9;ZFP36,Treg,Baricitinib_vs._Baricitinib phosphate,Hallmark
22,prerank,Myogenesis,0.3452719791951092,0.896537977669363,0.6093023255813953,0.9086250136299204,0.999,6/15,25.80%,GAA;NOTCH1;SORBS3;APP;AGL;FOXO4,Treg,Baricitinib_vs._Baricitinib phosphate,Hallmark
23,prerank,heme Metabolism,0.30513973909602077,0.8767011280638913,0.6177884615384616,0.863264638534511,0.999,3/22,6.27%,ARHGEF12;ABCB6;SLC25A37,Treg,Baricitinib_vs._Baricitinib phosphate,Hallmark
24,prerank,KRAS Signaling Up,0.2661649913609694,0.8440264138319874,0.7132701421800948,0.8538317423498973,1.0,12/36,27.29%,LAT2;ID2;ITGB2;PECAM1;ABCB1;PRDM1;IKZF1;ETS1;MAP3K1;CCND2;IL10RA;TNFRSF1B,Treg,Baricitinib_vs._Baricitinib phosphate,Hallmark
25,prerank,Myc Targets V1,-0.2994184960761763,-0.8308558825044551,0.7253521126760564,1.0,1.0,8/24,21.80%,RRM1;HDAC2;EPRS1;HPRT1;PWP1;CDK2;MCM2;HSPD1,Treg,Baricitinib_vs._Baricitinib phosphate,Hallmark
26,prerank,Hypoxia,-0.2601030718816943,-0.808074549952275,0.778534923339012,1.0,1.0,16/42,26.98%,NFIL3;DUSP1;IER3;FOXO3;CDKN1A;TES;JMJD6;FOSL2;PGM1;SLC37A4;ZFP36;JUN;BNIP3L;S100A4;CDKN1B;BCL2,Treg,Baricitinib_vs._Baricitinib phosphate,Hallmark
27,prerank,Xenobiotic Metabolism,-0.26944579131763285,-0.7715277232177273,0.8234295415959253,1.0,1.0,10/27,23.45%,CBR1;IL1R1;HPRT1;FAS;ARPP19;PPARD;PGRMC1;ABHD6;IRF8;TMEM97,Treg,Baricitinib_vs._Baricitinib phosphate,Hallmark
28,prerank,UV Response Up,0.24425422453206502,0.764263165124835,0.8543689320388349,0.9164213280994439,1.0,3/35,5.25%,ATF3;ICAM1;FOSB,Treg,Baricitinib_vs._Baricitinib phosphate,Hallmark
29,prerank,IL-6/JAK/STAT3 Signaling,-0.23323911233403222,-0.7297292459400877,0.8946459412780656,1.0,1.0,10/38,24.39%,TLR2;STAT1;IL1R1;IL4R;FAS;MYD88;CD9;TYK2;IL18R1;JUN,Treg,Baricitinib_vs._Baricitinib phosphate,Hallmark
30,prerank,p53 Pathway,-0.22304396032466106,-0.720469792683955,0.9226890756302522,1.0,1.0,18/51,27.69%,DDB2;RXRA;IER3;RAD9A;RRP8;FOXO3;CDKN1A;FAS;ADA;TP53;RALGDS;ABCC5;JUN;PCNA;S100A4;SESN1;CGRRF1;CD81,Treg,Baricitinib_vs._Baricitinib phosphate,Hallmark
31,prerank,Apoptosis,0.20414650617640798,0.714040901214164,0.9394736842105263,0.9046123650637881,1.0,7/59,7.76%,ATF3;CD69;TNF;GADD45A;CDC25B;EBP;EGR3,Treg,Baricitinib_vs._Baricitinib phosphate,Hallmark
32,prerank,Unfolded Protein Response,-0.2517126431174243,-0.7029927640948292,0.8743455497382199,1.0,1.0,4/26,10.90%,WFS1;PDIA6;CKS1B;HYOU1,Treg,Baricitinib_vs._Baricitinib phosphate,Hallmark
33,prerank,Adipogenesis,-0.2554843092278074,-0.6994947404086743,0.8734177215189873,1.0,1.0,8/23,19.45%,DNAJC15;SCP2;TANK;SQOR;HADH;ETFB;PGM1;DLD,Treg,Baricitinib_vs._Baricitinib phosphate,Hallmark
34,prerank,Epithelial Mesenchymal Transition,-0.2515218048624537,-0.6744411956028169,0.9108391608391608,1.0,1.0,4/21,13.18%,COL1A1;MEST;LRP1;FAS,Treg,Baricitinib_vs._Baricitinib phosphate,Hallmark
35,prerank,IL-2/STAT5 Signaling,-0.16064788645952519,-0.5383722197093636,0.9983818770226537,1.0,1.0,5/58,13.33%,NFIL3;SELP;CD79B;IL4R;SOCS2,Treg,Baricitinib_vs._Baricitinib phosphate,Hallmark
36,prerank,Oxidative Phosphorylation,-0.18682089545843933,-0.5163939424694186,0.9917355371900827,0.9938291503568961,1.0,4/24,19.45%,ATP6V1D;SUPV3L1;ETFB;DLD,Treg,Baricitinib_vs._Baricitinib phosphate,Hallmark
0,prerank,Spermatogenesis,0.6896075102796511,1.8125590636192326,0.003992015968063872,0.04395718053472617,0.044,7/15,14.98%,AURKA;BUB1;PARP2;CDK1;IDE;TOPBP1;MAST2,Treg,Canertinib_vs._Canertinib dihydrochloride,Hallmark
1,prerank,Complement,-0.43559945105203035,-1.6077012497789176,0.004098360655737705,0.28081299892430506,0.213,23/55,26.98%,PLAUR;GZMB;LRP1;PLSCR1;S100A13;CCL5;JAK2;PRCP;CD59;CTSD;HSPA1A;DOCK9;CASP3;CDK5R1;DPP4;IRF2;LAMP2;LGMN;STX4;IRF7;CASP7;TIMP2;ANXA5,Treg,Canertinib_vs._Canertinib dihydrochloride,Hallmark
2,prerank,Fatty Acid Metabolism,-0.48973920780389235,-1.464065088551391,0.06625258799171843,0.42574874030459153,0.518,7/22,9.80%,ACAT2;BLVRA;HADH;CBR1;BPHL;ACAA1;LGALS1,Treg,Canertinib_vs._Canertinib dihydrochloride,Hallmark
3,prerank,G2-M Checkpoint,0.41397564836647216,1.4466534567390588,0.02962962962962963,0.4180327868852459,0.582,20/53,19.76%,AURKA;BUB1;CDC7;HMMR;CENPE;CDK1;SMC4;NDC80;MNAT1;TFDP1;ATF5;CKS2;JPT1;SMC1A;SMARCC1;CENPF;PLK1;ILF3;MCM3;NASP,Treg,Canertinib_vs._Canertinib dihydrochloride,Hallmark
4,prerank,Cholesterol Homeostasis,-0.4842909542363736,-1.4133506793322537,0.0861344537815126,0.39932816244881014,0.644,5/21,6.59%,TRIB3;PLAUR;ACAT2;PLSCR1;EBP,Treg,Canertinib_vs._Canertinib dihydrochloride,Hallmark
5,prerank,Epithelial Mesenchymal Transition,-0.47210792698167336,-1.3983323341067473,0.0811965811965812,0.3286531166845949,0.673,8/21,15.37%,PLAUR;TPM1;LRP1;CD59;LGALS1;JUN;TGFB1;FAS,Treg,Canertinib_vs._Canertinib dihydrochloride,Hallmark
6,prerank,heme Metabolism,-0.4719998632954476,-1.3946423382543713,0.10294117647058823,0.26813112155352997,0.679,13/22,34.51%,BLVRA;ARHGEF12;SLC25A37;NNT;BNIP3L;NR3C1;LAMP2;SLC11A2;XPO7;PPOX;PSMD9;CAT;TRAK2,Treg,Canertinib_vs._Canertinib dihydrochloride,Hallmark
7,prerank,Myogenesis,0.5037216997488054,1.330009817371792,0.12427184466019417,0.5755460171346813,0.831,5/15,10.98%,COL1A1;NOTCH1;CDKN1A;AKT2;BHLHE40,Treg,Canertinib_vs._Canertinib dihydrochloride,Hallmark
8,prerank,Mitotic Spindle,0.3956075733734661,1.2509703820557505,0.1553398058252427,0.6699074313492269,0.933,8/31,7.92%,AURKA;BUB1;NCK2;CENPE;HDAC6;CDK1;SMC4;NDC80,Treg,Canertinib_vs._Canertinib dihydrochloride,Hallmark
9,prerank,Androgen Response,0.46022862706660983,1.244713188241517,0.1891891891891892,0.5538604747375497,0.937,11/17,41.18%,INPP4B;ZMIZ1;RRP12;AKT1;ARID5B;MAF;CCND3;APPBP2;RAB4A;INSIG1;HMGCS1,Treg,Canertinib_vs._Canertinib dihydrochloride,Hallmark
10,prerank,Inflammatory Response,-0.3161609443720826,-1.1684602979978391,0.1839323467230444,0.7618562343127819,0.977,20/54,25.65%,PLAUR;ACVR1B;CCL5;TNFRSF9;NFKBIA;LAMP3;ATP2C1;TLR1;IL1R1;OSM;CD40;GNA15;NOD2;SLAMF1;ICAM1;IL18RAP;CSF1;SLC11A2;IRF7;IL10RA,Treg,Canertinib_vs._Canertinib dihydrochloride,Hallmark
11,prerank,Pperoxisome,0.41100133893489094,1.1680633876178454,0.2553606237816764,0.6653651893606385,0.986,7/19,16.94%,PEX11A;CDK7;IDE;MSH2;MVP;SMARCC1;FIS1,Treg,Canertinib_vs._Canertinib dihydrochloride,Hallmark
12,prerank,Allograft Rejection,-0.29436366917446927,-1.1469749090465264,0.19205298013245034,0.7172378094644981,0.986,27/80,24.08%,CD8A;GZMB;CD79A;TRAT1;CCL5;JAK2;CCR5;ITGAL;MAP3K7;NCK1;TLR1;PSMB10;FYB1;TGFB1;IRF4;FAS;STAT4;CD40;IL16;PTPN6;DYRK3;BCL10;CD4;TRAF2;ICAM1;IL18RAP;CSF1,Treg,Canertinib_vs._Canertinib dihydrochloride,Hallmark
13,prerank,Glycolysis,0.350729257843236,1.1329124351119473,0.2667946257197697,0.6694050635716872,0.995,6/35,6.35%,AURKA;HMMR;DDIT4;CDK1;SLC37A4;NSDHL,Treg,Canertinib_vs._Canertinib dihydrochloride,Hallmark
14,prerank,UV Response Dn,0.37150227294253824,1.1230782279751548,0.2961608775137112,0.6111147023840305,0.997,6/27,16.31%,INPP4B;COL1A1;ACVR2A;BHLHE40;RUNX1;ZMIZ1,Treg,Canertinib_vs._Canertinib dihydrochloride,Hallmark
15,prerank,Hypoxia,0.3280701931668755,1.1147054476076772,0.3038461538461538,0.5595260668953589,0.998,11/42,15.92%,TGFB3;DDIT4;SLC37A4;CDKN1A;ATF3;HK1;NFIL3;BHLHE40;FOS;ZFP36;EXT1,Treg,Canertinib_vs._Canertinib dihydrochloride,Hallmark
16,prerank,Oxidative Phosphorylation,-0.36424655599324196,-1.1102274474211904,0.3034934497816594,0.7422295193342013,0.993,10/24,26.20%,ATP1B1;ETFB;ACAA1;CYCS;VDAC1;NNT;ALAS1;CASP7;SLC25A3;SUPV3L1,Treg,Canertinib_vs._Canertinib dihydrochloride,Hallmark
17,prerank,KRAS Signaling Up,-0.331478607899906,-1.1082253976881091,0.2961460446247465,0.6646662514861575,0.994,13/36,30.04%,PLAUR;TRIB1;ABCB1;LCP1;CLEC4A;LAT2;KIF5C;IL10RA;PECAM1;IRF8;ITGB2;MAP3K1;F2RL1,Treg,Canertinib_vs._Canertinib dihydrochloride,Hallmark
18,prerank,Apoptosis,-0.28874642013948304,-1.0795465794448968,0.33540372670807456,0.675196738945819,0.997,21/59,26.59%,IER3;PAK1;EGR3;WEE1;EBP;CD38;JUN;CASP3;DFFA;FAS;APP;BNIP3L;GNA15;ISG20;BCL10;BID;HSPB1;GADD45A;CASP7;TIMP2;CASP2,Treg,Canertinib_vs._Canertinib dihydrochloride,Hallmark
19,prerank,p53 Pathway,-0.29462214449070606,-1.0583963037321342,0.36231884057971014,0.6641515649045514,0.997,13/51,17.02%,TRIB3;IER3;ACVR1B;RRP8;ABCC5;CTSD;JUN;CDK5R1;TGFB1;FAS;PCNA;APP;S100A10,Treg,Canertinib_vs._Canertinib dihydrochloride,Hallmark
20,prerank,E2F Targets,0.275106119351019,1.0300179803093916,0.37777777777777777,0.6951388529761596,1.0,20/69,19.92%,AURKA;HMMR;CENPE;CDK1;CDKN1A;RAD51C;SMC4;MSH2;MTHFD2;CKS2;JPT1;TFRC;SMC1A;PSIP1;LIG1;PLK1;ILF3;MCM3;NASP;PAN2,Treg,Canertinib_vs._Canertinib dihydrochloride,Hallmark
21,prerank,Adipogenesis,-0.324950252691614,-0.9812634030060716,0.4682203389830508,0.8022419747494763,1.0,11/23,35.22%,HADH;ETFB;SCP2;TANK;DNAJC15;GADD45A;ACLY;PGM1;CAT;DHRS7;IFNGR1,Treg,Canertinib_vs._Canertinib dihydrochloride,Hallmark
22,prerank,TNF-alpha Signaling via NF-kB,0.2557190932739135,0.9739666992272586,0.5083179297597042,0.766373462086344,1.0,14/72,13.88%,CCL4;TNF;NFKBIE;CDKN1A;BCL6;FUT4;ATF3;SLC2A6;FOSB;NFIL3;TLR2;BHLHE40;FOS;ZFP36,Treg,Canertinib_vs._Canertinib dihydrochloride,Hallmark
23,prerank,IL-6/JAK/STAT3 Signaling,0.29625360133106615,0.9735619441935629,0.5027223230490018,0.7036811983934081,1.0,5/38,10.59%,TNF;SOCS1;STAT2;TLR2;IL1R2,Treg,Canertinib_vs._Canertinib dihydrochloride,Hallmark
24,prerank,Interferon Gamma Response,-0.253907714180786,-0.9653573188481461,0.512987012987013,0.7785941058884499,1.0,25/77,26.75%,IFIT2;PLSCR1;CCL5;JAK2;NFKBIA;IRF5;CD38;KLRK1;PSMB10;CASP3;IRF4;FAS;STAT4;CD40;PTPN6;IRF2;ISG20;CD274;CSF2RB;ICAM1;PNP;IRF7;IL10RA;CASP7;IRF8,Treg,Canertinib_vs._Canertinib dihydrochloride,Hallmark
25,prerank,mTORC1 Signaling,0.2645087320484318,0.949321413048648,0.5482041587901701,0.7002040727023919,1.0,11/55,14.12%,AURKA;BUB1;DDIT4;SLC37A4;TMEM97;CDKN1A;NFIL3;BHLHE40;MTHFD2;TFRC;ATP6V1D,Treg,Canertinib_vs._Canertinib dihydrochloride,Hallmark
26,prerank,Estrogen Response Late,-0.28689776162478137,-0.9244048862371745,0.5887265135699373,0.8273954432591131,1.0,6/31,10.82%,SLC1A4;JAK2;ETFB;EGR3;MICB;GALE,Treg,Canertinib_vs._Canertinib dihydrochloride,Hallmark
27,prerank,Unfolded Protein Response,0.28830026401095643,0.9181550129088768,0.5750487329434698,0.7148693474390326,1.0,7/26,20.00%,FKBP14;DDIT4;ATF3;MTHFD2;ATF6;DDX10;CNOT4,Treg,Canertinib_vs._Canertinib dihydrochloride,Hallmark
28,prerank,Estrogen Response Early,-0.2631926358244542,-0.8386269336876023,0.708984375,0.9723527524580574,1.0,5/29,9.57%,MUC1;SLC1A4;JAK2;EGR3;MICB,Treg,Canertinib_vs._Canertinib dihydrochloride,Hallmark
29,prerank,UV Response Up,0.24287541897669623,0.7982281200353024,0.7833001988071571,0.893444346761821,1.0,7/35,13.80%,PARP2;ATF3;STK25;FOSB;CDK2;TFRC;FOS,Treg,Canertinib_vs._Canertinib dihydrochloride,Hallmark
30,prerank,PI3K/AKT/mTOR  Signaling,0.23254569181284696,0.7781834512624631,0.837890625,0.8660663494854424,1.0,5/39,5.65%,RALB;NOD1;CDK1;CDKN1A;STAT2,Treg,Canertinib_vs._Canertinib dihydrochloride,Hallmark
31,prerank,Interferon Alpha Response,-0.23445898856562516,-0.7675060210239706,0.8288659793814434,1.0,1.0,3/34,7.45%,IFIT2;PLSCR1;LAMP3,Treg,Canertinib_vs._Canertinib dihydrochloride,Hallmark
32,prerank,DNA Repair,-0.23469244332262373,-0.7465688816761248,0.8616352201257862,1.0,1.0,9/30,24.24%,POLA1;GTF2A2;RPA3;RFC2;POLR2K;PCNA;RBX1;POLD3;PNP,Treg,Canertinib_vs._Canertinib dihydrochloride,Hallmark
33,prerank,Myc Targets V1,-0.233103697523025,-0.7137034575437672,0.8835758835758836,1.0,1.0,9/24,30.82%,MCM2;VDAC1;PCNA;PWP1;SLC25A3;HDAC2;PSMD7;RRM1;HSPD1,Treg,Canertinib_vs._Canertinib dihydrochloride,Hallmark
34,prerank,IL-2/STAT5 Signaling,0.1924717049644431,0.7078557814593411,0.9342359767891683,0.8999327713709468,1.0,8/58,10.98%,SOCS1;CTLA4;ICOS;ITGA6;NFIL3;IL1R2;RNH1;BHLHE40,Treg,Canertinib_vs._Canertinib dihydrochloride,Hallmark
35,prerank,Apical Junction,-0.19614191433663875,-0.6500437560020368,0.9539473684210527,1.0,1.0,13/34,29.73%,HADH;SORBS3;EPB41L2;PIK3CB;FYB1;AKT3;RASA1;CD274;ICAM1;STX4;PECAM1;SHC1;CD99,Treg,Canertinib_vs._Canertinib dihydrochloride,Hallmark
36,prerank,Xenobiotic Metabolism,-0.2067922015127464,-0.6442524823863505,0.9331896551724138,0.9549906584385438,1.0,9/27,27.92%,CBR1;BPHL;PSMB10;IL1R1;FAS;TNFRSF1A;ALAS1;IRF8;PGRMC1,Treg,Canertinib_vs._Canertinib dihydrochloride,Hallmark
0,prerank,Mitotic Spindle,-0.496892525753644,-1.3963134698924065,0.07600950118764846,1.0,0.822,8/31,13.88%,ECT2;AURKA;BUB1;ARHGEF12;NCK2;CEP57;ARHGEF2;KIF11,Treg,Erlotinib_vs._Erlotinib hydrochloride,Hallmark
1,prerank,E2F Targets,0.31012987175491563,1.3238819858621027,0.046875,0.7701907648422178,0.399,16/69,10.90%,CHEK1;HMMR;JPT1;CHEK2;USP1;NCAPD2;CKS1B;CDK1;WEE1;UBR7;CTCF;HMGB2;RAD51C;CENPE;CDKN1A;CBX5,Treg,Erlotinib_vs._Erlotinib hydrochloride,Hallmark
2,prerank,Estrogen Response Early,-0.4580062625424959,-1.305272925182127,0.1330977620730271,1.0,0.966,12/29,22.67%,WFS1;FKBP4;MINDY1;MICB;SLC1A4;NRIP1;BCL2;IGF1R;MYC;XBP1;IL6ST;DYNLT3,Treg,Erlotinib_vs._Erlotinib hydrochloride,Hallmark
3,prerank,Spermatogenesis,-0.5186239215547815,-1.2805429539689615,0.15211640211640212,1.0,0.977,5/15,14.67%,AURKA;BUB1;MAST2;MTOR;BRAF,Treg,Erlotinib_vs._Erlotinib hydrochloride,Hallmark
4,prerank,Allograft Rejection,-0.3922321470532685,-1.2722040281496465,0.09732620320855614,1.0,0.981,13/80,11.76%,GZMB;KLRD1;CD8A;CCR5;CD79A;TLR1;CCL5;MAP3K7;HIF1A;IL12RB1;CCND2;CD96;IFNGR1,Treg,Erlotinib_vs._Erlotinib hydrochloride,Hallmark
5,prerank,Estrogen Response Late,-0.43686868257195555,-1.2440187653939354,0.17985611510791366,0.9757510114363989,0.99,15/31,22.67%,MEST;WFS1;FKBP4;ID2;MICB;SLC1A4;NRIP1;BCL2;CD9;XBP1;GALE;ZFP36;DUSP2;IL6ST;DYNLT3,Treg,Erlotinib_vs._Erlotinib hydrochloride,Hallmark
6,prerank,Myc Targets V1,-0.43643297289999783,-1.2023976277311266,0.22867298578199052,1.0,0.998,8/24,24.16%,CDK2;TFDP1;MCM2;TOMM70;MYC;CDK4;RNPS1;SMARCC1,Treg,Erlotinib_vs._Erlotinib hydrochloride,Hallmark
7,prerank,Unfolded Protein Response,-0.4093695236452142,-1.1360843261533577,0.29914529914529914,1.0,1.0,12/26,27.53%,WFS1;FKBP14;SLC1A4;POP4;CNOT2;EDEM1;ATF6;XBP1;DDX10;TATDN2;EIF4G1;CNOT4,Treg,Erlotinib_vs._Erlotinib hydrochloride,Hallmark
8,prerank,KRAS Signaling Up,-0.39095050219579547,-1.1333803229142743,0.31139835487661577,1.0,1.0,18/36,38.04%,PECAM1;ID2;ATG10;LAT2;CCND2;F2RL1;FCER1G;KIF5C;GLRX;IRF8;PLAUR;TRIB2;AKT2;SATB1;ETS1;PSMB8;ITGB2;TNFRSF1B,Treg,Erlotinib_vs._Erlotinib hydrochloride,Hallmark
9,prerank,mTORC1 Signaling,-0.3598323202062936,-1.132462340383981,0.30242825607064017,0.963453785409123,1.0,14/55,18.27%,AURKA;TRIB3;BUB1;SLC37A4;CCNF;TXNRD1;SLC1A4;RPA1;MCM2;EDEM1;UNG;NMT1;CD9;XBP1,Treg,Erlotinib_vs._Erlotinib hydrochloride,Hallmark
10,prerank,PI3K/AKT/mTOR  Signaling,-0.3681047695868753,-1.0872570291720904,0.3538812785388128,1.0,1.0,6/39,7.45%,TRIB3;ECSIT;CDK2;MAP3K7;RALB;HRAS,Treg,Erlotinib_vs._Erlotinib hydrochloride,Hallmark
11,prerank,Complement,-0.34062234046977125,-1.0757918998262808,0.37485714285714283,0.9830408831714939,1.0,10/55,15.61%,GZMB;CTSH;CCL5;DOCK9;CSRP1;PLSCR1;PSMB9;CBLB;LRP1;GNAI2,Treg,Erlotinib_vs._Erlotinib hydrochloride,Hallmark
12,prerank,Pperoxisome,0.3246201209549616,1.0677088651483195,0.37104072398190047,1.0,0.835,4/19,7.92%,ABCC5;ECH1;IDE;ACAA1,Treg,Erlotinib_vs._Erlotinib hydrochloride,Hallmark
13,prerank,DNA Repair,-0.37303230071305143,-1.0500291561783661,0.401219512195122,0.9868831830779523,1.0,10/30,30.35%,POLD4;DDB2;ADA;POLB;RAE1;LIG1;RALA;GTF2A2;PRIM1;RPA3,Treg,Erlotinib_vs._Erlotinib hydrochloride,Hallmark
14,prerank,Fatty Acid Metabolism,0.3051870777109299,1.0342575376234533,0.3915343915343915,1.0,0.875,7/22,14.35%,HSD17B10;ECH1;UGDH;ACAA1;HADH;DECR1;CBR3,Treg,Erlotinib_vs._Erlotinib hydrochloride,Hallmark
15,prerank,Myogenesis,0.3294132703974604,1.0254979193252984,0.36213991769547327,0.8233196648243893,0.889,4/15,10.51%,COL1A1;GAA;ITGB1;CDKN1A,Treg,Erlotinib_vs._Erlotinib hydrochloride,Hallmark
16,prerank,IL-6/JAK/STAT3 Signaling,-0.3333330960884529,-0.9861283353918207,0.5017301038062284,1.0,1.0,19/38,38.12%,ITGA4;IL1R1;IL12RB1;IFNGR1;IL18R1;CD38;STAT1;CD9;IL6ST;TLR2;TYK2;MYD88;IFNAR1;IL17RA;PTPN1;PIM1;IL4R;TNFRSF1B;TNF,Treg,Erlotinib_vs._Erlotinib hydrochloride,Hallmark
17,prerank,Glycolysis,-0.33835768864247917,-0.9836852271467108,0.5101070154577884,1.0,1.0,4/35,4.71%,AURKA;SLC25A13;FKBP4;SLC37A4,Treg,Erlotinib_vs._Erlotinib hydrochloride,Hallmark
18,prerank,UV Response Up,0.24740214066512975,0.960359259789314,0.5298013245033113,0.8349438402567303,0.931,7/35,9.18%,ATF3;CASP3;FOS;FOSB;ACAA1;CLTB;ICAM1,Treg,Erlotinib_vs._Erlotinib hydrochloride,Hallmark
19,prerank,Epithelial Mesenchymal Transition,-0.354603038935965,-0.9538135657055369,0.5436156763590392,1.0,1.0,6/21,25.10%,MEST;ID2;LRP1;ITGA5;PLOD3;PLAUR,Treg,Erlotinib_vs._Erlotinib hydrochloride,Hallmark
20,prerank,IL-2/STAT5 Signaling,-0.3024855361170792,-0.9476176830678138,0.5883668903803132,1.0,1.0,27/58,38.04%,SOCS2;BCL2L1;BCL2;PLSCR1;CCND2;IGF1R;IFNGR1;IL18R1;CD81;MYC;XBP1;CTLA4;PRKCH;RNH1;TNFRSF4;IRF8;CCND3;FLT3LG;ITGA6;NFIL3;TIAM1;ICOS;PIM1;RORA;IL4R;IKZF2;TNFRSF1B,Treg,Erlotinib_vs._Erlotinib hydrochloride,Hallmark
21,prerank,UV Response Dn,0.2541720074831159,0.9442397773959733,0.5654761904761905,0.7397634753669697,0.94,4/27,6.75%,RXRA;COL1A1;INPP4B;INSIG1,Treg,Erlotinib_vs._Erlotinib hydrochloride,Hallmark
22,prerank,Oxidative Phosphorylation,0.26638851732542423,0.9386180574984182,0.5376884422110553,0.6450857040980057,0.942,6/24,12.47%,HSD17B10;ECH1;ACAA1;ATP6V1D;CYCS;DECR1,Treg,Erlotinib_vs._Erlotinib hydrochloride,Hallmark
23,prerank,Apical Junction,-0.31670356404025396,-0.9205828635116078,0.5986078886310905,1.0,1.0,8/34,15.61%,MAPK11;PECAM1;PTK2;MPZL1;HRAS;SORBS3;CTNND1;GNAI2,Treg,Erlotinib_vs._Erlotinib hydrochloride,Hallmark
24,prerank,Cholesterol Homeostasis,-0.3331479448961545,-0.8946179050022531,0.6166056166056166,1.0,1.0,6/21,18.43%,TRIB3;CXCL16;PLSCR1;NSDHL;CD9;ALDOC,Treg,Erlotinib_vs._Erlotinib hydrochloride,Hallmark
25,prerank,Xenobiotic Metabolism,-0.31476503307862663,-0.8865286833339748,0.656516443361754,0.9962309009119275,1.0,10/27,25.02%,ID2;IL1R1;ABHD6;CNDP2;NMT1;PGRMC1;ADH5;IRF8;BPHL;PSMB10,Treg,Erlotinib_vs._Erlotinib hydrochloride,Hallmark
26,prerank,Interferon Gamma Response,-0.2610188299478687,-0.8636017703533173,0.728448275862069,0.9962600745436588,1.0,31/77,39.69%,KLRK1;IRF5;CCL5;HIF1A;PLSCR1;IFITM2;PSMB9;CD38;STAT1;IFIT2;TXNIP;IRF8;OAS3;PSMB10;MYD88;BST2;ST3GAL5;ARID5B;IFI35;PTPN1;PIM1;CD40;NUP93;PSMB8;IL4R;HERC6;PTPN6;IFNAR2;MX1;MTHFD2;CD274,Treg,Erlotinib_vs._Erlotinib hydrochloride,Hallmark
27,prerank,p53 Pathway,-0.2718104349729655,-0.8433631347352702,0.7257336343115124,0.9874440808785048,1.0,11/51,21.10%,TRIB3;DDB2;ADA;HRAS;CCND2;ZBTB16;IRAK1;CD81;ABHD4;NOTCH1;TXNIP,Treg,Erlotinib_vs._Erlotinib hydrochloride,Hallmark
28,prerank,Interferon Alpha Response,-0.23907662917165434,-0.7004257754997846,0.8958579881656805,1.0,1.0,19/34,47.69%,LAMP3;PLSCR1;IFITM2;PSMB9;OAS1;IFIT2;CD47;TXNIP;BST2;IFI35;PSMB8;IL4R;HERC6;MX1;ISG20;RIPK2;STAT2;UBE2L6;IRF1,Treg,Erlotinib_vs._Erlotinib hydrochloride,Hallmark
29,prerank,G2-M Checkpoint,-0.22359349046292665,-0.6971254792268672,0.9232456140350878,1.0,1.0,9/53,14.59%,AURKA;BUB1;TFDP1;CCNF;HIF1A;MCM3;EWSR1;KIF11;MCM2,Treg,Erlotinib_vs._Erlotinib hydrochloride,Hallmark
30,prerank,TNF-alpha Signaling via NF-kB,-0.20993975461680398,-0.6819420902251169,0.9270152505446623,1.0,1.0,16/72,25.10%,EGR1;ID2;CCL5;TGIF1;NFKBIE;F2RL1;NFE2L2;MYC;IFIT2;ZFP36;DUSP2;SLC2A6;IL6ST;TLR2;BCL6;PLAUR,Treg,Erlotinib_vs._Erlotinib hydrochloride,Hallmark
31,prerank,heme Metabolism,-0.254637281243668,-0.6814144921381114,0.8983268983268984,1.0,1.0,14/22,50.75%,BLVRA;ARHGEF12;CCND3;XPO7;BNIP3L;NNT;SLC11A2;PSMD9;TFRC;FOXO3;PPOX;CAST;LAMP2;NR3C1,Treg,Erlotinib_vs._Erlotinib hydrochloride,Hallmark
32,prerank,Apoptosis,0.1469477731257466,0.6280140136090219,1.0,0.9700481369228027,0.994,8/59,10.51%,LGALS3;ATF3;CASP3;GNA15;WEE1;EGR3;HMGB2;CDKN1A,Treg,Erlotinib_vs._Erlotinib hydrochloride,Hallmark
33,prerank,Inflammatory Response,-0.1866455838875177,-0.5887403031700564,0.9788182831661093,1.0,1.0,6/54,8.78%,TLR1;OSM;IL1R1;CCL5;LAMP3;HIF1A,Treg,Erlotinib_vs._Erlotinib hydrochloride,Hallmark
34,prerank,Hypoxia,-0.19601878355469293,-0.5868827996690767,0.9770378874856487,1.0,1.0,18/42,43.06%,TGFB3;SLC37A4;BCL2;ALDOC;HK1;ZFP36;GLRX;PLAUR;BNIP3L;NFIL3;ETS1;PIM1;RORA;CDKN1B;ISG20;KDM3A;FOXO3;DDIT4,Treg,Erlotinib_vs._Erlotinib hydrochloride,Hallmark
35,prerank,Adipogenesis,-0.19744354868343328,-0.5277911460230021,0.9749687108886108,1.0,1.0,7/23,30.67%,IFNGR1;NMT1;DNAJC15;BCL6;REEP5;VEGFB;DLD,Treg,Erlotinib_vs._Erlotinib hydrochloride,Hallmark
36,prerank,Androgen Response,-0.18057316802194784,-0.4564990322305396,0.9899874843554443,0.9963365295785416,1.0,9/17,44.00%,RAB4A;CCND3;AKT1;HMGCR;ARID5B;RRP12;APPBP2;PTK2B;HMGCS1,Treg,Erlotinib_vs._Erlotinib hydrochloride,Hallmark
0,prerank,Mitotic Spindle,0.4628927910798134,1.4340788076457665,0.03711340206185567,0.9892703862660943,0.575,6/31,5.49%,CDK1;ECT2;NDC80;PLK1;ARHGEF12;KIF11,Treg,Gefitinib_vs._Gefitinib hydrochloride,Hallmark
1,prerank,DNA Repair,0.449939483892889,1.3617261923566282,0.10077519379844961,0.8095493562231759,0.757,14/30,27.45%,RFC5;POLB;POLA1;RALA;POLR2I;RAE1;LIG1;RNMT;GTF2A2;HPRT1;POLR1C;RAD51;RPA2;FEN1,Treg,Gefitinib_vs._Gefitinib hydrochloride,Hallmark
2,prerank,mTORC1 Signaling,-0.3493518698174795,-1.2078148513795668,0.16565656565656567,1.0,0.962,11/55,13.96%,TMEM97;CFP;CCNF;MCM2;UNG;MCM4;SQSTM1;RPN1;AURKA;NFIL3;EBP,Treg,Gefitinib_vs._Gefitinib hydrochloride,Hallmark
3,prerank,Estrogen Response Late,-0.38749525327112344,-1.1763445418166798,0.22424242424242424,1.0,0.974,5/31,3.22%,WFS1;MEST;ID2;GALE;DUSP2,Treg,Gefitinib_vs._Gefitinib hydrochloride,Hallmark
4,prerank,Androgen Response,0.4360368120122421,1.1663751690942854,0.26294820717131473,1.0,0.985,6/17,16.31%,AKT1;RAB4A;INPP4B;CDK6;ARID5B;HMGCR,Treg,Gefitinib_vs._Gefitinib hydrochloride,Hallmark
5,prerank,Xenobiotic Metabolism,-0.3990834082396052,-1.1647014260409667,0.22789783889980353,1.0,0.981,7/27,12.16%,TMEM97;ID2;ABCC2;ARG2;SLC35B1;ABHD6;ALAS1,Treg,Gefitinib_vs._Gefitinib hydrochloride,Hallmark
6,prerank,Interferon Alpha Response,0.36313426607901356,1.131792191994315,0.2525458248472505,1.0,0.993,13/34,27.92%,HERC6;PLSCR1;BST2;OAS1;IFI35;LAP3;LAMP3;CSF1;PSMB9;TXNIP;STAT2;RIPK2;IRF1,Treg,Gefitinib_vs._Gefitinib hydrochloride,Hallmark
7,prerank,Epithelial Mesenchymal Transition,-0.4024130551903606,-1.1295712260956894,0.2923387096774194,1.0,0.987,5/21,10.67%,MEST;ID2;GADD45A;LRP1;GADD45B,Treg,Gefitinib_vs._Gefitinib hydrochloride,Hallmark
8,prerank,Cholesterol Homeostasis,0.4017808808578972,1.1286031218037782,0.3094262295081967,1.0,0.993,4/21,3.53%,PLAUR;ATF3;PLSCR1;ALCAM,Treg,Gefitinib_vs._Gefitinib hydrochloride,Hallmark
9,prerank,Spermatogenesis,0.43472727874635586,1.1166745008348147,0.32827324478178366,0.9701359084406296,0.994,3/15,12.63%,CDK1;MAST2;IL12RB2,Treg,Gefitinib_vs._Gefitinib hydrochloride,Hallmark
10,prerank,Pperoxisome,0.3987119045516947,1.097565507112089,0.3284518828451883,0.8997547516860822,0.997,5/19,9.88%,PEX11A;ITGB1BP1;ABCC5;FIS1;ACAA1,Treg,Gefitinib_vs._Gefitinib hydrochloride,Hallmark
11,prerank,Hypoxia,0.3372445453698681,1.09687419554813,0.31650485436893205,0.7895654506437768,0.998,8/42,14.04%,PLAUR;ATF3;FOS;SLC37A4;GLRX;DDIT4;MAP3K1;FOSL2,Treg,Gefitinib_vs._Gefitinib hydrochloride,Hallmark
12,prerank,TNF-alpha Signaling via NF-kB,-0.301343574336805,-1.0896968373956193,0.29508196721311475,1.0,0.995,20/72,17.73%,CD80;ID2;DUSP2;TNF;CEBPB;SLC2A6;GADD45A;TANK;IL15RA;SQSTM1;GADD45B;BCL2A1;IER5;FOSB;NFIL3;IER3;CD83;F2RL1;ICAM1;BIRC2,Treg,Gefitinib_vs._Gefitinib hydrochloride,Hallmark
13,prerank,Inflammatory Response,0.3128102744911444,1.0735179960334353,0.32806324110671936,0.7787315212207916,1.0,10/54,16.24%,OSM;PLAUR;IL1R1;CCL5;BST2;TLR2;TLR1;LAMP3;TNFSF10;ACVR2A,Treg,Gefitinib_vs._Gefitinib hydrochloride,Hallmark
14,prerank,Estrogen Response Early,0.35298932484598844,1.064746412663872,0.35375494071146246,0.7272532188841202,1.0,5/29,10.27%,PEX11A;FOS;EGR3;MINDY1;SH3BP5,Treg,Gefitinib_vs._Gefitinib hydrochloride,Hallmark
15,prerank,Glycolysis,-0.3262391401364152,-1.0455270779148906,0.3675889328063241,1.0,0.998,17/35,27.45%,HMMR;SLC25A13;GALE;NASP;AURKA;EXT1;IER3;GNPDA1;G6PD;AGL;COG2;MIF;FKBP4;SLC35A3;STMN1;DLD;SPAG4,Treg,Gefitinib_vs._Gefitinib hydrochloride,Hallmark
16,prerank,G2-M Checkpoint,-0.29485933034443035,-1.0309635178489183,0.3894523326572008,0.9838624338624339,0.999,12/53,12.94%,HMMR;CCNF;ATF5;ABL1;CKS1B;MCM2;NASP;CENPF;MNAT1;CENPE;MCM3;AURKA,Treg,Gefitinib_vs._Gefitinib hydrochloride,Hallmark
17,prerank,Complement,0.28873552719664514,0.9984433730317124,0.4793233082706767,0.8336909871244634,1.0,5/55,3.45%,PLAUR;DPP4;CTSS;CCL5;PLSCR1,Treg,Gefitinib_vs._Gefitinib hydrochloride,Hallmark
18,prerank,PI3K/AKT/mTOR  Signaling,0.3028531593864223,0.9864461322418029,0.48140900195694714,0.797925608011445,1.0,11/39,20.24%,CDK1;NFKBIB;AKT1;PIN1;TBK1;IRAK4;NOD1;TIAM1;MAPK9;TRIB3;VAV3,Treg,Gefitinib_vs._Gefitinib hydrochloride,Hallmark
19,prerank,p53 Pathway,-0.2807007711657414,-0.948037923259154,0.5590551181102362,1.0,1.0,17/51,22.67%,ABHD4;ADA;FOXO3;GADD45A;ACVR1B;HRAS;CCND3;IER5;ZBTB16;BLCAP;IER3;CDK5R1;RXRA;TGFB1;CDKN1A;CCND2;RAD51C,Treg,Gefitinib_vs._Gefitinib hydrochloride,Hallmark
20,prerank,E2F Targets,-0.25878341700307894,-0.9364464214195108,0.5752032520325203,1.0,1.0,15/69,13.73%,HMMR;CKS1B;CHEK2;TIPIN;MCM2;UNG;MSH2;NASP;MCM4;ANP32E;RPA3;CENPE;MCM3;AURKA;HELLS,Treg,Gefitinib_vs._Gefitinib hydrochloride,Hallmark
21,prerank,Interferon Gamma Response,0.2544493723376441,0.9325067668102859,0.6037344398340249,0.8724826675470452,1.0,14/77,17.57%,CSF2RB;HERC6;CCL5;PLSCR1;BST2;MTHFD2;CD274;IFI35;NOD1;LAP3;TNFSF10;ARID5B;PSMB10;CD38,Treg,Gefitinib_vs._Gefitinib hydrochloride,Hallmark
22,prerank,Unfolded Protein Response,0.31019660017346457,0.9103567740963294,0.6252631578947369,0.8667228694052729,1.0,9/26,20.78%,ATF3;EIF4EBP1;MTHFD2;EXOSC4;DDIT4;BAG3;HERPUD1;NOLC1;PDIA6,Treg,Gefitinib_vs._Gefitinib hydrochloride,Hallmark
23,prerank,Apoptosis,-0.2553817799105443,-0.8922571887244725,0.670061099796334,1.0,1.0,16/59,22.04%,PTK2;TNF;GADD45A;SQSTM1;GADD45B;IGF2R;TIMP2;CASP3;EBP;IER3;CASP7;BCL2L1;PAK1;CDKN1A;DNM1L;CCND2,Treg,Gefitinib_vs._Gefitinib hydrochloride,Hallmark
24,prerank,UV Response Up,-0.284839199829621,-0.8882973608478939,0.6303501945525292,0.9915824915824916,1.0,14/35,24.39%,ABCB1;SQSTM1;PRKACA;RPN1;CCND3;ALAS1;CASP3;FOSB;CLTB;ICAM1;RAB27A;SLC25A4;FKBP4;STK25,Treg,Gefitinib_vs._Gefitinib hydrochloride,Hallmark
25,prerank,KRAS Signaling Up,0.2777480282336999,0.8877876757829017,0.6329365079365079,0.8603004291845493,1.0,3/36,3.76%,PLAUR;CTSS;ATG10,Treg,Gefitinib_vs._Gefitinib hydrochloride,Hallmark
26,prerank,Fatty Acid Metabolism,-0.3139436064527781,-0.8800134636364506,0.6130952380952381,0.9311728395061727,1.0,3/22,9.96%,CRYZ;HADH;CBR3,Treg,Gefitinib_vs._Gefitinib hydrochloride,Hallmark
27,prerank,Adipogenesis,-0.280038532604842,-0.7868905118444721,0.7768595041322314,1.0,1.0,5/23,10.43%,HADH;GADD45A;VEGFB;TANK;SLC5A6,Treg,Gefitinib_vs._Gefitinib hydrochloride,Hallmark
28,prerank,Oxidative Phosphorylation,0.25635454859936685,0.7473561474791477,0.828125,1.0,1.0,5/24,18.51%,ETFB;ACAA1;TIMM9;NNT;SLC25A3,Treg,Gefitinib_vs._Gefitinib hydrochloride,Hallmark
29,prerank,IL-2/STAT5 Signaling,-0.213270208169244,-0.7342061917178427,0.9120879120879121,1.0,1.0,15/58,23.76%,ABCB1;MUC1;TNFRSF18;GADD45B;CCND3;IGF2R;CASP3;NFIL3;CD83;BCL2L1;IL1R2;IRF8;CCND2;FLT3LG;BHLHE40,Treg,Gefitinib_vs._Gefitinib hydrochloride,Hallmark
30,prerank,UV Response Dn,0.2442604047765911,0.7236762672320014,0.877431906614786,1.0,1.0,3/27,7.06%,MAP2K5;INPP4B;DMAC2L,Treg,Gefitinib_vs._Gefitinib hydrochloride,Hallmark
31,prerank,Allograft Rejection,0.19024970146655312,0.7105253054857993,0.9634615384615385,1.0,1.0,9/80,11.45%,CD79A;KLRD1;CTSS;CCL5;AKT1;NCF4;TLR2;PRF1;TLR1,Treg,Gefitinib_vs._Gefitinib hydrochloride,Hallmark
32,prerank,Myogenesis,-0.27151306918006346,-0.7037360797194808,0.8385744234800838,1.0,1.0,8/15,32.24%,GADD45B;GAA;TGFB1;AGL;CDKN1A;BHLHE40;SORBS3;AKT2,Treg,Gefitinib_vs._Gefitinib hydrochloride,Hallmark
33,prerank,Myc Targets V1,0.23615526241105525,0.6830911621277913,0.918918918918919,0.9776372261124916,1.0,7/24,20.39%,RRM1;TFDP1;USP1;PWP1;SLC25A3;NOLC1;HPRT1,Treg,Gefitinib_vs._Gefitinib hydrochloride,Hallmark
34,prerank,IL-6/JAK/STAT3 Signaling,0.20385635386712223,0.6569702756628564,0.9594320486815415,0.9471030042918455,1.0,3/38,8.16%,CSF2RB;IL1R1;TLR2,Treg,Gefitinib_vs._Gefitinib hydrochloride,Hallmark
35,prerank,heme Metabolism,-0.2343861807383111,-0.6529911448485378,0.9115384615384615,1.0,1.0,3/22,11.14%,PPOX;FOXO3;CCND3,Treg,Gefitinib_vs._Gefitinib hydrochloride,Hallmark
36,prerank,Apical Junction,-0.1984686944448547,-0.620131204662567,0.9639065817409767,0.9661764705882353,1.0,4/34,11.92%,PTK2;HADH;HRAS;STX4,Treg,Gefitinib_vs._Gefitinib hydrochloride,Hallmark
0,prerank,TNF-alpha Signaling via NF-kB,-0.40993214915340553,-1.5123330243471864,0.01338432122370937,0.632976761342678,0.413,25/72,22.12%,EGR1;ATF3;NR4A1;TLR2;BHLHE40;CD83;CEBPB;CD80;RIPK2;FOSL2;SMAD3;CD69;ZFP36;TNF;NFKBIA;IER5;DUSP4;IL23A;TGIF1;BCL2A1;TIPARP;TNFAIP3;IFIH1;DUSP1;REL,Treg,NVP-BSK805_vs._NVP-BSK805 2HCl,Hallmark
1,prerank,Pperoxisome,0.5101611860991598,1.410466257988922,0.080078125,0.933917771736115,0.641,8/19,17.10%,ABCB1;IDE;CDK7;CAT;MSH2;MVP;ECH1;ISOC1,Treg,NVP-BSK805_vs._NVP-BSK805 2HCl,Hallmark
2,prerank,Complement,0.39240430719102376,1.3941571104421948,0.045064377682403435,0.5228874216279199,0.68,19/55,18.43%,PLSCR1;S100A13;JAK2;GZMB;FCER1G;CALM3;CTSS;CBLB;CTSD;APOBEC3G;LGALS3;DPP4;GNAI2;CSRP1;XPNPEP1;F5;IRF2;USP14;PLAUR,Treg,NVP-BSK805_vs._NVP-BSK805 2HCl,Hallmark
3,prerank,Adipogenesis,0.441214535286359,1.2975689022360113,0.14285714285714285,0.6445097930422238,0.876,13/23,34.75%,ETFB;CAT;DHRS7;HADH;DNAJC15;ECH1;BCL6;CHUK;STAT5A;VEGFB;DECR1;GADD45A;ACLY,Treg,NVP-BSK805_vs._NVP-BSK805 2HCl,Hallmark
4,prerank,Spermatogenesis,-0.4885055484883064,-1.277269466853723,0.16049382716049382,1.0,0.91,4/15,8.71%,BUB1;CDK1;PARP2;MAST2,Treg,NVP-BSK805_vs._NVP-BSK805 2HCl,Hallmark
5,prerank,Estrogen Response Late,0.39094600337488683,1.2339613568376908,0.18032786885245902,0.6751373245297675,0.938,8/31,15.61%,FOS;JAK2;ETFB;WFS1;CDH1;PTPN6;UGDH;TIAM1,Treg,NVP-BSK805_vs._NVP-BSK805 2HCl,Hallmark
6,prerank,PI3K/AKT/mTOR  Signaling,-0.37615833751510874,-1.2321011941732345,0.16037735849056603,1.0,0.954,12/39,23.37%,CLTC;CDK1;NFKBIB;PAK4;TRAF2;PIN1;MAPK8;SMAD2;CDK4;CDKN1B;CDK2;RALB,Treg,NVP-BSK805_vs._NVP-BSK805 2HCl,Hallmark
7,prerank,Epithelial Mesenchymal Transition,-0.4311372071803108,-1.2119037849845986,0.21374045801526717,0.9915160457395796,0.964,9/21,28.08%,LRP1;PLOD3;FAS;TGFB1;TNFAIP3;ITGB1;MEST;CALU;JUN,Treg,NVP-BSK805_vs._NVP-BSK805 2HCl,Hallmark
8,prerank,Apoptosis,-0.3263923679105863,-1.1605798789960964,0.21755725190839695,1.0,0.986,29/59,34.67%,ATF3;TNFSF10;DNM1L;CASP3;FAS;HMGB2;CREBBP;CD69;TNF;BAX;CDKN1B;CDK2;GNA15;PMAIP1;ISG20;PAK1;JUN;CYLD;PRF1;HSPB1;CDKN1A;IRF1;BID;SMAD7;CD38;BNIP3L;EBP;CD2;SPTAN1,Treg,NVP-BSK805_vs._NVP-BSK805 2HCl,Hallmark
9,prerank,UV Response Up,-0.35887352434510805,-1.138537669254281,0.27011494252873564,0.9275175212098857,0.989,8/35,14.35%,ATF3;NR4A1;PARP2;CASP3;ACAA1;TFRC;CCND3;NFKBIA,Treg,NVP-BSK805_vs._NVP-BSK805 2HCl,Hallmark
10,prerank,Xenobiotic Metabolism,-0.3667884615604978,-1.134145046767499,0.297244094488189,0.8103493702903515,0.99,6/27,12.78%,ABHD6;ABCC2;CBR1;FAS;TMEM97;PGRMC1,Treg,NVP-BSK805_vs._NVP-BSK805 2HCl,Hallmark
11,prerank,Mitotic Spindle,-0.35683178423164585,-1.1288024305367699,0.2922201138519924,0.7252397639247511,0.993,4/31,4.08%,BUB1;CENPE;ECT2;CDK1,Treg,NVP-BSK805_vs._NVP-BSK805 2HCl,Hallmark
12,prerank,Allograft Rejection,0.2938570995539261,1.1284034710966058,0.2286282306163022,0.873017810575376,0.99,17/80,14.27%,CCR5;JAK2;IL12RB1;GZMB;CCL4;CD8A;IL18RAP;IRF8;CD3G;CTSS;PTPN6;PTPRC;ITGAL;CD3D;STAT1;CD4;ACVR2A,Treg,NVP-BSK805_vs._NVP-BSK805 2HCl,Hallmark
13,prerank,mTORC1 Signaling,-0.3219992435252412,-1.1256573031130557,0.26104417670682734,0.6547399483585393,0.994,11/55,12.55%,BUB1;CFP;NFKBIB;BHLHE40;HMGCS1;INSIG1;SLC37A4;HSPA4;TFRC;HSPD1;TMEM97,Treg,NVP-BSK805_vs._NVP-BSK805 2HCl,Hallmark
14,prerank,Fatty Acid Metabolism,0.38249735593859874,1.117851893992844,0.29324894514767935,0.7605097190626792,0.991,8/22,18.98%,BLVRA;ACAT2;HADH;UGDH;ECH1;PCBD1;HSD17B10;PSME1,Treg,NVP-BSK805_vs._NVP-BSK805 2HCl,Hallmark
15,prerank,KRAS Signaling Up,0.3322705480274926,1.0757791585936667,0.3389830508474576,0.7750097098152361,0.997,6/36,6.67%,ABCB1;LY96;FCER1G;IRF8;ATG10;CTSS,Treg,NVP-BSK805_vs._NVP-BSK805 2HCl,Hallmark
16,prerank,Inflammatory Response,-0.307229130138175,-1.0704100602242217,0.3248031496062992,0.7414238288454446,1.0,10/54,14.35%,TLR2;NOD2;TNFSF10;TLR1;RIPK2;LTA;ADGRE1;CD69;SLAMF1;NFKBIA,Treg,NVP-BSK805_vs._NVP-BSK805 2HCl,Hallmark
17,prerank,p53 Pathway,0.3066614313160002,1.0648978444720265,0.35208333333333336,0.708206180990956,0.997,11/51,12.47%,ZBTB16;FOS;ABHD4;TRIB3;RXRA;CTSD;SESN1;RAD51C;PCNA;DDB2;APP,Treg,NVP-BSK805_vs._NVP-BSK805 2HCl,Hallmark
18,prerank,Glycolysis,-0.33176639606823144,-1.0498855638310762,0.3706422018348624,0.725730190134469,1.0,8/35,16.71%,ABCB6;CDK1;NASP;SLC37A4;GALE;ECD;HMMR;HS2ST1,Treg,NVP-BSK805_vs._NVP-BSK805 2HCl,Hallmark
19,prerank,E2F Targets,0.2842999180454726,1.0424571634400455,0.39147286821705424,0.6881084046927691,0.999,17/69,17.18%,CHEK1;PLK1;POLD3;MCM5;EED;MCM3;DNMT1;RAD51C;PCNA;UBR7;CHEK2;UBE2T;MSH2;SUV39H1;STMN1;PAICS;TMPO,Treg,NVP-BSK805_vs._NVP-BSK805 2HCl,Hallmark
20,prerank,Estrogen Response Early,-0.3134483195392637,-0.954566401395135,0.5383064516129032,0.9201401696790853,1.0,3/29,5.10%,MINDY1;MICB;BHLHE40,Treg,NVP-BSK805_vs._NVP-BSK805 2HCl,Hallmark
21,prerank,Interferon Alpha Response,0.28181308705530966,0.9097965889850625,0.6215686274509804,0.9782167230760695,1.0,13/34,26.27%,PLSCR1;HERC6;SELL;IFIT2;LAMP3;IFI35;IRF2;PSME1;MX1;PSMB9;IFITM2;LAP3;TXNIP,Treg,NVP-BSK805_vs._NVP-BSK805 2HCl,Hallmark
22,prerank,Androgen Response,-0.33358014931103064,-0.9013087540991989,0.6074074074074074,1.0,1.0,9/17,31.53%,HMGCS1;INSIG1;CCND3;RRP12;RAB4A;INPP4B;APPBP2;ARID5B;AKT1,Treg,NVP-BSK805_vs._NVP-BSK805 2HCl,Hallmark
23,prerank,heme Metabolism,-0.31623814228814345,-0.8973416149875868,0.6368932038834951,0.9427464825841808,1.0,10/22,24.24%,ABCB6;XPO7;FOXO3;TFRC;CCND3;FBXO7;PSMD9;LRP10;ARHGEF12;SLC25A37,Treg,NVP-BSK805_vs._NVP-BSK805 2HCl,Hallmark
24,prerank,Cholesterol Homeostasis,0.30970239217435436,0.8932338505330912,0.5840163934426229,0.9299632288035994,1.0,4/21,8.63%,PLSCR1;TRIB3;ACAT2;LGALS3,Treg,NVP-BSK805_vs._NVP-BSK805 2HCl,Hallmark
25,prerank,UV Response Dn,-0.2799632417644606,-0.8589544989865986,0.6679245283018868,0.9729988933972703,1.0,8/27,22.43%,BHLHE40;INSIG1;SMAD3;MAP2K5;MTA1;CDKN1B;DUSP1;INPP4B,Treg,NVP-BSK805_vs._NVP-BSK805 2HCl,Hallmark
26,prerank,G2-M Checkpoint,0.23855931531354174,0.8451523654508363,0.7567567567567568,0.9656549963934972,1.0,6/53,8.31%,CHEK1;CCNF;PLK1;MCM5;MCM3;NDC80,Treg,NVP-BSK805_vs._NVP-BSK805 2HCl,Hallmark
27,prerank,Apical Junction,-0.2652660745314037,-0.8394227864004365,0.6984732824427481,0.9535457395794911,1.0,4/34,6.67%,MPZL1;PECAM1;ITGA3;INSIG1,Treg,NVP-BSK805_vs._NVP-BSK805 2HCl,Hallmark
28,prerank,Myogenesis,0.3156775874826613,0.8220613935516022,0.7153996101364523,0.9373322122586951,1.0,1/15,0.78%,GAA,Treg,NVP-BSK805_vs._NVP-BSK805 2HCl,Hallmark
29,prerank,IL-2/STAT5 Signaling,-0.23252337498078257,-0.8175319914597308,0.7889733840304183,0.9426302428016577,1.0,15/58,19.76%,SELP;TNFSF10;BHLHE40;CD83;TNFRSF4;CASP3;IRF4;RNH1;MAPKAPK2;CCND3;TNFRSF1B;CD79B;CCR4;PIM1;CTLA4,Treg,NVP-BSK805_vs._NVP-BSK805 2HCl,Hallmark
30,prerank,Oxidative Phosphorylation,0.2711472588577273,0.8147539013551628,0.748995983935743,0.8834425852680304,1.0,11/24,31.61%,ETFB;TIMM9;ECH1;HSD17B10;VDAC1;TOMM70;CASP7;ATP6V1D;ATP1B1;OXA1L;DECR1,Treg,NVP-BSK805_vs._NVP-BSK805 2HCl,Hallmark
31,prerank,Hypoxia,-0.23532484756884317,-0.7763609912583014,0.8409090909090909,0.9620066396163777,1.0,13/42,24.47%,ATF3;BHLHE40;SLC37A4;FOXO3;FOSL2;ZFP36;TIPARP;PIM1;TNFAIP3;CDKN1B;DUSP1;KDM3A;MAP3K1,Treg,NVP-BSK805_vs._NVP-BSK805 2HCl,Hallmark
32,prerank,Interferon Gamma Response,-0.20749539192118077,-0.7741621004963894,0.8921568627450981,0.9145197926575938,1.0,17/77,19.61%,SELP;PSME2;TNFSF10;CASP3;IRF4;FAS;RIPK2;CSF2RB;CD69;IRF5;ST3GAL5;NFKBIA;IL7;MTHFD2;KLRK1;PIM1;TNFAIP3,Treg,NVP-BSK805_vs._NVP-BSK805 2HCl,Hallmark
33,prerank,Unfolded Protein Response,-0.2522497442635533,-0.7589472352568746,0.8313008130081301,0.8912025082995205,1.0,7/26,22.59%,ATF3;CEBPB;HERPUD1;MTHFD2;EIF4G1;CKS1B;SHC1,Treg,NVP-BSK805_vs._NVP-BSK805 2HCl,Hallmark
34,prerank,DNA Repair,-0.2427706910606638,-0.7489626580673949,0.860236220472441,0.8604099699636402,1.0,2/30,1.65%,RAD51;POLA1,Treg,NVP-BSK805_vs._NVP-BSK805 2HCl,Hallmark
35,prerank,IL-6/JAK/STAT3 Signaling,0.2231834280162896,0.7333338035475268,0.8931451612903226,0.9366402189794522,1.0,4/38,8.16%,IL1R2;IL12RB1;IL1R1;IL18R1,Treg,NVP-BSK805_vs._NVP-BSK805 2HCl,Hallmark
36,prerank,Myc Targets V1,0.22537277738879097,0.6546694982349269,0.9265658747300216,0.9466237585307662,1.0,7/24,21.02%,MCM5;PCNA;TFDP1;VDAC1;TOMM70;PWP1;EPRS1,Treg,NVP-BSK805_vs._NVP-BSK805 2HCl,Hallmark
0,prerank,Complement,0.4403878707495392,1.6179565143422534,0.0030864197530864196,0.20119889332923457,0.166,18/55,18.35%,CSRP1;PLSCR1;S100A13;LRP1;CTSD;IRF2;PRCP;PLAUR;CBLB;LAP3;GNAI2;PRKCD;CDK5R1;ANXA5;GZMB;CTSS;APOBEC3G;FCER1G,Treg,Ruxolitinib_vs._Ruxolitinib phosphate,Hallmark
1,prerank,TNF-alpha Signaling via NF-kB,-0.40270235995080045,-1.3979215276819028,0.039603960396039604,1.0,0.786,11/72,7.29%,SLC2A6;ATF3;CD80;NFIL3;CSF1;IFIT2;NR4A1;BCL6;NAMPT;FUT4;CEBPB,Treg,Ruxolitinib_vs._Ruxolitinib phosphate,Hallmark
2,prerank,UV Response Up,-0.4493757029326333,-1.3633048274318909,0.07413010590015129,0.9616891779222945,0.857,4/35,4.00%,PARP2;ATF3;SLC25A4;NR4A1,Treg,Ruxolitinib_vs._Ruxolitinib phosphate,Hallmark
3,prerank,G2-M Checkpoint,-0.3572555798395788,-1.208067094797543,0.18958031837916064,1.0,0.99,25/53,33.57%,PLK1;CHEK1;MCM2;CDC7;STMN1;CENPF;CDC25B;TMPO;HIF1A;NDC80;TFDP1;ATF5;HSPA8;MTF2;CKS1B;MNAT1;KIF11;MCM6;ILF3;AURKA;JPT1;CCNF;NOLC1;BUB1;LBR,Treg,Ruxolitinib_vs._Ruxolitinib phosphate,Hallmark
4,prerank,heme Metabolism,-0.4314188768401157,-1.1976017386078877,0.22112211221122113,1.0,0.992,11/22,36.78%,HEBP1;KLF3;ABCB6;PPOX;ARHGEF12;FOXO3;PSMD9;TFRC;NNT;FBXO7;TRAK2,Treg,Ruxolitinib_vs._Ruxolitinib phosphate,Hallmark
5,prerank,Hypoxia,-0.3636526476648015,-1.158571204639659,0.24345146379044685,1.0,0.996,10/42,21.73%,ATF3;NFIL3;SLC37A4;TGFB3;KDM3A;FOSL2;JUN;EXT1;ZFP36;FOXO3,Treg,Ruxolitinib_vs._Ruxolitinib phosphate,Hallmark
6,prerank,Epithelial Mesenchymal Transition,0.39300090291328266,1.1346487789109259,0.30402010050251255,1.0,0.969,4/21,10.75%,GADD45B;LRP1;PLAUR;LGALS1,Treg,Ruxolitinib_vs._Ruxolitinib phosphate,Hallmark
7,prerank,Estrogen Response Late,0.3494197303033422,1.1185969121338992,0.28254847645429365,1.0,0.973,7/31,11.29%,CD9;GALE;FKBP4;FOS;FDFT1;EGR3;XBP1,Treg,Ruxolitinib_vs._Ruxolitinib phosphate,Hallmark
8,prerank,Glycolysis,0.3353943767855563,1.109747409440798,0.3056379821958457,1.0,0.976,5/35,5.25%,GALE;FKBP4;CDK1;SLC25A13;IER3,Treg,Ruxolitinib_vs._Ruxolitinib phosphate,Hallmark
9,prerank,Cholesterol Homeostasis,0.3694510026143528,1.0967384343622382,0.32041343669250644,0.8783891792191824,0.981,5/21,7.84%,CD9;PLSCR1;ALCAM;FDFT1;PLAUR,Treg,Ruxolitinib_vs._Ruxolitinib phosphate,Hallmark
10,prerank,Spermatogenesis,-0.4368758003359732,-1.0961318492382188,0.3454231433506045,1.0,1.0,1/15,0.16%,PARP2,Treg,Ruxolitinib_vs._Ruxolitinib phosphate,Hallmark
11,prerank,Pperoxisome,-0.4179752415554078,-1.093269907250243,0.34318555008210183,1.0,1.0,9/19,21.02%,PEX11A;SLC25A4;ITGB1BP1;CDK7;MVP;ABCC5;ECH1;ACAA1;HSD17B11,Treg,Ruxolitinib_vs._Ruxolitinib phosphate,Hallmark
12,prerank,Estrogen Response Early,-0.37028286218962525,-1.0849971977485757,0.3599374021909233,0.990573411705853,1.0,4/29,2.98%,MICB;PEX11A;NRIP1;WFS1,Treg,Ruxolitinib_vs._Ruxolitinib phosphate,Hallmark
13,prerank,Interferon Gamma Response,0.2593815088430121,1.0455031041149596,0.37966101694915255,0.8942770775694231,0.988,22/77,19.45%,IRF5;PLSCR1;IRF4;IL15RA;IRF2;UBE2L6;RIPK2;SELP;BST2;CD40;NFKB1;ICAM1;LAP3;TNFSF10;NLRC5;STAT4;IL2RB;MTHFD2;IFI35;CDKN1A;CD38;NUP93,Treg,Ruxolitinib_vs._Ruxolitinib phosphate,Hallmark
14,prerank,Apical Junction,-0.34090955875000506,-1.030382383233422,0.4182098765432099,1.0,1.0,8/34,18.75%,CD274;PECAM1;CDH1;SORBS3;MAP4K2;MAPK11;PTK2;MAPK13,Treg,Ruxolitinib_vs._Ruxolitinib phosphate,Hallmark
15,prerank,Xenobiotic Metabolism,-0.3536057172470264,-1.0210371069376243,0.43328100470957615,0.9905494413873605,1.0,6/27,17.41%,IRF8;SLC35B1;ABHD6;ARG2;PGRMC1;ECH1,Treg,Ruxolitinib_vs._Ruxolitinib phosphate,Hallmark
16,prerank,DNA Repair,0.31791328255219925,1.002170403104849,0.4827586206896552,0.8960959114663387,0.996,9/30,19.69%,POLD3;PRIM1;RBX1;POLR2K;LIG1;TP53;ADA;GTF2A2;POLA1,Treg,Ruxolitinib_vs._Ruxolitinib phosphate,Hallmark
17,prerank,Unfolded Protein Response,-0.3400380949389482,-0.9744876823691078,0.5088566827697263,1.0,1.0,8/26,19.22%,ATF3;WFS1;BAG3;CEBPB;POP4;DDX10;EIF4G1;HYOU1,Treg,Ruxolitinib_vs._Ruxolitinib phosphate,Hallmark
18,prerank,KRAS Signaling Up,0.2904025819006506,0.9727658839604536,0.47277936962750716,0.8709652628343068,0.998,13/36,24.47%,ABCB1;F2RL1;LAT2;PLAUR;TRIB2;PRDM1;ST6GAL1;CTSS;FCER1G;PSMB8;CCND2;LCP1;IL7R,Treg,Ruxolitinib_vs._Ruxolitinib phosphate,Hallmark
19,prerank,Oxidative Phosphorylation,-0.3403574765889014,-0.957293061649155,0.5325732899022801,1.0,1.0,10/24,30.51%,SLC25A4;ETFB;ATP6V1D;ECH1;ACAA1;CYCS;TOMM70;ATP1B1;BAX;NNT,Treg,Ruxolitinib_vs._Ruxolitinib phosphate,Hallmark
20,prerank,Adipogenesis,-0.34003534665380936,-0.9482200246670996,0.5278219395866455,0.9625004810097357,1.0,6/23,17.41%,ETFB;BCL6;DNAJC15;ACLY;CHUK;ECH1,Treg,Ruxolitinib_vs._Ruxolitinib phosphate,Hallmark
21,prerank,mTORC1 Signaling,-0.2742445452447426,-0.9277449440840037,0.5949926362297496,0.9466221205841014,1.0,6/55,6.98%,PLK1;NFIL3;MCM2;SLC37A4;NAMPT;HSPA4,Treg,Ruxolitinib_vs._Ruxolitinib phosphate,Hallmark
22,prerank,IL-6/JAK/STAT3 Signaling,-0.292879722806611,-0.9111765779031777,0.6090225563909775,0.9241676393752432,1.0,11/38,21.10%,IL1R2;CSF1;SOCS1;STAT1;IL10RB;TNF;MYD88;ACVR1B;TLR2;JUN;STAT3,Treg,Ruxolitinib_vs._Ruxolitinib phosphate,Hallmark
23,prerank,Inflammatory Response,0.2370094489812787,0.8921517302342356,0.65,0.9910509956621238,0.999,17/54,18.67%,OSM;CXCR6;IL15RA;PLAUR;RIPK2;BST2;CD40;NFKB1;ICAM1;SLC11A2;CD48;TNFSF10;TNFRSF9;IL2RB;CCR7;IL1R1;CDKN1A,Treg,Ruxolitinib_vs._Ruxolitinib phosphate,Hallmark
24,prerank,Interferon Alpha Response,0.24542552776818585,0.8307162766765696,0.7735294117647059,1.0,0.999,6/34,11.61%,PLSCR1;IRF2;UBE2L6;RIPK2;BST2;LAP3,Treg,Ruxolitinib_vs._Ruxolitinib phosphate,Hallmark
25,prerank,Apoptosis,-0.23798031361777566,-0.796743478347933,0.811377245508982,1.0,1.0,18/59,34.98%,ATF3;GNA15;TNF;CDC25B;HSPB1;PTK2;JUN;IGF2R;RELA;CASP3;DNM1L;BAX;CD69;CREBBP;TXNIP;GADD45A;EBP;PAK1,Treg,Ruxolitinib_vs._Ruxolitinib phosphate,Hallmark
26,prerank,Mitotic Spindle,0.2450365162324446,0.7895766627031483,0.7864864864864864,1.0,1.0,2/31,2.27%,ECT2;CDK1,Treg,Ruxolitinib_vs._Ruxolitinib phosphate,Hallmark
27,prerank,IL-2/STAT5 Signaling,-0.23379767929248269,-0.7801549372128193,0.8212209302325582,1.0,1.0,8/58,11.37%,IL1R2;NFIL3;CSF1;IRF8;SOCS1;CTLA4;ICOS;PRKCH,Treg,Ruxolitinib_vs._Ruxolitinib phosphate,Hallmark
28,prerank,PI3K/AKT/mTOR  Signaling,-0.24792596790715318,-0.777898161913634,0.7847533632286996,1.0,1.0,16/39,31.76%,NOD1;DUSP3;ATF1;MYD88;AKT1;RALB;CLTC;TRIB3;PIN1;IRAK4;TRAF2;MAPK8;LCK;NFKBIB;MKNK1;STAT2,Treg,Ruxolitinib_vs._Ruxolitinib phosphate,Hallmark
29,prerank,Fatty Acid Metabolism,0.2534632626063963,0.7573155614665855,0.8032345013477089,0.9961317757967005,1.0,9/22,27.45%,PCBD1;UBE2L6;DECR1;LGALS1;CRYZ;CBR3;BLVRA;UGDH;S100A10,Treg,Ruxolitinib_vs._Ruxolitinib phosphate,Hallmark
30,prerank,p53 Pathway,-0.2275486209375215,-0.7429653741007288,0.877906976744186,1.0,1.0,10/51,21.73%,ATF3;ABHD4;SOCS1;ABCC5;CCP110;ACVR1B;JUN;TRIB3;RALGDS;FOXO3,Treg,Ruxolitinib_vs._Ruxolitinib phosphate,Hallmark
31,prerank,Androgen Response,-0.2795386209484223,-0.7405442153052723,0.831946755407654,0.9870497748874438,1.0,5/17,35.29%,AKT1;MAF;HMGCS1;ZMIZ1;RRP12,Treg,Ruxolitinib_vs._Ruxolitinib phosphate,Hallmark
32,prerank,Myc Targets V1,-0.2603918416751369,-0.7370126815474376,0.822866344605475,0.9441566021105792,1.0,10/24,37.33%,MCM2;RRM1;TFDP1;TOMM70;HPRT1;RNPS1;MCM6;NOLC1;MCM4;USP1,Treg,Ruxolitinib_vs._Ruxolitinib phosphate,Hallmark
33,prerank,E2F Targets,-0.19522559772971168,-0.6769095155038517,0.9598853868194842,0.9655680112783664,1.0,25/69,35.14%,PLK1;CHEK1;MCM2;PAN2;STMN1;CDC25B;TMPO;CCP110;RPA3;CKS1B;RPA1;ZW10;MCM6;ILF3;ASF1A;AURKA;TFRC;ANP32E;JPT1;TIPIN;TIMELESS;NOLC1;LBR;MCM4;TACC3,Treg,Ruxolitinib_vs._Ruxolitinib phosphate,Hallmark
34,prerank,Myogenesis,0.2388476509445514,0.668822156243067,0.8810126582278481,1.0,1.0,5/15,23.45%,GADD45B;CDKN1A;COL1A1;NOTCH1;BHLHE40,Treg,Ruxolitinib_vs._Ruxolitinib phosphate,Hallmark
35,prerank,Allograft Rejection,-0.18567135378508925,-0.655364148044483,0.9764216366158114,0.9401367350341837,1.0,9/80,13.73%,CD80;CSF1;IRF8;ACVR2A;SOCS1;STAT1;TNF;TLR1;AKT1,Treg,Ruxolitinib_vs._Ruxolitinib phosphate,Hallmark
36,prerank,UV Response Dn,0.16793583760588693,0.533768991141917,0.9827160493827161,0.9896249615739318,1.0,10/27,31.45%,DMAC2L;NFKB1;PIK3CD;MTA1;COL1A1;BHLHE40;TGFBR2;AKT3;RXRA;SMAD3,Treg,Ruxolitinib_vs._Ruxolitinib phosphate,Hallmark
0,prerank,KRAS Signaling Up,-0.5376871811196197,-1.6494642357606213,0.00819672131147541,0.22136105013216253,0.158,9/36,8.71%,IRF8;PLAUR;ID2;CLEC4A;PECAM1;TRIB1;FCER1G;ABCB1;TRIB2,Treg,Tofacitinib citrate_vs._Tofacitinib,Hallmark
1,prerank,Myogenesis,-0.5988775338736163,-1.505931059210487,0.05410122164048865,0.4052237802965817,0.472,8/15,21.10%,COL1A1;APP;AGL;ITGB1;GAA;SORBS3;GADD45B;RB1,Treg,Tofacitinib citrate_vs._Tofacitinib,Hallmark
2,prerank,Cholesterol Homeostasis,-0.4630440970068885,-1.2783196945366746,0.15716753022452504,1.0,0.945,5/21,11.45%,ATF3;PLAUR;NFIL3;ACAT2;CXCL16,Treg,Tofacitinib citrate_vs._Tofacitinib,Hallmark
3,prerank,TNF-alpha Signaling via NF-kB,-0.3581770470265024,-1.2569098118500965,0.12006319115323855,1.0,0.954,20/72,17.65%,ATF3;CCL5;ICAM1;PLAUR;ID2;SLC2A6;TRIB1;EGR3;FOS;IER3;NFIL3;FOSL2;NFKBIE;CSF1;CCL4;TLR2;BCL2A1;GADD45B;JUN;DUSP4,Treg,Tofacitinib citrate_vs._Tofacitinib,Hallmark
4,prerank,Pperoxisome,-0.4662170569442186,-1.245188782283021,0.1921182266009852,0.881089556919493,0.962,6/19,14.59%,PEX11A;SLC25A4;ABCB1;ABCC5;HSD17B11;IDE,Treg,Tofacitinib citrate_vs._Tofacitinib,Hallmark
5,prerank,Inflammatory Response,-0.3662106795661177,-1.2400342125532924,0.1346153846153846,0.7568209309618745,0.965,13/54,15.53%,OSM;CCL5;ICAM1;PLAUR;CD40;CXCR6;IL1R1;ACVR2A;LAMP3;ATP2C1;PSEN1;CSF1;TLR2,Treg,Tofacitinib citrate_vs._Tofacitinib,Hallmark
6,prerank,G2-M Checkpoint,0.3374565587892273,1.2000416944639594,0.17015706806282724,1.0,0.927,10/53,10.59%,BUB1;CENPE;CHEK1;NUSAP1;KIF11;TACC3;CCNF;MCM6;CDC7;ABL1,Treg,Tofacitinib citrate_vs._Tofacitinib,Hallmark
7,prerank,Estrogen Response Late,0.373548248358629,1.1953453319490621,0.19559902200489,1.0,0.927,5/31,7.45%,WFS1;MEST;BATF;ZFP36;PTPN6,Treg,Tofacitinib citrate_vs._Tofacitinib,Hallmark
8,prerank,Glycolysis,-0.3859598637694954,-1.1811836928886008,0.2231012658227848,0.8666086388858667,0.991,11/35,23.61%,AURKA;ABCB6;ME2;AGL;IER3;ECD;HS2ST1;STMN1;SLC25A13;GNPDA1;COG2,Treg,Tofacitinib citrate_vs._Tofacitinib,Hallmark
9,prerank,DNA Repair,-0.3839399676966668,-1.1533330822617434,0.2685025817555938,0.8574716634559384,0.994,20/30,38.59%,RNMT;MPC2;POLB;POLR2K;PNP;POLD4;CANT1;LIG1;HPRT1;RAD51;RPA3;ADA;RALA;RPA2;POLA1;DDB2;RAE1;PRIM1;NUDT9;POLR2I,Treg,Tofacitinib citrate_vs._Tofacitinib,Hallmark
10,prerank,mTORC1 Signaling,0.3183437302567158,1.1168271774142031,0.28272251308900526,0.9573767513681677,0.969,10/55,10.82%,BUB1;UNG;GPI;MLLT11;CCNF;DDIT4;PSMG1;RPN1;TMEM97;RPA1,Treg,Tofacitinib citrate_vs._Tofacitinib,Hallmark
11,prerank,Complement,0.3133310625504667,1.107616366363972,0.2992125984251969,0.7454526875127733,0.971,25/55,22.12%,CTSH;CEBPB;IRF1;DPP4;LRP1;APOBEC3G;STX4;LIPA;CASP3;CD46;JAK2;F5;CASP10;CD59;RAF1;LAP3;CBLB;DOCK9;S100A13;IRF7;LGALS3;CASP7;PRCP;LCK;CDK5R1,Treg,Tofacitinib citrate_vs._Tofacitinib,Hallmark
12,prerank,Hypoxia,-0.34721607571783136,-1.1041593999523405,0.3044189852700491,0.9417588817705301,0.997,9/42,18.67%,ATF3;PLAUR;FOS;IER3;NFIL3;FOSL2;GAA;JUN;XPNPEP1,Treg,Tofacitinib citrate_vs._Tofacitinib,Hallmark
13,prerank,Estrogen Response Early,0.3536349225766631,1.1033154724381358,0.30198019801980197,0.6050820900606309,0.974,2/29,1.10%,WFS1;MINDY1,Treg,Tofacitinib citrate_vs._Tofacitinib,Hallmark
14,prerank,Epithelial Mesenchymal Transition,-0.397453715543762,-1.09015364501735,0.3577371048252912,0.8988710183235519,0.998,7/21,17.49%,COL1A1;PLAUR;ID2;ITGB1;PLOD3;GADD45B;JUN,Treg,Tofacitinib citrate_vs._Tofacitinib,Hallmark
15,prerank,Allograft Rejection,-0.29892486372276034,-1.0816795717414975,0.3136288998357964,0.8425575589233132,0.998,15/80,15.53%,IRF8;CCL5;CD8A;ICAM1;CD40;KLRD1;IL7;MAP3K7;NCF4;ACVR2A;CXCR3;CSF1;CD4;CCL4;TLR2,Treg,Tofacitinib citrate_vs._Tofacitinib,Hallmark
16,prerank,IL-6/JAK/STAT3 Signaling,0.3280844438835534,1.0737798028110956,0.3465346534653465,0.5610055180870631,0.984,7/38,9.02%,CD38;IRF1;IL15RA;ACVR1B;IL2RA;IL18R1;TNFRSF1A,Treg,Tofacitinib citrate_vs._Tofacitinib,Hallmark
17,prerank,Mitotic Spindle,-0.3524947833108803,-1.0577403677610926,0.380327868852459,0.8419985663724744,0.998,5/31,5.10%,ECT2;AURKA;NDC80;CENPF;PLK1,Treg,Tofacitinib citrate_vs._Tofacitinib,Hallmark
18,prerank,UV Response Up,-0.34687969315614986,-1.0571739059468637,0.37800687285223367,0.7786251649877832,0.998,7/35,12.08%,PARP2;ATF3;ICAM1;SLC25A4;ABCB1;FOS;TFRC,Treg,Tofacitinib citrate_vs._Tofacitinib,Hallmark
19,prerank,Xenobiotic Metabolism,-0.35096281065229845,-1.0259299333534513,0.415973377703827,0.808978732391662,0.999,6/27,9.88%,IRF8;ID2;BPHL;IL1R1;ARG2;PGRMC1,Treg,Tofacitinib citrate_vs._Tofacitinib,Hallmark
20,prerank,Unfolded Protein Response,0.3273363173435011,0.9900576598152174,0.45685279187817257,0.6576936926415774,0.998,3/26,6.12%,WFS1;CEBPB;DDIT4,Treg,Tofacitinib citrate_vs._Tofacitinib,Hallmark
21,prerank,PI3K/AKT/mTOR  Signaling,-0.313030918869126,-0.9890651471633712,0.47704918032786886,0.8543165628780073,1.0,5/39,7.45%,CLTC;NFKBIB;MAP3K7;VAV3;NOD1,Treg,Tofacitinib citrate_vs._Tofacitinib,Hallmark
22,prerank,E2F Targets,0.2650669660377722,0.9864203423049489,0.5012987012987012,0.5832311465358675,0.998,19/69,18.51%,CENPE;UNG;CHEK1;UBE2T;TACC3;ANP32E;MCM6;TIMELESS;SLBP;PAICS;RPA1;ATAD2;RFC2;PSIP1;CTCF;PCNA;DNMT1;HMGB2;NUP107,Treg,Tofacitinib citrate_vs._Tofacitinib,Hallmark
23,prerank,IL-2/STAT5 Signaling,-0.27903082960115255,-0.9423348633278018,0.5915721231766613,0.9339803324223825,1.0,16/58,25.41%,IL1R2;IRF8;ABCB1;CD79B;NFIL3;PNP;PRKCH;CSF1;NCOA3;GADD45B;IRF4;CCND3;CD81;FLT3LG;PRAF2;CD48,Treg,Tofacitinib citrate_vs._Tofacitinib,Hallmark
24,prerank,Spermatogenesis,-0.36228856640583657,-0.9348319141056708,0.5391156462585034,0.8964019638588825,1.0,2/15,1.41%,PARP2;AURKA,Treg,Tofacitinib citrate_vs._Tofacitinib,Hallmark
25,prerank,Interferon Alpha Response,-0.30295752654621466,-0.9320301160912158,0.5638126009693053,0.8533891850723534,1.0,14/34,30.43%,IL7;LAMP3;PSME2;CSF1;IFI35;MX1;OAS1;CD47;PSMB8;RIPK2;PSME1;ELF1;STAT2;IFIH1,Treg,Tofacitinib citrate_vs._Tofacitinib,Hallmark
26,prerank,Interferon Gamma Response,-0.2530467551750436,-0.9109281414670989,0.6467889908256881,0.8569862225565257,1.0,16/77,19.06%,IRF5;IRF8;CCL5;ICAM1;CD40;IL7;NOD1;PNP;PSME2;CD274;MTHFD2;MYD88;IFI35;NCOA3;IRF4;MX1,Treg,Tofacitinib citrate_vs._Tofacitinib,Hallmark
27,prerank,Apical Junction,-0.2952619472621513,-0.9070881344526068,0.5996621621621622,0.821818018905963,1.0,8/34,16.31%,MPZL1;ICAM1;PECAM1;MAPK11;ITGB1;CD274;PTK2;SORBS3,Treg,Tofacitinib citrate_vs._Tofacitinib,Hallmark
28,prerank,p53 Pathway,-0.254515700379081,-0.8626672602453194,0.6891025641025641,0.8757096136245816,1.0,16/51,26.20%,ATF3;APP;ABCC5;FOS;ZBTB16;IER3;CGRRF1;MAPKAPK3;JUN;CCND3;CTSD;RB1;CD81;GADD45A;ADA;IER5,Treg,Tofacitinib citrate_vs._Tofacitinib,Hallmark
29,prerank,UV Response Dn,-0.2785935118814966,-0.8013744911730295,0.7661016949152543,0.9579116282668991,1.0,7/27,21.18%,COL1A1;ACVR2A;ATP2C1;TGFBR2;PRKCE;ZMIZ1;MAP2K5,Treg,Tofacitinib citrate_vs._Tofacitinib,Hallmark
30,prerank,Apoptosis,-0.2109562453754834,-0.7263983734220798,0.912396694214876,1.0,1.0,14/59,23.76%,ATF3;WEE1;EGR3;APP;DNM1L;IER3;PSEN1;PTK2;GADD45B;JUN;HSPB1;BID;PAK1;GADD45A,Treg,Tofacitinib citrate_vs._Tofacitinib,Hallmark
31,prerank,Adipogenesis,0.24452959296689766,0.7151898839945818,0.8498845265588915,0.991211935417944,1.0,7/23,24.94%,BCL6;DECR1;STAT5A;VEGFB;HADH;REEP5;DLD,Treg,Tofacitinib citrate_vs._Tofacitinib,Hallmark
32,prerank,Myc Targets V1,-0.2530319581741952,-0.7136474704397031,0.863481228668942,1.0,1.0,5/24,20.16%,MCM2;RNPS1;TFDP1;TOMM70;HPRT1,Treg,Tofacitinib citrate_vs._Tofacitinib,Hallmark
33,prerank,heme Metabolism,-0.25525788146955014,-0.7111672808988222,0.8809106830122592,0.9692468975404327,1.0,2/22,3.06%,ABCB6;XPO7,Treg,Tofacitinib citrate_vs._Tofacitinib,Hallmark
34,prerank,Androgen Response,0.2651078186308627,0.6926784049610755,0.8588235294117647,0.9151168335717692,1.0,4/17,17.02%,INPP4B;TMEM50A;ARID5B;INSIG1,Treg,Tofacitinib citrate_vs._Tofacitinib,Hallmark
35,prerank,Oxidative Phosphorylation,-0.23618028316989187,-0.6580528006033004,0.9215017064846417,0.9776081854617763,1.0,12/24,32.71%,SLC25A4;ETFB;HSD17B10;TOMM70;PDHX;ATP1B1;OXA1L;SDHB;NNT;ALAS1;VDAC1;SUPV3L1,Treg,Tofacitinib citrate_vs._Tofacitinib,Hallmark
36,prerank,Fatty Acid Metabolism,-0.22576541673129036,-0.6264574116477526,0.9438202247191011,0.9595448232606066,1.0,6/22,19.69%,BPHL;ACAT2;HSD17B11;CRYZ;HSD17B10;PCBD1,Treg,Tofacitinib citrate_vs._Tofacitinib,Hallmark
